"screen","title","element","asset","sourceAsset","text","x","yTop","width","height","yScene2D","z","hitX","hitY","hitWidth","hitHeight","target"
"title","머지냥 디펜스","background-1","assets/placed/f13521a79c0180a52b.png","assets/backgrounds/workshop.png","","0","0","1080","1920","0","0","","","","",""
"title","머지냥 디펜스","text-3","assets/text/ba00237d11c8b1788a.png","","MERGE CAT DEFENSE","120","180","840","47","1693","1","","","","",""
"title","머지냥 디펜스","text-4","assets/text/d0513380d723365844.png","","머지냥 디펜스","89","249","900","126","1545","2","","","","",""
"title","머지냥 디펜스","subtitle-back-text-5","assets/placed/33da3a8f6b5b2c6695.png","assets/ui/panel-cream.png","","66","363","948","66","1491","3","","","","",""
"title","머지냥 디펜스","text-5","assets/text/8f8b8aa3e3c2239b81.png","","고양이가 만들고, 고양이가 지켜요","80","368","920","53","1499","4","","","","",""
"title","머지냥 디펜스","shadow-cat-smith-6","assets/placed/4239dea042bd080d53.png","assets/ui/ground-shadow.png","","351","1097","377","31","792","5","","","","",""
"title","머지냥 디펜스","cat-smith-6","assets/placed/f8b0cb569d229069b0.png","assets/characters/cat-smith.png","","285","604","510","510","806","6","","","","",""
"title","머지냥 디펜스","shadow-cat-warrior-7","assets/placed/446d03b3f6ff395646.png","assets/ui/ground-shadow.png","","88","1343","259","31","546","7","","","","",""
"title","머지냥 디펜스","cat-warrior-7","assets/placed/4e3e8eaf8530a12b9d.png","assets/characters/cat-warrior.png","","42","1010","350","350","560","8","","","","",""
"title","머지냥 디펜스","shadow-cat-tank-8","assets/placed/446d03b3f6ff395646.png","assets/ui/ground-shadow.png","","736","1343","259","31","546","9","","","","",""
"title","머지냥 디펜스","cat-tank-8","assets/placed/b6add6f126e791fe47.png","assets/characters/cat-tank.png","","690","1010","350","350","560","10","","","","",""
"title","머지냥 디펜스","button-9","assets/placed/f1f1d398f7498d511f.png","assets/ui/button-yellow-normal.png","","160","1500","760","120","300","11","160","1494","760","132","login"
"title","머지냥 디펜스","icon-paw-10","assets/placed/3eb50e025a30a9b03e.png","assets/icons/paw.png","","412","1523","56","56","341","12","","","","",""
"title","머지냥 디펜스","text-11","assets/text/fa79698efae2463c3f.png","","터치하여 시작","244","1527","662","48","345","13","","","","",""
"title","머지냥 디펜스","text-12","assets/text/50a3be35cf27a7399c.png","","© MERGE CAT • UI ASSET PACK","130","1784","820","38","98","14","","","","",""
"login","반가워요, 집사님","background-1","assets/placed/f13521a79c0180a52b.png","assets/backgrounds/workshop.png","","0","0","1080","1920","0","0","","","","",""
"login","반가워요, 집사님","resource-bar-3","assets/placed/67b2bb1183ebc40ed1.png","assets/ui/panel-cream.png","","30","28","1020","90","1802","1","","","","",""
"login","반가워요, 집사님","title-bar-4","assets/placed/21cf35d5dcee417b8d.png","assets/ui/panel-cream.png","","30","128","1020","104","1688","2","","","","",""
"login","반가워요, 집사님","icon-energy-5","assets/placed/9fa198e8f4245dbd0f.png","assets/icons/energy.png","","52","43","54","54","1823","3","","","","",""
"login","반가워요, 집사님","text-6","assets/text/4f65a133e0ebec885a.png","","40/50","113","50","195","47","1823","4","","","","",""
"login","반가워요, 집사님","icon-gold-7","assets/placed/0274a23a232ef47921.png","assets/icons/gold.png","","368","43","54","54","1823","5","","","","",""
"login","반가워요, 집사님","text-8","assets/text/ed149040bb71721e2c.png","","12,500","429","50","195","47","1823","6","","","","",""
"login","반가워요, 집사님","icon-gem-9","assets/placed/e238412bd856f270d9.png","assets/icons/gem.png","","684","43","54","54","1823","7","","","","",""
"login","반가워요, 집사님","text-10","assets/text/b710de3b8f0ad3e447.png","","320","745","50","195","47","1823","8","","","","",""
"login","반가워요, 집사님","button-11","assets/placed/a55e725f8d802af4a0.png","assets/ui/button-cream-normal.png","","38","138","76","76","1706","9","10","110","132","132","title"
"login","반가워요, 집사님","icon-back-12","assets/placed/dc05be2a4b9c6fda0c.png","assets/icons/back.png","","48","141","56","56","1723","10","","","","",""
"login","반가워요, 집사님","text-13","assets/text/04b02e5961972571b3.png","","반가워요, 집사님","138","143","742","65","1712","11","","","","",""
"login","반가워요, 집사님","button-14","assets/placed/a55e725f8d802af4a0.png","assets/ui/button-cream-normal.png","","958","138","76","76","1706","12","930","110","132","132","settings"
"login","반가워요, 집사님","icon-gear-15","assets/placed/71b09a6dc991d6f600.png","assets/icons/gear.png","","968","141","56","56","1723","13","","","","",""
"login","반가워요, 집사님","shadow-cat-smith-16","assets/placed/9281e188c6350ac762.png","assets/ui/ground-shadow.png","","385","683","311","31","1206","14","","","","",""
"login","반가워요, 집사님","cat-smith-16","assets/placed/136758c24e6a01dd77.png","assets/characters/cat-smith.png","","330","280","420","420","1220","15","","","","",""
"login","반가워요, 집사님","panel-17","assets/placed/3baa246fd0544b20fe.png","assets/ui/panel-cream.png","","64","735","952","868","317","16","","","","",""
"login","반가워요, 집사님","text-18","assets/text/a000b371154a21a4f7.png","","어떤 이름으로 불러드릴까요?","108","800","860","60","1060","17","","","","",""
"login","반가워요, 집사님","panel-19","assets/placed/5e0b1273117ba62845.png","assets/ui/panel-lavender.png","","108","890","864","112","918","18","","","","",""
"login","반가워요, 집사님","text-20","assets/text/78332d7740bf288d73.png","","머지집사","144","919","720","56","945","19","","","","",""
"login","반가워요, 집사님","text-21","assets/text/e73fc213fb60a33611.png","","2~10자 · 언제든 프로필에서 변경할 수 있어요","110","1032","870","38","850","20","","","","",""
"login","반가워요, 집사님","button-22","assets/placed/8c7d610737a27e665d.png","assets/ui/button-mint-normal.png","","108","1166","864","110","644","21","108","1155","864","132","workshop"
"login","반가워요, 집사님","text-23","assets/text/eaed94c57dcae524b3.png","","Google로 계속하기","125","1184","832","48","688","22","","","","",""
"login","반가워요, 집사님","button-24","assets/placed/96460184cd4457d493.png","assets/ui/button-yellow-normal.png","","108","1304","864","110","506","23","108","1293","864","132","tutorial"
"login","반가워요, 집사님","text-25","assets/text/f5fba239aae70ae4c9.png","","체험 전투 먼저 해보기","125","1326","832","48","546","24","","","","",""
"login","반가워요, 집사님","text-26","assets/text/30a580b4e151468c94.png","","이용약관 · 개인정보처리방침","111","1480","860","42","398","25","","","","",""
"workshop","냥이들의 대장간","background","assets/placed/f13521a79c0180a52b.png","assets/backgrounds/workshop.png","","0","0","1080","1920","0","0","","","","",""
"workshop","냥이들의 대장간","panel-cream-1","assets/placed/aeea6a9162ecca60be.png","assets/ui/panel-cream.png","","28","24","332","84","1812","1","","","","",""
"workshop","냥이들의 대장간","energy-2","assets/placed/9fa198e8f4245dbd0f.png","assets/icons/energy.png","","45","39","54","54","1827","2","","","","",""
"workshop","냥이들의 대장간","label-3","assets/text/fcf0369b63d5e3ae8c.png","","40/50","113","41","225","48","1831","3","","","","",""
"workshop","냥이들의 대장간","panel-cream-4","assets/placed/aeea6a9162ecca60be.png","assets/ui/panel-cream.png","","374","24","332","84","1812","4","","","","",""
"workshop","냥이들의 대장간","gold-5","assets/placed/0274a23a232ef47921.png","assets/icons/gold.png","","391","39","54","54","1827","5","","","","",""
"workshop","냥이들의 대장간","label-6","assets/text/2aaefa170c707ca330.png","","12,500","459","41","225","48","1831","6","","","","",""
"workshop","냥이들의 대장간","panel-cream-7","assets/placed/aeea6a9162ecca60be.png","assets/ui/panel-cream.png","","720","24","332","84","1812","7","","","","",""
"workshop","냥이들의 대장간","gem-8","assets/placed/e238412bd856f270d9.png","assets/icons/gem.png","","737","39","54","54","1827","8","","","","",""
"workshop","냥이들의 대장간","label-9","assets/text/04bf6b0176ade687be.png","","320","805","41","225","48","1831","9","","","","",""
"workshop","냥이들의 대장간","title-banner-10","assets/placed/c7e44287f5565b282a.png","assets/ui/title-banner.png","","150","123","780","135","1662","10","","","","",""
"workshop","냥이들의 대장간","label-11","assets/text/52481f718270435da7.png","","냥이들의 대장간","182","157","714","72","1691","11","","","","",""
"workshop","냥이들의 대장간","button-cream-normal-12","assets/placed/54145a8c7dc277b074.png","assets/ui/button-cream-normal.png","","28","140","92","92","1688","12","28","140","92","92","modes"
"workshop","냥이들의 대장간","back-13","assets/placed/684b7bc9151e735643.png","assets/icons/back.png","","47","152","54","54","1714","13","","","","",""
"workshop","냥이들의 대장간","button-cream-normal-14","assets/placed/54145a8c7dc277b074.png","assets/ui/button-cream-normal.png","","960","140","92","92","1688","14","960","140","92","92","settings"
"workshop","냥이들의 대장간","gear-15","assets/placed/df1483c483c132da85.png","assets/icons/gear.png","","979","151","54","54","1715","15","","","","",""
"workshop","냥이들의 대장간","panel-cream-16","assets/placed/01ac4c2ebc83c43078.png","assets/ui/panel-cream.png","","18","1746","1044","157","17","16","","","","",""
"workshop","냥이들의 대장간","panel-mint-17","assets/placed/781a57819a38fb1e94.png","assets/ui/panel-mint.png","","33","1755","198","139","26","17","","","","",""
"workshop","냥이들의 대장간","forge-18","assets/placed/bab1d6a5f417a1bb97.png","assets/icons/forge.png","","98","1767","70","70","83","18","","","","",""
"workshop","냥이들의 대장간","label-19","assets/text/38a971f1dc000a8df5.png","","대장간","41","1803","182","47","70","19","","","","",""
"workshop","냥이들의 대장간","nav-workshop","","","","33","1754","198","140","26","20","33","1754","198","140","workshop"
"workshop","냥이들의 대장간","cat-21","assets/placed/164bb5461c096b7f70.png","assets/icons/cat.png","","301","1767","70","70","83","21","","","","",""
"workshop","냥이들의 대장간","label-22","assets/text/7536732c62c51e71e3.png","","고양이","450","1803","182","47","70","22","","","","",""
"workshop","냥이들의 대장간","nav-cats","","","","237","1754","198","140","26","23","237","1754","198","140","cats"
"workshop","냥이들의 대장간","sword-24","assets/placed/efffa4b7a4db7016a9.png","assets/icons/sword.png","","505","1767","70","70","83","24","","","","",""
"workshop","냥이들의 대장간","label-25","assets/text/36750979eee5d3d31f.png","","전투","449","1803","182","47","70","25","","","","",""
"workshop","냥이들의 대장간","nav-modes","","","","441","1754","198","140","26","26","441","1754","198","140","modes"
"workshop","냥이들의 대장간","shop-27","assets/placed/08eaabb2f272930ef7.png","assets/icons/shop.png","","710","1767","70","70","83","27","","","","",""
"workshop","냥이들의 대장간","label-28","assets/text/1ceb9aa500e58ff2c1.png","","상점","450","1803","182","47","70","28","","","","",""
"workshop","냥이들의 대장간","nav-shop","","","","645","1754","198","140","26","29","645","1754","198","140","shop"
"workshop","냥이들의 대장간","trophy-30","assets/placed/1d1c0284cd20ff4bd8.png","assets/icons/trophy.png","","914","1767","70","70","83","30","","","","",""
"workshop","냥이들의 대장간","label-31","assets/text/585230f47c36d6fa4b.png","","랭킹","450","1803","182","47","70","31","","","","",""
"workshop","냥이들의 대장간","nav-ranking","","","","849","1754","198","140","26","32","849","1754","198","140","ranking"
"workshop","냥이들의 대장간","subtitle-back-label-33","assets/placed/107472c4981890ff99.png","assets/ui/panel-cream.png","","96","272","828","63","1585","33","","","","",""
"workshop","냥이들의 대장간","label-33","assets/text/068d0e89892b87f6a3.png","","작은 발로 만드는 커다란 모험","112","280","800","50","1590","34","","","","",""
"workshop","냥이들의 대장간","shadow-cat-smith-34","assets/placed/eacbc56f9daf0a7ed9.png","assets/ui/ground-shadow.png","","376","908","318","31","981","35","","","","",""
"workshop","냥이들의 대장간","cat-smith-34","assets/placed/fbc5425c2835881551.png","assets/characters/cat-smith.png","","320","445","430","480","995","36","","","","",""
"workshop","냥이들의 대장간","shadow-cat-warrior-35","assets/placed/19dc4d470b32ec7ffd.png","assets/ui/ground-shadow.png","","99","908","196","31","981","37","","","","",""
"workshop","냥이들의 대장간","cat-warrior-35","assets/placed/3a175e72662caa384b.png","assets/characters/cat-warrior.png","","65","650","265","275","995","38","","","","",""
"workshop","냥이들의 대장간","shadow-cat-tank-36","assets/placed/19dc4d470b32ec7ffd.png","assets/ui/ground-shadow.png","","781","908","196","31","981","39","","","","",""
"workshop","냥이들의 대장간","cat-tank-36","assets/placed/ff75e42f3bad8d3a5b.png","assets/characters/cat-tank.png","","747","650","265","275","995","40","","","","",""
"workshop","냥이들의 대장간","button-cream-normal-37","assets/placed/dc8a73ebfcd6baa962.png","assets/ui/button-cream-normal.png","","43","342","190","88","1490","41","43","342","190","88","mail"
"workshop","냥이들의 대장간","mail-38","assets/placed/1e002595d028910137.png","assets/icons/mail.png","","62","352","54","54","1514","42","","","","",""
"workshop","냥이들의 대장간","label-39","assets/text/0815a0ee78348c0d28.png","","우편함","124","354","92","52","1514","43","","","","",""
"workshop","냥이들의 대장간","button-mint-normal-40","assets/placed/d5ff82ebde53efbac1.png","assets/ui/button-mint-normal.png","","846","342","190","88","1490","44","846","342","190","88","events"
"workshop","냥이들의 대장간","flag-41","assets/placed/4aa0077dac1b15812d.png","assets/icons/flag.png","","867","350","54","54","1516","45","","","","",""
"workshop","냥이들의 대장간","label-42","assets/text/3c6f975a97679ec8ef.png","","이벤트","925","353","92","52","1515","46","","","","",""
"workshop","냥이들의 대장간","button-cream-normal-43","assets/placed/dc8a73ebfcd6baa962.png","assets/ui/button-cream-normal.png","","846","455","190","88","1377","47","846","455","190","88","codex"
"workshop","냥이들의 대장간","book-44","assets/placed/cb5557ef0a1f40e3b2.png","assets/icons/book.png","","880","464","54","54","1402","48","","","","",""
"workshop","냥이들의 대장간","label-45","assets/text/3a930f9651fbb5e032.png","","도감","927","467","92","52","1401","49","","","","",""
"workshop","냥이들의 대장간","panel-mint-46","assets/placed/4152f8d18878a30ed3.png","assets/ui/panel-mint.png","","45","948","990","183","789","50","","","","",""
"workshop","냥이들의 대장간","chest-47","assets/placed/fb900a9f2c1c8908e9.png","assets/icons/chest.png","","66","970","150","142","808","51","","","","",""
"workshop","냥이들의 대장간","label-48","assets/text/5407d5914974480075.png","","방치 보상이 도착했어요","239","978","715","58","884","52","","","","",""
"workshop","냥이들의 대장간","label-49","assets/text/b1b4b6196e45fb62b1.png","","03:25 / 최대 08:00","243","1040","510","47","833","53","","","","",""
"workshop","냥이들의 대장간","button-yellow-normal-50","assets/placed/ca2ab2ebd8dd49484a.png","assets/ui/button-yellow-normal.png","","791","1021","212","86","813","54","791","1021","212","86","offline"
"workshop","냥이들의 대장간","label-51","assets/text/327ab3f811a2777543.png","","받기","810","1033","176","52","835","55","","","","",""
"workshop","냥이들의 대장간","panel-cream-52","assets/placed/0f754da57e2ac381be.png","assets/ui/panel-cream.png","","45","1157","990","226","537","56","","","","",""
"workshop","냥이들의 대장간","label-53","assets/text/0c5796a72ac52ebf66.png","","공방 Lv.12","82","1188","870","63","669","57","","","","",""
"workshop","냥이들의 대장간","progress-track-54","assets/placed/95fc71441bef8abed9.png","assets/ui/progress-track.png","","84","1264","912","43","613","58","","","","",""
"workshop","냥이들의 대장간","progress-mint-55","assets/placed/ffbb1cb8b1ea229a32.png","assets/ui/progress-mint.png","","92","1271","287","29","620","59","","","","",""
"workshop","냥이들의 대장간","label-56","assets/text/063ca79ea7b60fbdac.png","","320 / 1,000","85","1265","912","40","615","60","","","","",""
"workshop","냥이들의 대장간","label-57","assets/text/29ef5e0569306d5a72.png","","더 좋은 장비를 만드는 따뜻한 공방","84","1326","910","44","550","61","","","","",""
"workshop","냥이들의 대장간","button-yellow-normal-58","assets/placed/8c1f3d51f81272f582.png","assets/ui/button-yellow-normal.png","","45","1413","476","105","402","62","45","1413","476","105","forge-growth"
"workshop","냥이들의 대장간","forge-59","assets/placed/7e5b8b798e3ba43b17.png","assets/icons/forge.png","","171","1431","54","54","435","63","","","","",""
"workshop","냥이들의 대장간","label-60","assets/text/5ba46eebcfddeda33a.png","","대장간 성장","128","1434","378","52","434","64","","","","",""
"workshop","냥이들의 대장간","button-mint-normal-61","assets/placed/f0de1883ba0c79ce12.png","assets/ui/button-mint-normal.png","","547","1413","488","105","402","65","547","1413","488","105","smith-growth"
"workshop","냥이들의 대장간","cat-62","assets/placed/6835b6293964d2bd07.png","assets/icons/cat.png","","664","1429","54","54","437","66","","","","",""
"workshop","냥이들의 대장간","label-63","assets/text/47381ddb4d1b6968f7.png","","머지냥이 성장","632","1432","390","52","436","67","","","","",""
"workshop","냥이들의 대장간","button-yellow-normal-64","assets/placed/42fecfaa1e86d98bf6.png","assets/ui/button-yellow-normal.png","","45","1560","990","129","231","68","45","1560","990","129","modes"
"workshop","냥이들의 대장간","sword-65","assets/placed/6173136cdc88651b2d.png","assets/icons/sword.png","","428","1588","54","54","278","69","","","","",""
"workshop","냥이들의 대장간","label-66","assets/text/31419ddfe3471c54ab.png","","모험 떠나기","131","1591","892","52","277","70","","","","",""
"forge-growth","대장간 성장","background-1","assets/placed/f13521a79c0180a52b.png","assets/backgrounds/workshop.png","","0","0","1080","1920","0","0","","","","",""
"forge-growth","대장간 성장","resource-bar-3","assets/placed/67b2bb1183ebc40ed1.png","assets/ui/panel-cream.png","","30","28","1020","90","1802","1","","","","",""
"forge-growth","대장간 성장","title-bar-4","assets/placed/21cf35d5dcee417b8d.png","assets/ui/panel-cream.png","","30","128","1020","104","1688","2","","","","",""
"forge-growth","대장간 성장","icon-energy-5","assets/placed/9fa198e8f4245dbd0f.png","assets/icons/energy.png","","52","43","54","54","1823","3","","","","",""
"forge-growth","대장간 성장","text-6","assets/text/4f65a133e0ebec885a.png","","40/50","113","50","195","47","1823","4","","","","",""
"forge-growth","대장간 성장","icon-gold-7","assets/placed/0274a23a232ef47921.png","assets/icons/gold.png","","368","43","54","54","1823","5","","","","",""
"forge-growth","대장간 성장","text-8","assets/text/ed149040bb71721e2c.png","","12,500","429","50","195","47","1823","6","","","","",""
"forge-growth","대장간 성장","icon-gem-9","assets/placed/e238412bd856f270d9.png","assets/icons/gem.png","","684","43","54","54","1823","7","","","","",""
"forge-growth","대장간 성장","text-10","assets/text/b710de3b8f0ad3e447.png","","320","745","50","195","47","1823","8","","","","",""
"forge-growth","대장간 성장","button-11","assets/placed/a55e725f8d802af4a0.png","assets/ui/button-cream-normal.png","","38","138","76","76","1706","9","10","110","132","132","workshop"
"forge-growth","대장간 성장","icon-back-12","assets/placed/dc05be2a4b9c6fda0c.png","assets/icons/back.png","","48","141","56","56","1723","10","","","","",""
"forge-growth","대장간 성장","text-13","assets/text/800fac534161756e51.png","","대장간 성장","138","143","742","65","1712","11","","","","",""
"forge-growth","대장간 성장","button-14","assets/placed/a55e725f8d802af4a0.png","assets/ui/button-cream-normal.png","","958","138","76","76","1706","12","930","110","132","132","settings"
"forge-growth","대장간 성장","icon-gear-15","assets/placed/71b09a6dc991d6f600.png","assets/icons/gear.png","","968","141","56","56","1723","13","","","","",""
"forge-growth","대장간 성장","bottom-nav-16","assets/placed/8a8204f9fa1fc6115b.png","assets/ui/panel-cream.png","","24","1734","1032","160","26","14","","","","",""
"forge-growth","대장간 성장","active-tab-17","assets/placed/f669ab757bc5fc9425.png","assets/ui/panel-mint.png","","39","1744","190","135","41","15","","","","",""
"forge-growth","대장간 성장","nav-hit-18","","","","39","1743","190","139","38","16","39","1743","190","139","workshop"
"forge-growth","대장간 성장","icon-forge-19","assets/placed/12ef2fd983b0f617f0.png","assets/icons/forge.png","","105","1753","60","60","107","17","","","","",""
"forge-growth","대장간 성장","text-20","assets/text/0d36b2df9353d9a6a4.png","","대장간","44","1790","180","44","86","18","","","","",""
"forge-growth","대장간 성장","nav-hit-21","","","","243","1743","190","139","38","19","243","1743","190","139","cats"
"forge-growth","대장간 성장","icon-cat-22","assets/placed/75618a37a684a9366c.png","assets/icons/cat.png","","308","1753","60","60","107","20","","","","",""
"forge-growth","대장간 성장","text-23","assets/text/b2c2d20f3863ead9e4.png","","고양이","453","1792","180","44","84","21","","","","",""
"forge-growth","대장간 성장","nav-hit-24","","","","447","1743","190","139","38","22","447","1743","190","139","modes"
"forge-growth","대장간 성장","icon-sword-25","assets/placed/2f37f0487b559d4738.png","assets/icons/sword.png","","512","1753","60","60","107","23","","","","",""
"forge-growth","대장간 성장","text-26","assets/text/37a71f4045908e9a35.png","","전투","452","1792","180","44","84","24","","","","",""
"forge-growth","대장간 성장","nav-hit-27","","","","651","1743","190","139","38","25","651","1743","190","139","shop"
"forge-growth","대장간 성장","icon-shop-28","assets/placed/48f9aabd0f0ed93c20.png","assets/icons/shop.png","","716","1753","60","60","107","26","","","","",""
"forge-growth","대장간 성장","text-29","assets/text/e93cf34436b725b2bc.png","","상점","453","1792","180","44","84","27","","","","",""
"forge-growth","대장간 성장","nav-hit-30","","","","855","1743","190","139","38","28","855","1743","190","139","ranking"
"forge-growth","대장간 성장","icon-trophy-31","assets/placed/f021e42cfce953f174.png","assets/icons/trophy.png","","920","1753","60","60","107","29","","","","",""
"forge-growth","대장간 성장","text-32","assets/text/ae295d719fe151b0fc.png","","랭킹","453","1792","180","44","84","30","","","","",""
"forge-growth","대장간 성장","panel-33","assets/placed/4405b4a78e9acda39f.png","assets/ui/panel-cream.png","","48","260","984","148","1512","31","","","","",""
"forge-growth","대장간 성장","icon-forge-34","assets/placed/cc3109fb19ae684c0c.png","assets/icons/forge.png","","72","292","72","72","1556","32","","","","",""
"forge-growth","대장간 성장","text-35","assets/text/5e90feaef4644b1d3b.png","","생산 시작 단계","168","280","814","51","1589","33","","","","",""
"forge-growth","대장간 성장","text-36","assets/text/fb5d4877443e02d61d.png","","Lv.3 · 1단계 → 2단계","168","333","834","39","1548","34","","","","",""
"forge-growth","대장간 성장","row-hit-37","","","","48","260","984","148","1512","35","48","260","984","148","upgrade"
"forge-growth","대장간 성장","icon-back-38","assets/placed/75eff27796b699b40d.png","assets/icons/back.png","","972","309","34","34","1577","36","","","","",""
"forge-growth","대장간 성장","panel-39","assets/placed/4405b4a78e9acda39f.png","assets/ui/panel-cream.png","","48","430","984","148","1342","37","","","","",""
"forge-growth","대장간 성장","icon-plus-40","assets/placed/73c724dcc37a2cccca.png","assets/icons/plus.png","","72","462","72","72","1386","38","","","","",""
"forge-growth","대장간 성장","text-41","assets/text/211e57fb69bebc64bf.png","","보드 확장","168","450","814","51","1419","39","","","","",""
"forge-growth","대장간 성장","text-42","assets/text/b6c814091d7d0b4a07.png","","35칸 · 확장 단계 확인","168","503","834","39","1378","40","","","","",""
"forge-growth","대장간 성장","row-hit-43","","","","48","430","984","148","1342","41","48","430","984","148","upgrade"
"forge-growth","대장간 성장","icon-back-44","assets/placed/75eff27796b699b40d.png","assets/icons/back.png","","972","479","34","34","1407","42","","","","",""
"forge-growth","대장간 성장","panel-45","assets/placed/4405b4a78e9acda39f.png","assets/ui/panel-cream.png","","48","600","984","148","1172","43","","","","",""
"forge-growth","대장간 성장","icon-energy-46","assets/placed/21d7319266d98259e9.png","assets/icons/energy.png","","72","632","72","72","1216","44","","","","",""
"forge-growth","대장간 성장","text-47","assets/text/3cb1cb3d3b3e9793e9.png","","에너지 최대치","168","620","814","51","1249","45","","","","",""
"forge-growth","대장간 성장","text-48","assets/text/379868a81b527df16b.png","","50 → 55 · 골드 8,000","168","673","834","39","1208","46","","","","",""
"forge-growth","대장간 성장","row-hit-49","","","","48","600","984","148","1172","47","48","600","984","148","upgrade"
"forge-growth","대장간 성장","icon-back-50","assets/placed/75eff27796b699b40d.png","assets/icons/back.png","","972","649","34","34","1237","48","","","","",""
"forge-growth","대장간 성장","panel-51","assets/placed/4405b4a78e9acda39f.png","assets/ui/panel-cream.png","","48","770","984","148","1002","49","","","","",""
"forge-growth","대장간 성장","icon-clock-52","assets/placed/1d5f06daf7608e198d.png","assets/icons/clock.png","","72","802","72","72","1046","50","","","","",""
"forge-growth","대장간 성장","text-53","assets/text/87a4e7c2dc784d5bbf.png","","에너지 회복","168","790","814","51","1079","51","","","","",""
"forge-growth","대장간 성장","text-54","assets/text/9b8f414f29c4746340.png","","회복 속도 +5%","168","843","834","39","1038","52","","","","",""
"forge-growth","대장간 성장","row-hit-55","","","","48","770","984","148","1002","53","48","770","984","148","upgrade"
"forge-growth","대장간 성장","icon-back-56","assets/placed/75eff27796b699b40d.png","assets/icons/back.png","","972","819","34","34","1067","54","","","","",""
"forge-growth","대장간 성장","panel-57","assets/placed/4405b4a78e9acda39f.png","assets/ui/panel-cream.png","","48","940","984","148","832","55","","","","",""
"forge-growth","대장간 성장","icon-sword-58","assets/placed/4ed079920ced162053.png","assets/icons/sword.png","","72","972","72","72","876","56","","","","",""
"forge-growth","대장간 성장","text-59","assets/text/ba29e79f85ce989c35.png","","라인 확률 조정","168","960","814","51","909","57","","","","",""
"forge-growth","대장간 성장","text-60","assets/text/4d3503429b774d3408.png","","무기 35 · 방어구 30 · 소모품 25 · 특수 10","168","1013","834","39","868","58","","","","",""
"forge-growth","대장간 성장","row-hit-61","","","","48","940","984","148","832","59","48","940","984","148","line-rates"
"forge-growth","대장간 성장","icon-back-62","assets/placed/75eff27796b699b40d.png","assets/icons/back.png","","972","989","34","34","897","60","","","","",""
"forge-growth","대장간 성장","panel-63","assets/placed/4405b4a78e9acda39f.png","assets/ui/panel-cream.png","","48","1110","984","148","662","61","","","","",""
"forge-growth","대장간 성장","icon-lock-64","assets/placed/fd4fac1b73c4006ec6.png","assets/icons/lock.png","","72","1142","72","72","706","62","","","","",""
"forge-growth","대장간 성장","text-65","assets/text/81320660631eed365f.png","","자동 합성","168","1130","814","51","739","63","","","","",""
"forge-growth","대장간 성장","text-66","assets/text/f2f8c563853378e0aa.png","","공방 Lv.15에 해금","168","1183","834","39","698","64","","","","",""
"forge-growth","대장간 성장","row-hit-67","","","","48","1110","984","148","662","65","48","1110","984","148","upgrade"
"forge-growth","대장간 성장","icon-back-68","assets/placed/75eff27796b699b40d.png","assets/icons/back.png","","972","1159","34","34","727","66","","","","",""
"smith-growth","머지냥이 성장","background-1","assets/placed/f13521a79c0180a52b.png","assets/backgrounds/workshop.png","","0","0","1080","1920","0","0","","","","",""
"smith-growth","머지냥이 성장","resource-bar-3","assets/placed/67b2bb1183ebc40ed1.png","assets/ui/panel-cream.png","","30","28","1020","90","1802","1","","","","",""
"smith-growth","머지냥이 성장","title-bar-4","assets/placed/21cf35d5dcee417b8d.png","assets/ui/panel-cream.png","","30","128","1020","104","1688","2","","","","",""
"smith-growth","머지냥이 성장","icon-energy-5","assets/placed/9fa198e8f4245dbd0f.png","assets/icons/energy.png","","52","43","54","54","1823","3","","","","",""
"smith-growth","머지냥이 성장","text-6","assets/text/4f65a133e0ebec885a.png","","40/50","113","50","195","47","1823","4","","","","",""
"smith-growth","머지냥이 성장","icon-gold-7","assets/placed/0274a23a232ef47921.png","assets/icons/gold.png","","368","43","54","54","1823","5","","","","",""
"smith-growth","머지냥이 성장","text-8","assets/text/ed149040bb71721e2c.png","","12,500","429","50","195","47","1823","6","","","","",""
"smith-growth","머지냥이 성장","icon-gem-9","assets/placed/e238412bd856f270d9.png","assets/icons/gem.png","","684","43","54","54","1823","7","","","","",""
"smith-growth","머지냥이 성장","text-10","assets/text/b710de3b8f0ad3e447.png","","320","745","50","195","47","1823","8","","","","",""
"smith-growth","머지냥이 성장","button-11","assets/placed/a55e725f8d802af4a0.png","assets/ui/button-cream-normal.png","","38","138","76","76","1706","9","10","110","132","132","workshop"
"smith-growth","머지냥이 성장","icon-back-12","assets/placed/dc05be2a4b9c6fda0c.png","assets/icons/back.png","","48","141","56","56","1723","10","","","","",""
"smith-growth","머지냥이 성장","text-13","assets/text/522d0747d1f1928fc7.png","","머지냥이 성장","138","143","742","65","1712","11","","","","",""
"smith-growth","머지냥이 성장","button-14","assets/placed/a55e725f8d802af4a0.png","assets/ui/button-cream-normal.png","","958","138","76","76","1706","12","930","110","132","132","settings"
"smith-growth","머지냥이 성장","icon-gear-15","assets/placed/71b09a6dc991d6f600.png","assets/icons/gear.png","","968","141","56","56","1723","13","","","","",""
"smith-growth","머지냥이 성장","bottom-nav-16","assets/placed/8a8204f9fa1fc6115b.png","assets/ui/panel-cream.png","","24","1734","1032","160","26","14","","","","",""
"smith-growth","머지냥이 성장","active-tab-17","assets/placed/f669ab757bc5fc9425.png","assets/ui/panel-mint.png","","39","1744","190","135","41","15","","","","",""
"smith-growth","머지냥이 성장","nav-hit-18","","","","39","1743","190","139","38","16","39","1743","190","139","workshop"
"smith-growth","머지냥이 성장","icon-forge-19","assets/placed/12ef2fd983b0f617f0.png","assets/icons/forge.png","","105","1753","60","60","107","17","","","","",""
"smith-growth","머지냥이 성장","text-20","assets/text/0d36b2df9353d9a6a4.png","","대장간","44","1790","180","44","86","18","","","","",""
"smith-growth","머지냥이 성장","nav-hit-21","","","","243","1743","190","139","38","19","243","1743","190","139","cats"
"smith-growth","머지냥이 성장","icon-cat-22","assets/placed/75618a37a684a9366c.png","assets/icons/cat.png","","308","1753","60","60","107","20","","","","",""
"smith-growth","머지냥이 성장","text-23","assets/text/b2c2d20f3863ead9e4.png","","고양이","453","1792","180","44","84","21","","","","",""
"smith-growth","머지냥이 성장","nav-hit-24","","","","447","1743","190","139","38","22","447","1743","190","139","modes"
"smith-growth","머지냥이 성장","icon-sword-25","assets/placed/2f37f0487b559d4738.png","assets/icons/sword.png","","512","1753","60","60","107","23","","","","",""
"smith-growth","머지냥이 성장","text-26","assets/text/37a71f4045908e9a35.png","","전투","452","1792","180","44","84","24","","","","",""
"smith-growth","머지냥이 성장","nav-hit-27","","","","651","1743","190","139","38","25","651","1743","190","139","shop"
"smith-growth","머지냥이 성장","icon-shop-28","assets/placed/48f9aabd0f0ed93c20.png","assets/icons/shop.png","","716","1753","60","60","107","26","","","","",""
"smith-growth","머지냥이 성장","text-29","assets/text/e93cf34436b725b2bc.png","","상점","453","1792","180","44","84","27","","","","",""
"smith-growth","머지냥이 성장","nav-hit-30","","","","855","1743","190","139","38","28","855","1743","190","139","ranking"
"smith-growth","머지냥이 성장","icon-trophy-31","assets/placed/f021e42cfce953f174.png","assets/icons/trophy.png","","920","1753","60","60","107","29","","","","",""
"smith-growth","머지냥이 성장","text-32","assets/text/ae295d719fe151b0fc.png","","랭킹","453","1792","180","44","84","30","","","","",""
"smith-growth","머지냥이 성장","panel-33","assets/placed/1753c0537bc9f8cfc7.png","assets/ui/panel-mint.png","","48","248","984","250","1422","31","","","","",""
"smith-growth","머지냥이 성장","text-34","assets/text/3d7615edeb499e061d.png","","오늘도 뚝딱뚝딱","82","278","600","65","1577","32","","","","",""
"smith-growth","머지냥이 성장","text-35","assets/text/25cb5d3fc8e8477413.png","","머지냥이 Lv.12","82","340","650","42","1538","33","","","","",""
"smith-growth","머지냥이 성장","shadow-cat-smith-36","assets/placed/29cf6c496bb3e07a5b.png","assets/ui/ground-shadow.png","","686","591","207","31","1298","34","","","","",""
"smith-growth","머지냥이 성장","cat-smith-36","assets/placed/fffb39b9c46b0c51d2.png","assets/characters/cat-smith.png","","650","328","280","280","1312","35","","","","",""
"smith-growth","머지냥이 성장","panel-37","assets/placed/4405b4a78e9acda39f.png","assets/ui/panel-cream.png","","48","530","984","148","1242","36","","","","",""
"smith-growth","머지냥이 성장","icon-clock-38","assets/placed/1d5f06daf7608e198d.png","assets/icons/clock.png","","72","562","72","72","1286","37","","","","",""
"smith-growth","머지냥이 성장","text-39","assets/text/68e86f2af0e6a9345e.png","","생산 속도","168","550","814","51","1319","38","","","","",""
"smith-growth","머지냥이 성장","text-40","assets/text/7374f88830bb14551a.png","","Lv.12 · 1.5초 → 1.4초","168","603","834","39","1278","39","","","","",""
"smith-growth","머지냥이 성장","row-hit-41","","","","48","530","984","148","1242","40","48","530","984","148","upgrade"
"smith-growth","머지냥이 성장","icon-back-42","assets/placed/75eff27796b699b40d.png","assets/icons/back.png","","972","579","34","34","1307","41","","","","",""
"smith-growth","머지냥이 성장","panel-43","assets/placed/4405b4a78e9acda39f.png","assets/ui/panel-cream.png","","48","700","984","148","1072","42","","","","",""
"smith-growth","머지냥이 성장","icon-star-44","assets/placed/dabcc98c00c0b5e5ef.png","assets/icons/star.png","","72","732","72","72","1116","43","","","","",""
"smith-growth","머지냥이 성장","text-45","assets/text/d5edc1c97c69bfa6e4.png","","좋은 라인 확률","168","720","814","51","1149","44","","","","",""
"smith-growth","머지냥이 성장","text-46","assets/text/9a54a3b5f6c0054f6a.png","","특수 라인 보너스 +2%","168","773","834","39","1108","45","","","","",""
"smith-growth","머지냥이 성장","row-hit-47","","","","48","700","984","148","1072","46","48","700","984","148","upgrade"
"smith-growth","머지냥이 성장","icon-back-48","assets/placed/75eff27796b699b40d.png","assets/icons/back.png","","972","749","34","34","1137","47","","","","",""
"smith-growth","머지냥이 성장","panel-49","assets/placed/4405b4a78e9acda39f.png","assets/ui/panel-cream.png","","48","870","984","148","902","48","","","","",""
"smith-growth","머지냥이 성장","icon-plus-50","assets/placed/73c724dcc37a2cccca.png","assets/icons/plus.png","","72","902","72","72","946","49","","","","",""
"smith-growth","머지냥이 성장","text-51","assets/text/89a99509fef9776a63.png","","한 번에 여러 개","168","890","814","51","979","50","","","","",""
"smith-growth","머지냥이 성장","text-52","assets/text/76f7151eca8bf6c8fd.png","","추가 생산 확률 8% → 10%","168","943","834","39","938","51","","","","",""
"smith-growth","머지냥이 성장","row-hit-53","","","","48","870","984","148","902","52","48","870","984","148","upgrade"
"smith-growth","머지냥이 성장","icon-back-54","assets/placed/75eff27796b699b40d.png","assets/icons/back.png","","972","919","34","34","967","53","","","","",""
"line-rates","생산 라인 확률","background-1","assets/placed/f13521a79c0180a52b.png","assets/backgrounds/workshop.png","","0","0","1080","1920","0","0","","","","",""
"line-rates","생산 라인 확률","resource-bar-3","assets/placed/67b2bb1183ebc40ed1.png","assets/ui/panel-cream.png","","30","28","1020","90","1802","1","","","","",""
"line-rates","생산 라인 확률","title-bar-4","assets/placed/21cf35d5dcee417b8d.png","assets/ui/panel-cream.png","","30","128","1020","104","1688","2","","","","",""
"line-rates","생산 라인 확률","icon-energy-5","assets/placed/9fa198e8f4245dbd0f.png","assets/icons/energy.png","","52","43","54","54","1823","3","","","","",""
"line-rates","생산 라인 확률","text-6","assets/text/4f65a133e0ebec885a.png","","40/50","113","50","195","47","1823","4","","","","",""
"line-rates","생산 라인 확률","icon-gold-7","assets/placed/0274a23a232ef47921.png","assets/icons/gold.png","","368","43","54","54","1823","5","","","","",""
"line-rates","생산 라인 확률","text-8","assets/text/ed149040bb71721e2c.png","","12,500","429","50","195","47","1823","6","","","","",""
"line-rates","생산 라인 확률","icon-gem-9","assets/placed/e238412bd856f270d9.png","assets/icons/gem.png","","684","43","54","54","1823","7","","","","",""
"line-rates","생산 라인 확률","text-10","assets/text/b710de3b8f0ad3e447.png","","320","745","50","195","47","1823","8","","","","",""
"line-rates","생산 라인 확률","button-11","assets/placed/a55e725f8d802af4a0.png","assets/ui/button-cream-normal.png","","38","138","76","76","1706","9","10","110","132","132","forge-growth"
"line-rates","생산 라인 확률","icon-back-12","assets/placed/dc05be2a4b9c6fda0c.png","assets/icons/back.png","","48","141","56","56","1723","10","","","","",""
"line-rates","생산 라인 확률","text-13","assets/text/66726018e28dcef781.png","","생산 라인 확률","138","143","742","65","1712","11","","","","",""
"line-rates","생산 라인 확률","button-14","assets/placed/a55e725f8d802af4a0.png","assets/ui/button-cream-normal.png","","958","138","76","76","1706","12","930","110","132","132","settings"
"line-rates","생산 라인 확률","icon-gear-15","assets/placed/71b09a6dc991d6f600.png","assets/icons/gear.png","","968","141","56","56","1723","13","","","","",""
"line-rates","생산 라인 확률","bottom-nav-16","assets/placed/8a8204f9fa1fc6115b.png","assets/ui/panel-cream.png","","24","1734","1032","160","26","14","","","","",""
"line-rates","생산 라인 확률","active-tab-17","assets/placed/f669ab757bc5fc9425.png","assets/ui/panel-mint.png","","39","1744","190","135","41","15","","","","",""
"line-rates","생산 라인 확률","nav-hit-18","","","","39","1743","190","139","38","16","39","1743","190","139","workshop"
"line-rates","생산 라인 확률","icon-forge-19","assets/placed/12ef2fd983b0f617f0.png","assets/icons/forge.png","","105","1753","60","60","107","17","","","","",""
"line-rates","생산 라인 확률","text-20","assets/text/0d36b2df9353d9a6a4.png","","대장간","44","1790","180","44","86","18","","","","",""
"line-rates","생산 라인 확률","nav-hit-21","","","","243","1743","190","139","38","19","243","1743","190","139","cats"
"line-rates","생산 라인 확률","icon-cat-22","assets/placed/75618a37a684a9366c.png","assets/icons/cat.png","","308","1753","60","60","107","20","","","","",""
"line-rates","생산 라인 확률","text-23","assets/text/b2c2d20f3863ead9e4.png","","고양이","453","1792","180","44","84","21","","","","",""
"line-rates","생산 라인 확률","nav-hit-24","","","","447","1743","190","139","38","22","447","1743","190","139","modes"
"line-rates","생산 라인 확률","icon-sword-25","assets/placed/2f37f0487b559d4738.png","assets/icons/sword.png","","512","1753","60","60","107","23","","","","",""
"line-rates","생산 라인 확률","text-26","assets/text/37a71f4045908e9a35.png","","전투","452","1792","180","44","84","24","","","","",""
"line-rates","생산 라인 확률","nav-hit-27","","","","651","1743","190","139","38","25","651","1743","190","139","shop"
"line-rates","생산 라인 확률","icon-shop-28","assets/placed/48f9aabd0f0ed93c20.png","assets/icons/shop.png","","716","1753","60","60","107","26","","","","",""
"line-rates","생산 라인 확률","text-29","assets/text/e93cf34436b725b2bc.png","","상점","453","1792","180","44","84","27","","","","",""
"line-rates","생산 라인 확률","nav-hit-30","","","","855","1743","190","139","38","28","855","1743","190","139","ranking"
"line-rates","생산 라인 확률","icon-trophy-31","assets/placed/f021e42cfce953f174.png","assets/icons/trophy.png","","920","1753","60","60","107","29","","","","",""
"line-rates","생산 라인 확률","text-32","assets/text/ae295d719fe151b0fc.png","","랭킹","453","1792","180","44","84","30","","","","",""
"line-rates","생산 라인 확률","panel-33","assets/placed/4405b4a78e9acda39f.png","assets/ui/panel-cream.png","","48","260","984","148","1512","31","","","","",""
"line-rates","생산 라인 확률","icon-sword-34","assets/placed/4ed079920ced162053.png","assets/icons/sword.png","","72","292","72","72","1556","32","","","","",""
"line-rates","생산 라인 확률","text-35","assets/text/ca040f9f1cafccddfa.png","","무기","168","280","814","51","1589","33","","","","",""
"line-rates","생산 라인 확률","text-36","assets/text/1d5d6014442eb603b7.png","","35% · 공격력 강화","168","333","834","39","1548","34","","","","",""
"line-rates","생산 라인 확률","panel-37","assets/placed/4405b4a78e9acda39f.png","assets/ui/panel-cream.png","","48","430","984","148","1342","35","","","","",""
"line-rates","생산 라인 확률","icon-shield-38","assets/placed/fdec97549c9ec1a512.png","assets/icons/shield.png","","72","462","72","72","1386","36","","","","",""
"line-rates","생산 라인 확률","text-39","assets/text/a5dd666787f34572d6.png","","방어구","168","450","814","51","1419","37","","","","",""
"line-rates","생산 라인 확률","text-40","assets/text/64ff6d8d0cbb3f5f8e.png","","30% · 체력과 방어력","168","503","834","39","1378","38","","","","",""
"line-rates","생산 라인 확률","panel-41","assets/placed/4405b4a78e9acda39f.png","assets/ui/panel-cream.png","","48","600","984","148","1172","39","","","","",""
"line-rates","생산 라인 확률","icon-can-42","assets/placed/dc763255ac0033c191.png","assets/icons/can.png","","72","632","72","72","1216","40","","","","",""
"line-rates","생산 라인 확률","text-43","assets/text/dc3aa40cfff4eb772e.png","","소모품","168","620","814","51","1249","41","","","","",""
"line-rates","생산 라인 확률","text-44","assets/text/ca592c412e92924fed.png","","25% · 회복과 버프","168","673","834","39","1208","42","","","","",""
"line-rates","생산 라인 확률","panel-45","assets/placed/4405b4a78e9acda39f.png","assets/ui/panel-cream.png","","48","770","984","148","1002","43","","","","",""
"line-rates","생산 라인 확률","icon-yarn-46","assets/placed/3af5c37aa7eafd767a.png","assets/icons/yarn.png","","72","802","72","72","1046","44","","","","",""
"line-rates","생산 라인 확률","text-47","assets/text/cf6b0510fcc1295fec.png","","특수","168","790","814","51","1079","45","","","","",""
"line-rates","생산 라인 확률","text-48","assets/text/32bf3402d14028e575.png","","10% · 전선 전체 공격","168","843","834","39","1038","46","","","","",""
"line-rates","생산 라인 확률","button-49","assets/placed/b49845e6f39d61fc37.png","assets/ui/button-yellow-normal.png","","48","1538","984","110","272","47","48","1527","984","132","forge-growth"
"line-rates","생산 라인 확률","text-50","assets/text/fb9c2c6a36f969623a.png","","성장 화면으로","64","1560","952","48","312","48","","","","",""
"offline","방치 보상","background-1","assets/placed/f13521a79c0180a52b.png","assets/backgrounds/workshop.png","","0","0","1080","1920","0","0","","","","",""
"offline","방치 보상","scrim-3","assets/placed/55540868acf5004fc2.png","assets/ui/panel-dark.png","","0","0","1080","1920","0","1","","","","",""
"offline","방치 보상","modal-4","assets/placed/5849297e598a0962d1.png","assets/ui/panel-cream.png","","80","380","920","1110","430","2","","","","",""
"offline","방치 보상","text-5","assets/text/2f276b20d06faa5ba3.png","","방치 보상","128","426","760","66","1428","3","","","","",""
"offline","방치 보상","button-6","assets/placed/f91cecc34197c96b80.png","assets/ui/button-cream-normal.png","","886","418","70","70","1432","4","855","387","132","132","workshop"
"offline","방치 보상","icon-close-7","assets/placed/817461fe4c2257e48c.png","assets/icons/close.png","","893","419","56","56","1445","5","","","","",""
"offline","방치 보상","text-8","assets/text/32d7152afaea9ad068.png","","최대 8시간까지 모을 수 있어요","128","500","760","42","1378","6","","","","",""
"offline","방치 보상","icon-chest-9","assets/placed/fb2a88227f82ff71e2.png","assets/icons/chest.png","","428","576","224","224","1120","7","","","","",""
"offline","방치 보상","text-10","assets/text/798927ed7d970bb5e6.png","","3시간 25분 동안 생산했어요","150","850","780","47","1023","8","","","","",""
"offline","방치 보상","text-11","assets/text/552ca842c13cb461f7.png","","골드 4,250 · 재료 18개","151","919","780","47","954","9","","","","",""
"offline","방치 보상","button-12","assets/placed/0646388a9dbce20e3a.png","assets/ui/button-yellow-normal.png","","136","1178","808","100","642","10","136","1162","808","132","reward"
"offline","방치 보상","text-13","assets/text/27c33e8298dbd7ffa4.png","","보상 받기","153","1196","776","48","676","11","","","","",""
"offline","방치 보상","button-14","assets/placed/84b006e00a2f7bb200.png","assets/ui/button-cream-normal.png","","136","1302","808","100","518","12","136","1286","808","132","reward"
"offline","방치 보상","text-15","assets/text/52ef57018a9cfce833.png","","광고 보고 2배 받기","153","1320","776","48","552","13","","","","",""
"upgrade","강화하기","background-1","assets/placed/f13521a79c0180a52b.png","assets/backgrounds/workshop.png","","0","0","1080","1920","0","0","","","","",""
"upgrade","강화하기","scrim-3","assets/placed/55540868acf5004fc2.png","assets/ui/panel-dark.png","","0","0","1080","1920","0","1","","","","",""
"upgrade","강화하기","modal-4","assets/placed/5849297e598a0962d1.png","assets/ui/panel-cream.png","","80","380","920","1110","430","2","","","","",""
"upgrade","강화하기","text-5","assets/text/4ad9a3cde53c2766f5.png","","강화하기","128","426","760","66","1428","3","","","","",""
"upgrade","강화하기","button-6","assets/placed/f91cecc34197c96b80.png","assets/ui/button-cream-normal.png","","886","418","70","70","1432","4","855","387","132","132","workshop"
"upgrade","강화하기","icon-close-7","assets/placed/817461fe4c2257e48c.png","assets/icons/close.png","","893","419","56","56","1445","5","","","","",""
"upgrade","강화하기","text-8","assets/text/1f2989986d48f9ae7b.png","","강화 내용을 확인해 주세요","128","500","760","42","1378","6","","","","",""
"upgrade","강화하기","icon-forge-9","assets/placed/bf43533c8e132fe4b9.png","assets/icons/forge.png","","428","576","224","224","1120","7","","","","",""
"upgrade","강화하기","text-10","assets/text/93e1ed23e5233b58a5.png","","생산 속도 Lv.12 → Lv.13","151","850","780","47","1023","8","","","","",""
"upgrade","강화하기","text-11","assets/text/395267aea62f5925f9.png","","1.5초 → 1.4초","150","919","780","47","954","9","","","","",""
"upgrade","강화하기","text-12","assets/text/e51006a76fb6146763.png","","필요 골드 8,000 / 보유 12,500","150","988","780","47","885","10","","","","",""
"upgrade","강화하기","button-13","assets/placed/0646388a9dbce20e3a.png","assets/ui/button-yellow-normal.png","","136","1178","808","100","642","11","136","1162","808","132","upgrade-done"
"upgrade","강화하기","text-14","assets/text/db71d2e62710687498.png","","강화 확정","153","1196","776","48","676","12","","","","",""
"upgrade","강화하기","button-15","assets/placed/84b006e00a2f7bb200.png","assets/ui/button-cream-normal.png","","136","1302","808","100","518","13","136","1286","808","132","forge-growth"
"upgrade","강화하기","text-16","assets/text/b85459e58c86813652.png","","다음에 할게요","152","1320","776","48","552","14","","","","",""
"upgrade-done","공방이 성장했어요!","background-1","assets/placed/f13521a79c0180a52b.png","assets/backgrounds/workshop.png","","0","0","1080","1920","0","0","","","","",""
"upgrade-done","공방이 성장했어요!","scrim-3","assets/placed/55540868acf5004fc2.png","assets/ui/panel-dark.png","","0","0","1080","1920","0","1","","","","",""
"upgrade-done","공방이 성장했어요!","modal-4","assets/placed/5849297e598a0962d1.png","assets/ui/panel-cream.png","","80","380","920","1110","430","2","","","","",""
"upgrade-done","공방이 성장했어요!","text-5","assets/text/941b6e76a89143b24c.png","","공방이 성장했어요!","128","426","760","66","1428","3","","","","",""
"upgrade-done","공방이 성장했어요!","button-6","assets/placed/f91cecc34197c96b80.png","assets/ui/button-cream-normal.png","","886","418","70","70","1432","4","855","387","132","132","workshop"
"upgrade-done","공방이 성장했어요!","icon-close-7","assets/placed/817461fe4c2257e48c.png","assets/icons/close.png","","893","419","56","56","1445","5","","","","",""
"upgrade-done","공방이 성장했어요!","text-8","assets/text/92b73dceb558e10cbd.png","","더 빠르게, 더 든든하게","128","500","760","42","1378","6","","","","",""
"upgrade-done","공방이 성장했어요!","icon-star-9","assets/placed/829bfc992bada528c9.png","assets/icons/star.png","","428","576","224","224","1120","7","","","","",""
"upgrade-done","공방이 성장했어요!","text-10","assets/text/5295405bab08db6061.png","","생산 속도 Lv.13","150","850","780","47","1023","8","","","","",""
"upgrade-done","공방이 성장했어요!","text-11","assets/text/05d1720f98f725951d.png","","다음 목표 · 공방 Lv.15 자동 합성","151","919","780","47","954","9","","","","",""
"upgrade-done","공방이 성장했어요!","button-12","assets/placed/0646388a9dbce20e3a.png","assets/ui/button-yellow-normal.png","","136","1178","808","100","642","10","136","1162","808","132","workshop"
"upgrade-done","공방이 성장했어요!","text-13","assets/text/e03f7b24e6e38c202f.png","","확인","153","1196","776","48","676","11","","","","",""
"cats","우리 고양이들","background","assets/placed/348bc5b287f1eee990.png","assets/backgrounds/town.png","","0","0","1080","1920","0","0","","","","",""
"cats","우리 고양이들","panel-cream-1","assets/placed/aeea6a9162ecca60be.png","assets/ui/panel-cream.png","","28","24","332","84","1812","1","","","","",""
"cats","우리 고양이들","energy-2","assets/placed/9fa198e8f4245dbd0f.png","assets/icons/energy.png","","45","39","54","54","1827","2","","","","",""
"cats","우리 고양이들","label-3","assets/text/fcf0369b63d5e3ae8c.png","","40/50","113","41","225","48","1831","3","","","","",""
"cats","우리 고양이들","panel-cream-4","assets/placed/aeea6a9162ecca60be.png","assets/ui/panel-cream.png","","374","24","332","84","1812","4","","","","",""
"cats","우리 고양이들","gold-5","assets/placed/0274a23a232ef47921.png","assets/icons/gold.png","","391","39","54","54","1827","5","","","","",""
"cats","우리 고양이들","label-6","assets/text/2aaefa170c707ca330.png","","12,500","459","41","225","48","1831","6","","","","",""
"cats","우리 고양이들","panel-cream-7","assets/placed/aeea6a9162ecca60be.png","assets/ui/panel-cream.png","","720","24","332","84","1812","7","","","","",""
"cats","우리 고양이들","gem-8","assets/placed/e238412bd856f270d9.png","assets/icons/gem.png","","737","39","54","54","1827","8","","","","",""
"cats","우리 고양이들","label-9","assets/text/04bf6b0176ade687be.png","","320","805","41","225","48","1831","9","","","","",""
"cats","우리 고양이들","title-banner-10","assets/placed/c7e44287f5565b282a.png","assets/ui/title-banner.png","","150","123","780","135","1662","10","","","","",""
"cats","우리 고양이들","label-11","assets/text/371ebc4fd0401e4763.png","","우리 고양이들","183","157","714","72","1691","11","","","","",""
"cats","우리 고양이들","button-cream-normal-12","assets/placed/54145a8c7dc277b074.png","assets/ui/button-cream-normal.png","","28","140","92","92","1688","12","28","140","92","92","modes"
"cats","우리 고양이들","back-13","assets/placed/684b7bc9151e735643.png","assets/icons/back.png","","47","152","54","54","1714","13","","","","",""
"cats","우리 고양이들","button-cream-normal-14","assets/placed/54145a8c7dc277b074.png","assets/ui/button-cream-normal.png","","960","140","92","92","1688","14","960","140","92","92","settings"
"cats","우리 고양이들","gear-15","assets/placed/df1483c483c132da85.png","assets/icons/gear.png","","979","151","54","54","1715","15","","","","",""
"cats","우리 고양이들","panel-cream-16","assets/placed/01ac4c2ebc83c43078.png","assets/ui/panel-cream.png","","18","1746","1044","157","17","16","","","","",""
"cats","우리 고양이들","forge-17","assets/placed/bab1d6a5f417a1bb97.png","assets/icons/forge.png","","98","1767","70","70","83","17","","","","",""
"cats","우리 고양이들","label-18","assets/text/38a971f1dc000a8df5.png","","대장간","449","1803","182","47","70","18","","","","",""
"cats","우리 고양이들","nav-workshop","","","","33","1754","198","140","26","19","33","1754","198","140","workshop"
"cats","우리 고양이들","panel-mint-20","assets/placed/781a57819a38fb1e94.png","assets/ui/panel-mint.png","","237","1755","198","139","26","20","","","","",""
"cats","우리 고양이들","cat-21","assets/placed/164bb5461c096b7f70.png","assets/icons/cat.png","","301","1767","70","70","83","21","","","","",""
"cats","우리 고양이들","label-22","assets/text/7536732c62c51e71e3.png","","고양이","246","1803","182","47","70","22","","","","",""
"cats","우리 고양이들","nav-cats","","","","237","1754","198","140","26","23","237","1754","198","140","cats"
"cats","우리 고양이들","sword-24","assets/placed/efffa4b7a4db7016a9.png","assets/icons/sword.png","","505","1767","70","70","83","24","","","","",""
"cats","우리 고양이들","label-25","assets/text/36750979eee5d3d31f.png","","전투","449","1803","182","47","70","25","","","","",""
"cats","우리 고양이들","nav-modes","","","","441","1754","198","140","26","26","441","1754","198","140","modes"
"cats","우리 고양이들","shop-27","assets/placed/08eaabb2f272930ef7.png","assets/icons/shop.png","","710","1767","70","70","83","27","","","","",""
"cats","우리 고양이들","label-28","assets/text/1ceb9aa500e58ff2c1.png","","상점","450","1803","182","47","70","28","","","","",""
"cats","우리 고양이들","nav-shop","","","","645","1754","198","140","26","29","645","1754","198","140","shop"
"cats","우리 고양이들","trophy-30","assets/placed/1d1c0284cd20ff4bd8.png","assets/icons/trophy.png","","914","1767","70","70","83","30","","","","",""
"cats","우리 고양이들","label-31","assets/text/585230f47c36d6fa4b.png","","랭킹","450","1803","182","47","70","31","","","","",""
"cats","우리 고양이들","nav-ranking","","","","849","1754","198","140","26","32","849","1754","198","140","ranking"
"cats","우리 고양이들","panel-mint-33","assets/placed/7fc32405737a13d71a.png","assets/ui/panel-mint.png","","45","296","990","559","1065","33","","","","",""
"cats","우리 고양이들","label-34","assets/text/09fb97d766433e8b17.png","","출전 중인 고양이","84","326","710","61","1533","34","","","","",""
"cats","우리 고양이들","label-35","assets/text/6dd1b03516d2d02cf1.png","","편성 2 / 2","792","332","202","48","1540","35","","","","",""
"cats","우리 고양이들","shadow-cat-warrior-36","assets/placed/b48bbc3e7a3366d044.png","assets/ui/ground-shadow.png","","142","731","294","31","1158","36","","","","",""
"cats","우리 고양이들","cat-warrior-36","assets/placed/e4633a0b6be0292eaf.png","assets/characters/cat-warrior.png","","90","403","397","345","1172","37","","","","",""
"cats","우리 고양이들","shadow-cat-tank-37","assets/placed/b48bbc3e7a3366d044.png","assets/ui/ground-shadow.png","","643","731","294","31","1158","38","","","","",""
"cats","우리 고양이들","cat-tank-37","assets/placed/f6fadf4473357f2c90.png","assets/characters/cat-tank.png","","591","403","397","345","1172","39","","","","",""
"cats","우리 고양이들","label-38","assets/text/7a678bcb4454467543.png","","전사냥이 Lv.15","96","765","386","50","1105","40","","","","",""
"cats","우리 고양이들","label-39","assets/text/e18ecc8fc67360efd0.png","","뚱냥이 Lv.12","596","765","386","50","1105","41","","","","",""
"cats","우리 고양이들","subtitle-back-label-40","assets/placed/fdd5703b0062cddc34.png","assets/ui/panel-cream.png","","43","886","668","74","960","42","","","","",""
"cats","우리 고양이들","label-40","assets/text/ce501f01a5f5553736.png","","보유 고양이","57","894","640","61","965","43","","","","",""
"cats","우리 고양이들","button-mint-normal-41","assets/placed/8b198c3ede1034efed.png","assets/ui/button-mint-normal.png","","752","883","283","86","951","44","752","883","283","86","squad"
"cats","우리 고양이들","label-42","assets/text/d1f978f418910a6991.png","","편성 변경","771","894","247","52","974","45","","","","",""
"cats","우리 고양이들","panel-peach-43","assets/placed/8e5036f817f5b785a1.png","assets/ui/panel-peach.png","","45","989","190","265","666","46","","","","",""
"cats","우리 고양이들","cat-warrior-44","assets/placed/3b958a8a0aee1bdc1f.png","assets/characters/cat-warrior.png","","53","1011","174","175","734","47","","","","",""
"cats","우리 고양이들","label-45","assets/text/5dca6f278ea9949ee0.png","","전사냥이","54","1194","174","40","686","48","","","","",""
"cats","우리 고양이들","select-warrior","","","","45","989","190","265","666","49","45","989","190","265","cat-warrior"
"cats","우리 고양이들","panel-lavender-47","assets/placed/99b34fb15e8f7946a2.png","assets/ui/panel-lavender.png","","244","989","190","265","666","50","","","","",""
"cats","우리 고양이들","cat-tank-48","assets/placed/08de9938cb3b4637fe.png","assets/characters/cat-tank.png","","252","1011","174","175","734","51","","","","",""
"cats","우리 고양이들","label-49","assets/text/c5685e4b3b18f198f1.png","","뚱냥이","253","1194","174","40","686","52","","","","",""
"cats","우리 고양이들","select-tank","","","","244","989","190","265","666","53","244","989","190","265","cat-tank"
"cats","우리 고양이들","panel-mint-51","assets/placed/a21653dea6b0b04950.png","assets/ui/panel-mint.png","","443","989","190","265","666","54","","","","",""
"cats","우리 고양이들","cat-archer-52","assets/placed/54af0663f4a202e5d1.png","assets/characters/cat-archer.png","","451","1011","174","175","734","55","","","","",""
"cats","우리 고양이들","label-53","assets/text/881470647a4942bbeb.png","","궁사냥이","452","1194","174","40","686","56","","","","",""
"cats","우리 고양이들","select-archer","","","","443","989","190","265","666","57","443","989","190","265","cat-archer"
"cats","우리 고양이들","panel-cream-55","assets/placed/7c0ca0c391f6ac5e2c.png","assets/ui/panel-cream.png","","642","989","190","265","666","58","","","","",""
"cats","우리 고양이들","cat-healer-56","assets/placed/0d20d8b756389978c8.png","assets/characters/cat-healer.png","","650","1011","174","175","734","59","","","","",""
"cats","우리 고양이들","label-57","assets/text/af6a9cec0d1ffa832b.png","","성직냥이","651","1194","174","40","686","60","","","","",""
"cats","우리 고양이들","select-healer","","","","642","989","190","265","666","61","642","989","190","265","cat-healer"
"cats","우리 고양이들","panel-lavender-59","assets/placed/99b34fb15e8f7946a2.png","assets/ui/panel-lavender.png","","841","989","190","265","666","62","","","","",""
"cats","우리 고양이들","cat-wizard-60","assets/placed/42de9ad071198236f6.png","assets/characters/cat-wizard.png","","849","1011","174","175","734","63","","","","",""
"cats","우리 고양이들","label-61","assets/text/5c60a07bfe88384c99.png","","마법사냥이","850","1194","174","40","686","64","","","","",""
"cats","우리 고양이들","select-wizard","","","","841","989","190","265","666","65","841","989","190","265","cat-wizard"
"cats","우리 고양이들","panel-cream-63","assets/placed/96d75760bb0e508650.png","assets/ui/panel-cream.png","","45","1290","990","254","376","66","","","","",""
"cats","우리 고양이들","shadow-cat-warrior-64","assets/placed/001ae764f14988bf6f.png","assets/ui/ground-shadow.png","","92","1508","151","31","381","67","","","","",""
"cats","우리 고양이들","cat-warrior-64","assets/placed/e328c257e6b972a654.png","assets/characters/cat-warrior.png","","65","1310","204","215","395","68","","","","",""
"cats","우리 고양이들","label-65","assets/text/5df741d40c17519465.png","","전사냥이 · Lv.15","301","1317","671","56","547","69","","","","",""
"cats","우리 고양이들","label-66","assets/text/f8068cf8bae82c8ba7.png","","공격력 320   공격 속도 1.2초","303","1385","660","47","488","70","","","","",""
"cats","우리 고양이들","button-yellow-normal-67","assets/placed/bccf949f21f79e82cc.png","assets/ui/button-yellow-normal.png","","599","1445","393","80","395","71","599","1445","393","80","upgrade"
"cats","우리 고양이들","label-68","assets/text/74131c6c22c7979153.png","","레벨업 · 5,000","617","1453","357","52","415","72","","","","",""
"cats","우리 고양이들","button-mint-normal-69","assets/placed/65bbada97d9520df74.png","assets/ui/button-mint-normal.png","","45","1590","476","105","225","73","45","1590","476","105","mastery"
"cats","우리 고양이들","sword-70","assets/placed/6173136cdc88651b2d.png","assets/icons/sword.png","","170","1606","54","54","260","74","","","","",""
"cats","우리 고양이들","label-71","assets/text/5ff507d636d735f8e9.png","","장비 숙련도","130","1609","378","52","259","75","","","","",""
"cats","우리 고양이들","button-cream-normal-72","assets/placed/b02a9af45e9b6e87c6.png","assets/ui/button-cream-normal.png","","547","1590","488","105","225","76","547","1590","488","105","codex"
"cats","우리 고양이들","book-73","assets/placed/cb5557ef0a1f40e3b2.png","assets/icons/book.png","","678","1607","54","54","259","77","","","","",""
"cats","우리 고양이들","label-74","assets/text/d9b19ef14056922491.png","","고양이 도감","632","1610","390","52","258","78","","","","",""
"cat-warrior","전사냥이","background-1","assets/placed/348bc5b287f1eee990.png","assets/backgrounds/town.png","","0","0","1080","1920","0","0","","","","",""
"cat-warrior","전사냥이","resource-bar-3","assets/placed/67b2bb1183ebc40ed1.png","assets/ui/panel-cream.png","","30","28","1020","90","1802","1","","","","",""
"cat-warrior","전사냥이","title-bar-4","assets/placed/21cf35d5dcee417b8d.png","assets/ui/panel-cream.png","","30","128","1020","104","1688","2","","","","",""
"cat-warrior","전사냥이","icon-energy-5","assets/placed/9fa198e8f4245dbd0f.png","assets/icons/energy.png","","52","43","54","54","1823","3","","","","",""
"cat-warrior","전사냥이","text-6","assets/text/4f65a133e0ebec885a.png","","40/50","113","50","195","47","1823","4","","","","",""
"cat-warrior","전사냥이","icon-gold-7","assets/placed/0274a23a232ef47921.png","assets/icons/gold.png","","368","43","54","54","1823","5","","","","",""
"cat-warrior","전사냥이","text-8","assets/text/ed149040bb71721e2c.png","","12,500","429","50","195","47","1823","6","","","","",""
"cat-warrior","전사냥이","icon-gem-9","assets/placed/e238412bd856f270d9.png","assets/icons/gem.png","","684","43","54","54","1823","7","","","","",""
"cat-warrior","전사냥이","text-10","assets/text/b710de3b8f0ad3e447.png","","320","745","50","195","47","1823","8","","","","",""
"cat-warrior","전사냥이","button-11","assets/placed/a55e725f8d802af4a0.png","assets/ui/button-cream-normal.png","","38","138","76","76","1706","9","10","110","132","132","cats"
"cat-warrior","전사냥이","icon-back-12","assets/placed/dc05be2a4b9c6fda0c.png","assets/icons/back.png","","48","141","56","56","1723","10","","","","",""
"cat-warrior","전사냥이","text-13","assets/text/1d539eeed641b266e3.png","","전사냥이","138","143","742","65","1712","11","","","","",""
"cat-warrior","전사냥이","button-14","assets/placed/a55e725f8d802af4a0.png","assets/ui/button-cream-normal.png","","958","138","76","76","1706","12","930","110","132","132","settings"
"cat-warrior","전사냥이","icon-gear-15","assets/placed/71b09a6dc991d6f600.png","assets/icons/gear.png","","968","141","56","56","1723","13","","","","",""
"cat-warrior","전사냥이","bottom-nav-16","assets/placed/8a8204f9fa1fc6115b.png","assets/ui/panel-cream.png","","24","1734","1032","160","26","14","","","","",""
"cat-warrior","전사냥이","nav-hit-17","","","","39","1743","190","139","38","15","39","1743","190","139","workshop"
"cat-warrior","전사냥이","icon-forge-18","assets/placed/12ef2fd983b0f617f0.png","assets/icons/forge.png","","105","1753","60","60","107","16","","","","",""
"cat-warrior","전사냥이","text-19","assets/text/0d36b2df9353d9a6a4.png","","대장간","452","1792","180","44","84","17","","","","",""
"cat-warrior","전사냥이","active-tab-20","assets/placed/f669ab757bc5fc9425.png","assets/ui/panel-mint.png","","243","1744","190","135","41","18","","","","",""
"cat-warrior","전사냥이","nav-hit-21","","","","243","1743","190","139","38","19","243","1743","190","139","cats"
"cat-warrior","전사냥이","icon-cat-22","assets/placed/75618a37a684a9366c.png","assets/icons/cat.png","","308","1753","60","60","107","20","","","","",""
"cat-warrior","전사냥이","text-23","assets/text/b2c2d20f3863ead9e4.png","","고양이","249","1790","180","44","86","21","","","","",""
"cat-warrior","전사냥이","nav-hit-24","","","","447","1743","190","139","38","22","447","1743","190","139","modes"
"cat-warrior","전사냥이","icon-sword-25","assets/placed/2f37f0487b559d4738.png","assets/icons/sword.png","","512","1753","60","60","107","23","","","","",""
"cat-warrior","전사냥이","text-26","assets/text/37a71f4045908e9a35.png","","전투","452","1792","180","44","84","24","","","","",""
"cat-warrior","전사냥이","nav-hit-27","","","","651","1743","190","139","38","25","651","1743","190","139","shop"
"cat-warrior","전사냥이","icon-shop-28","assets/placed/48f9aabd0f0ed93c20.png","assets/icons/shop.png","","716","1753","60","60","107","26","","","","",""
"cat-warrior","전사냥이","text-29","assets/text/e93cf34436b725b2bc.png","","상점","453","1792","180","44","84","27","","","","",""
"cat-warrior","전사냥이","nav-hit-30","","","","855","1743","190","139","38","28","855","1743","190","139","ranking"
"cat-warrior","전사냥이","icon-trophy-31","assets/placed/f021e42cfce953f174.png","assets/icons/trophy.png","","920","1753","60","60","107","29","","","","",""
"cat-warrior","전사냥이","text-32","assets/text/ae295d719fe151b0fc.png","","랭킹","453","1792","180","44","84","30","","","","",""
"cat-warrior","전사냥이","panel-33","assets/placed/4d5e6f962cf7893814.png","assets/ui/panel-peach.png","","48","252","984","590","1078","31","","","","",""
"cat-warrior","전사냥이","shadow-cat-warrior-34","assets/placed/fa2918d5cbcb0e4d77.png","assets/ui/ground-shadow.png","","356","738","355","31","1151","32","","","","",""
"cat-warrior","전사냥이","cat-warrior-34","assets/placed/6556ef52f2c407213b.png","assets/characters/cat-warrior.png","","294","275","480","480","1165","33","","","","",""
"cat-warrior","전사냥이","text-35","assets/text/236bdfcd26f55b05a1.png","","Lv.15 · 근접 딜러","112","751","850","51","1118","34","","","","",""
"cat-warrior","전사냥이","panel-36","assets/placed/4405b4a78e9acda39f.png","assets/ui/panel-cream.png","","48","880","984","148","892","35","","","","",""
"cat-warrior","전사냥이","icon-sword-37","assets/placed/4ed079920ced162053.png","assets/icons/sword.png","","72","912","72","72","936","36","","","","",""
"cat-warrior","전사냥이","text-38","assets/text/a187536597e55cc869.png","","고유 능력","168","900","814","51","969","37","","","","",""
"cat-warrior","전사냥이","text-39","assets/text/b838123f8fd87804c1.png","","빠른 공격으로 전선을 지켜요","168","953","834","39","928","38","","","","",""
"cat-warrior","전사냥이","panel-40","assets/placed/4405b4a78e9acda39f.png","assets/ui/panel-cream.png","","48","1050","984","148","722","39","","","","",""
"cat-warrior","전사냥이","icon-star-41","assets/placed/dabcc98c00c0b5e5ef.png","assets/icons/star.png","","72","1082","72","72","766","40","","","","",""
"cat-warrior","전사냥이","text-42","assets/text/bc28f3222c4d027ca4.png","","성장 능력치","168","1070","814","51","799","41","","","","",""
"cat-warrior","전사냥이","text-43","assets/text/d00f68909fb75d1706.png","","공격력 320  ·  공격 속도 1.2초","168","1123","834","39","758","42","","","","",""
"cat-warrior","전사냥이","panel-44","assets/placed/4405b4a78e9acda39f.png","assets/ui/panel-cream.png","","48","1220","984","148","552","43","","","","",""
"cat-warrior","전사냥이","icon-sword-45","assets/placed/4ed079920ced162053.png","assets/icons/sword.png","","72","1252","72","72","596","44","","","","",""
"cat-warrior","전사냥이","text-46","assets/text/9b41165784833e3666.png","","장비 숙련도","168","1240","814","51","629","45","","","","",""
"cat-warrior","전사냥이","text-47","assets/text/1b539083854a82d2de.png","","장비를 사용할수록 더 강해져요","168","1293","834","39","588","46","","","","",""
"cat-warrior","전사냥이","row-hit-48","","","","48","1220","984","148","552","47","48","1220","984","148","mastery"
"cat-warrior","전사냥이","icon-back-49","assets/placed/75eff27796b699b40d.png","assets/icons/back.png","","972","1269","34","34","617","48","","","","",""
"cat-warrior","전사냥이","button-50","assets/placed/e0aa01af46824ab768.png","assets/ui/button-mint-normal.png","","48","1440","476","108","372","49","48","1428","476","132","squad"
"cat-warrior","전사냥이","text-51","assets/text/7fc90a31a30ee5b310.png","","편성하기","65","1459","444","48","413","50","","","","",""
"cat-warrior","전사냥이","button-52","assets/placed/d529888b9398593830.png","assets/ui/button-yellow-normal.png","","548","1440","484","108","372","51","548","1428","484","132","upgrade"
"cat-warrior","전사냥이","text-53","assets/text/6313527251dcd39e2d.png","","레벨업 · 5,000","564","1460","452","48","412","52","","","","",""
"cat-warrior","전사냥이","button-54","assets/placed/c1c3a9b4a60efb966f.png","assets/ui/button-cream-normal.png","","48","1580","984","100","240","53","48","1564","984","132","skins"
"cat-warrior","전사냥이","text-55","assets/text/b7e89d06a975993a2e.png","","스킨 보기","65","1598","952","48","274","54","","","","",""
"cat-tank","뚱냥이","background-1","assets/placed/348bc5b287f1eee990.png","assets/backgrounds/town.png","","0","0","1080","1920","0","0","","","","",""
"cat-tank","뚱냥이","resource-bar-3","assets/placed/67b2bb1183ebc40ed1.png","assets/ui/panel-cream.png","","30","28","1020","90","1802","1","","","","",""
"cat-tank","뚱냥이","title-bar-4","assets/placed/21cf35d5dcee417b8d.png","assets/ui/panel-cream.png","","30","128","1020","104","1688","2","","","","",""
"cat-tank","뚱냥이","icon-energy-5","assets/placed/9fa198e8f4245dbd0f.png","assets/icons/energy.png","","52","43","54","54","1823","3","","","","",""
"cat-tank","뚱냥이","text-6","assets/text/4f65a133e0ebec885a.png","","40/50","113","50","195","47","1823","4","","","","",""
"cat-tank","뚱냥이","icon-gold-7","assets/placed/0274a23a232ef47921.png","assets/icons/gold.png","","368","43","54","54","1823","5","","","","",""
"cat-tank","뚱냥이","text-8","assets/text/ed149040bb71721e2c.png","","12,500","429","50","195","47","1823","6","","","","",""
"cat-tank","뚱냥이","icon-gem-9","assets/placed/e238412bd856f270d9.png","assets/icons/gem.png","","684","43","54","54","1823","7","","","","",""
"cat-tank","뚱냥이","text-10","assets/text/b710de3b8f0ad3e447.png","","320","745","50","195","47","1823","8","","","","",""
"cat-tank","뚱냥이","button-11","assets/placed/a55e725f8d802af4a0.png","assets/ui/button-cream-normal.png","","38","138","76","76","1706","9","10","110","132","132","cats"
"cat-tank","뚱냥이","icon-back-12","assets/placed/dc05be2a4b9c6fda0c.png","assets/icons/back.png","","48","141","56","56","1723","10","","","","",""
"cat-tank","뚱냥이","text-13","assets/text/5d42f4484bf54ea3c2.png","","뚱냥이","138","143","742","65","1712","11","","","","",""
"cat-tank","뚱냥이","button-14","assets/placed/a55e725f8d802af4a0.png","assets/ui/button-cream-normal.png","","958","138","76","76","1706","12","930","110","132","132","settings"
"cat-tank","뚱냥이","icon-gear-15","assets/placed/71b09a6dc991d6f600.png","assets/icons/gear.png","","968","141","56","56","1723","13","","","","",""
"cat-tank","뚱냥이","bottom-nav-16","assets/placed/8a8204f9fa1fc6115b.png","assets/ui/panel-cream.png","","24","1734","1032","160","26","14","","","","",""
"cat-tank","뚱냥이","nav-hit-17","","","","39","1743","190","139","38","15","39","1743","190","139","workshop"
"cat-tank","뚱냥이","icon-forge-18","assets/placed/12ef2fd983b0f617f0.png","assets/icons/forge.png","","105","1753","60","60","107","16","","","","",""
"cat-tank","뚱냥이","text-19","assets/text/0d36b2df9353d9a6a4.png","","대장간","452","1792","180","44","84","17","","","","",""
"cat-tank","뚱냥이","active-tab-20","assets/placed/f669ab757bc5fc9425.png","assets/ui/panel-mint.png","","243","1744","190","135","41","18","","","","",""
"cat-tank","뚱냥이","nav-hit-21","","","","243","1743","190","139","38","19","243","1743","190","139","cats"
"cat-tank","뚱냥이","icon-cat-22","assets/placed/75618a37a684a9366c.png","assets/icons/cat.png","","308","1753","60","60","107","20","","","","",""
"cat-tank","뚱냥이","text-23","assets/text/b2c2d20f3863ead9e4.png","","고양이","249","1790","180","44","86","21","","","","",""
"cat-tank","뚱냥이","nav-hit-24","","","","447","1743","190","139","38","22","447","1743","190","139","modes"
"cat-tank","뚱냥이","icon-sword-25","assets/placed/2f37f0487b559d4738.png","assets/icons/sword.png","","512","1753","60","60","107","23","","","","",""
"cat-tank","뚱냥이","text-26","assets/text/37a71f4045908e9a35.png","","전투","452","1792","180","44","84","24","","","","",""
"cat-tank","뚱냥이","nav-hit-27","","","","651","1743","190","139","38","25","651","1743","190","139","shop"
"cat-tank","뚱냥이","icon-shop-28","assets/placed/48f9aabd0f0ed93c20.png","assets/icons/shop.png","","716","1753","60","60","107","26","","","","",""
"cat-tank","뚱냥이","text-29","assets/text/e93cf34436b725b2bc.png","","상점","453","1792","180","44","84","27","","","","",""
"cat-tank","뚱냥이","nav-hit-30","","","","855","1743","190","139","38","28","855","1743","190","139","ranking"
"cat-tank","뚱냥이","icon-trophy-31","assets/placed/f021e42cfce953f174.png","assets/icons/trophy.png","","920","1753","60","60","107","29","","","","",""
"cat-tank","뚱냥이","text-32","assets/text/ae295d719fe151b0fc.png","","랭킹","453","1792","180","44","84","30","","","","",""
"cat-tank","뚱냥이","panel-33","assets/placed/4f61cd0d191b5108a5.png","assets/ui/panel-lavender.png","","48","252","984","590","1078","31","","","","",""
"cat-tank","뚱냥이","shadow-cat-tank-34","assets/placed/fa2918d5cbcb0e4d77.png","assets/ui/ground-shadow.png","","356","738","355","31","1151","32","","","","",""
"cat-tank","뚱냥이","cat-tank-34","assets/placed/a506f90db6076c4229.png","assets/characters/cat-tank.png","","294","275","480","480","1165","33","","","","",""
"cat-tank","뚱냥이","text-35","assets/text/a60960e7350349bcd5.png","","Lv.15 · 탱커","112","751","850","51","1118","34","","","","",""
"cat-tank","뚱냥이","panel-36","assets/placed/4405b4a78e9acda39f.png","assets/ui/panel-cream.png","","48","880","984","148","892","35","","","","",""
"cat-tank","뚱냥이","icon-shield-37","assets/placed/fdec97549c9ec1a512.png","assets/icons/shield.png","","72","912","72","72","936","36","","","","",""
"cat-tank","뚱냥이","text-38","assets/text/a187536597e55cc869.png","","고유 능력","168","900","814","51","969","37","","","","",""
"cat-tank","뚱냥이","text-39","assets/text/583e99ebe587283df7.png","","방어구 효과 1.5배","168","953","834","39","928","38","","","","",""
"cat-tank","뚱냥이","panel-40","assets/placed/4405b4a78e9acda39f.png","assets/ui/panel-cream.png","","48","1050","984","148","722","39","","","","",""
"cat-tank","뚱냥이","icon-star-41","assets/placed/dabcc98c00c0b5e5ef.png","assets/icons/star.png","","72","1082","72","72","766","40","","","","",""
"cat-tank","뚱냥이","text-42","assets/text/bc28f3222c4d027ca4.png","","성장 능력치","168","1070","814","51","799","41","","","","",""
"cat-tank","뚱냥이","text-43","assets/text/1406e483114549fe42.png","","체력 2,800  ·  방어력 240","168","1123","834","39","758","42","","","","",""
"cat-tank","뚱냥이","panel-44","assets/placed/4405b4a78e9acda39f.png","assets/ui/panel-cream.png","","48","1220","984","148","552","43","","","","",""
"cat-tank","뚱냥이","icon-sword-45","assets/placed/4ed079920ced162053.png","assets/icons/sword.png","","72","1252","72","72","596","44","","","","",""
"cat-tank","뚱냥이","text-46","assets/text/9b41165784833e3666.png","","장비 숙련도","168","1240","814","51","629","45","","","","",""
"cat-tank","뚱냥이","text-47","assets/text/1b539083854a82d2de.png","","장비를 사용할수록 더 강해져요","168","1293","834","39","588","46","","","","",""
"cat-tank","뚱냥이","row-hit-48","","","","48","1220","984","148","552","47","48","1220","984","148","mastery"
"cat-tank","뚱냥이","icon-back-49","assets/placed/75eff27796b699b40d.png","assets/icons/back.png","","972","1269","34","34","617","48","","","","",""
"cat-tank","뚱냥이","button-50","assets/placed/e0aa01af46824ab768.png","assets/ui/button-mint-normal.png","","48","1440","476","108","372","49","48","1428","476","132","squad"
"cat-tank","뚱냥이","text-51","assets/text/7fc90a31a30ee5b310.png","","편성하기","65","1459","444","48","413","50","","","","",""
"cat-tank","뚱냥이","button-52","assets/placed/d529888b9398593830.png","assets/ui/button-yellow-normal.png","","548","1440","484","108","372","51","548","1428","484","132","upgrade"
"cat-tank","뚱냥이","text-53","assets/text/6313527251dcd39e2d.png","","레벨업 · 5,000","564","1460","452","48","412","52","","","","",""
"cat-tank","뚱냥이","button-54","assets/placed/c1c3a9b4a60efb966f.png","assets/ui/button-cream-normal.png","","48","1580","984","100","240","53","48","1564","984","132","skins"
"cat-tank","뚱냥이","text-55","assets/text/b7e89d06a975993a2e.png","","스킨 보기","65","1598","952","48","274","54","","","","",""
"cat-archer","궁사냥이","background-1","assets/placed/348bc5b287f1eee990.png","assets/backgrounds/town.png","","0","0","1080","1920","0","0","","","","",""
"cat-archer","궁사냥이","resource-bar-3","assets/placed/67b2bb1183ebc40ed1.png","assets/ui/panel-cream.png","","30","28","1020","90","1802","1","","","","",""
"cat-archer","궁사냥이","title-bar-4","assets/placed/21cf35d5dcee417b8d.png","assets/ui/panel-cream.png","","30","128","1020","104","1688","2","","","","",""
"cat-archer","궁사냥이","icon-energy-5","assets/placed/9fa198e8f4245dbd0f.png","assets/icons/energy.png","","52","43","54","54","1823","3","","","","",""
"cat-archer","궁사냥이","text-6","assets/text/4f65a133e0ebec885a.png","","40/50","113","50","195","47","1823","4","","","","",""
"cat-archer","궁사냥이","icon-gold-7","assets/placed/0274a23a232ef47921.png","assets/icons/gold.png","","368","43","54","54","1823","5","","","","",""
"cat-archer","궁사냥이","text-8","assets/text/ed149040bb71721e2c.png","","12,500","429","50","195","47","1823","6","","","","",""
"cat-archer","궁사냥이","icon-gem-9","assets/placed/e238412bd856f270d9.png","assets/icons/gem.png","","684","43","54","54","1823","7","","","","",""
"cat-archer","궁사냥이","text-10","assets/text/b710de3b8f0ad3e447.png","","320","745","50","195","47","1823","8","","","","",""
"cat-archer","궁사냥이","button-11","assets/placed/a55e725f8d802af4a0.png","assets/ui/button-cream-normal.png","","38","138","76","76","1706","9","10","110","132","132","cats"
"cat-archer","궁사냥이","icon-back-12","assets/placed/dc05be2a4b9c6fda0c.png","assets/icons/back.png","","48","141","56","56","1723","10","","","","",""
"cat-archer","궁사냥이","text-13","assets/text/fa1420595e8c68e55b.png","","궁사냥이","138","143","742","65","1712","11","","","","",""
"cat-archer","궁사냥이","button-14","assets/placed/a55e725f8d802af4a0.png","assets/ui/button-cream-normal.png","","958","138","76","76","1706","12","930","110","132","132","settings"
"cat-archer","궁사냥이","icon-gear-15","assets/placed/71b09a6dc991d6f600.png","assets/icons/gear.png","","968","141","56","56","1723","13","","","","",""
"cat-archer","궁사냥이","bottom-nav-16","assets/placed/8a8204f9fa1fc6115b.png","assets/ui/panel-cream.png","","24","1734","1032","160","26","14","","","","",""
"cat-archer","궁사냥이","nav-hit-17","","","","39","1743","190","139","38","15","39","1743","190","139","workshop"
"cat-archer","궁사냥이","icon-forge-18","assets/placed/12ef2fd983b0f617f0.png","assets/icons/forge.png","","105","1753","60","60","107","16","","","","",""
"cat-archer","궁사냥이","text-19","assets/text/0d36b2df9353d9a6a4.png","","대장간","452","1792","180","44","84","17","","","","",""
"cat-archer","궁사냥이","active-tab-20","assets/placed/f669ab757bc5fc9425.png","assets/ui/panel-mint.png","","243","1744","190","135","41","18","","","","",""
"cat-archer","궁사냥이","nav-hit-21","","","","243","1743","190","139","38","19","243","1743","190","139","cats"
"cat-archer","궁사냥이","icon-cat-22","assets/placed/75618a37a684a9366c.png","assets/icons/cat.png","","308","1753","60","60","107","20","","","","",""
"cat-archer","궁사냥이","text-23","assets/text/b2c2d20f3863ead9e4.png","","고양이","249","1790","180","44","86","21","","","","",""
"cat-archer","궁사냥이","nav-hit-24","","","","447","1743","190","139","38","22","447","1743","190","139","modes"
"cat-archer","궁사냥이","icon-sword-25","assets/placed/2f37f0487b559d4738.png","assets/icons/sword.png","","512","1753","60","60","107","23","","","","",""
"cat-archer","궁사냥이","text-26","assets/text/37a71f4045908e9a35.png","","전투","452","1792","180","44","84","24","","","","",""
"cat-archer","궁사냥이","nav-hit-27","","","","651","1743","190","139","38","25","651","1743","190","139","shop"
"cat-archer","궁사냥이","icon-shop-28","assets/placed/48f9aabd0f0ed93c20.png","assets/icons/shop.png","","716","1753","60","60","107","26","","","","",""
"cat-archer","궁사냥이","text-29","assets/text/e93cf34436b725b2bc.png","","상점","453","1792","180","44","84","27","","","","",""
"cat-archer","궁사냥이","nav-hit-30","","","","855","1743","190","139","38","28","855","1743","190","139","ranking"
"cat-archer","궁사냥이","icon-trophy-31","assets/placed/f021e42cfce953f174.png","assets/icons/trophy.png","","920","1753","60","60","107","29","","","","",""
"cat-archer","궁사냥이","text-32","assets/text/ae295d719fe151b0fc.png","","랭킹","453","1792","180","44","84","30","","","","",""
"cat-archer","궁사냥이","panel-33","assets/placed/a39873207dfddc251c.png","assets/ui/panel-mint.png","","48","252","984","590","1078","31","","","","",""
"cat-archer","궁사냥이","shadow-cat-archer-34","assets/placed/fa2918d5cbcb0e4d77.png","assets/ui/ground-shadow.png","","356","738","355","31","1151","32","","","","",""
"cat-archer","궁사냥이","cat-archer-34","assets/placed/e4ee48272d3141dbcc.png","assets/characters/cat-archer.png","","294","275","480","480","1165","33","","","","",""
"cat-archer","궁사냥이","text-35","assets/text/84943512b3a2cce2a9.png","","Lv.15 · 원거리 딜러","112","751","850","51","1118","34","","","","",""
"cat-archer","궁사냥이","panel-36","assets/placed/4405b4a78e9acda39f.png","assets/ui/panel-cream.png","","48","880","984","148","892","35","","","","",""
"cat-archer","궁사냥이","icon-bow-37","assets/placed/0347aae6a0ac7a277a.png","assets/icons/bow.png","","72","912","72","72","936","36","","","","",""
"cat-archer","궁사냥이","text-38","assets/text/a187536597e55cc869.png","","고유 능력","168","900","814","51","969","37","","","","",""
"cat-archer","궁사냥이","text-39","assets/text/7cefd8ffd9260ccebf.png","","사거리와 치명타에 특화","168","953","834","39","928","38","","","","",""
"cat-archer","궁사냥이","panel-40","assets/placed/4405b4a78e9acda39f.png","assets/ui/panel-cream.png","","48","1050","984","148","722","39","","","","",""
"cat-archer","궁사냥이","icon-star-41","assets/placed/dabcc98c00c0b5e5ef.png","assets/icons/star.png","","72","1082","72","72","766","40","","","","",""
"cat-archer","궁사냥이","text-42","assets/text/bc28f3222c4d027ca4.png","","성장 능력치","168","1070","814","51","799","41","","","","",""
"cat-archer","궁사냥이","text-43","assets/text/5c8058920872aee9df.png","","사거리 8  ·  치명타 15%","168","1123","834","39","758","42","","","","",""
"cat-archer","궁사냥이","panel-44","assets/placed/4405b4a78e9acda39f.png","assets/ui/panel-cream.png","","48","1220","984","148","552","43","","","","",""
"cat-archer","궁사냥이","icon-sword-45","assets/placed/4ed079920ced162053.png","assets/icons/sword.png","","72","1252","72","72","596","44","","","","",""
"cat-archer","궁사냥이","text-46","assets/text/9b41165784833e3666.png","","장비 숙련도","168","1240","814","51","629","45","","","","",""
"cat-archer","궁사냥이","text-47","assets/text/1b539083854a82d2de.png","","장비를 사용할수록 더 강해져요","168","1293","834","39","588","46","","","","",""
"cat-archer","궁사냥이","row-hit-48","","","","48","1220","984","148","552","47","48","1220","984","148","mastery"
"cat-archer","궁사냥이","icon-back-49","assets/placed/75eff27796b699b40d.png","assets/icons/back.png","","972","1269","34","34","617","48","","","","",""
"cat-archer","궁사냥이","button-50","assets/placed/e0aa01af46824ab768.png","assets/ui/button-mint-normal.png","","48","1440","476","108","372","49","48","1428","476","132","squad"
"cat-archer","궁사냥이","text-51","assets/text/7fc90a31a30ee5b310.png","","편성하기","65","1459","444","48","413","50","","","","",""
"cat-archer","궁사냥이","button-52","assets/placed/d529888b9398593830.png","assets/ui/button-yellow-normal.png","","548","1440","484","108","372","51","548","1428","484","132","upgrade"
"cat-archer","궁사냥이","text-53","assets/text/6313527251dcd39e2d.png","","레벨업 · 5,000","564","1460","452","48","412","52","","","","",""
"cat-archer","궁사냥이","button-54","assets/placed/c1c3a9b4a60efb966f.png","assets/ui/button-cream-normal.png","","48","1580","984","100","240","53","48","1564","984","132","skins"
"cat-archer","궁사냥이","text-55","assets/text/b7e89d06a975993a2e.png","","스킨 보기","65","1598","952","48","274","54","","","","",""
"cat-healer","성직냥이","background-1","assets/placed/348bc5b287f1eee990.png","assets/backgrounds/town.png","","0","0","1080","1920","0","0","","","","",""
"cat-healer","성직냥이","resource-bar-3","assets/placed/67b2bb1183ebc40ed1.png","assets/ui/panel-cream.png","","30","28","1020","90","1802","1","","","","",""
"cat-healer","성직냥이","title-bar-4","assets/placed/21cf35d5dcee417b8d.png","assets/ui/panel-cream.png","","30","128","1020","104","1688","2","","","","",""
"cat-healer","성직냥이","icon-energy-5","assets/placed/9fa198e8f4245dbd0f.png","assets/icons/energy.png","","52","43","54","54","1823","3","","","","",""
"cat-healer","성직냥이","text-6","assets/text/4f65a133e0ebec885a.png","","40/50","113","50","195","47","1823","4","","","","",""
"cat-healer","성직냥이","icon-gold-7","assets/placed/0274a23a232ef47921.png","assets/icons/gold.png","","368","43","54","54","1823","5","","","","",""
"cat-healer","성직냥이","text-8","assets/text/ed149040bb71721e2c.png","","12,500","429","50","195","47","1823","6","","","","",""
"cat-healer","성직냥이","icon-gem-9","assets/placed/e238412bd856f270d9.png","assets/icons/gem.png","","684","43","54","54","1823","7","","","","",""
"cat-healer","성직냥이","text-10","assets/text/b710de3b8f0ad3e447.png","","320","745","50","195","47","1823","8","","","","",""
"cat-healer","성직냥이","button-11","assets/placed/a55e725f8d802af4a0.png","assets/ui/button-cream-normal.png","","38","138","76","76","1706","9","10","110","132","132","cats"
"cat-healer","성직냥이","icon-back-12","assets/placed/dc05be2a4b9c6fda0c.png","assets/icons/back.png","","48","141","56","56","1723","10","","","","",""
"cat-healer","성직냥이","text-13","assets/text/c8a9f7e02d4553a01b.png","","성직냥이","138","143","742","65","1712","11","","","","",""
"cat-healer","성직냥이","button-14","assets/placed/a55e725f8d802af4a0.png","assets/ui/button-cream-normal.png","","958","138","76","76","1706","12","930","110","132","132","settings"
"cat-healer","성직냥이","icon-gear-15","assets/placed/71b09a6dc991d6f600.png","assets/icons/gear.png","","968","141","56","56","1723","13","","","","",""
"cat-healer","성직냥이","bottom-nav-16","assets/placed/8a8204f9fa1fc6115b.png","assets/ui/panel-cream.png","","24","1734","1032","160","26","14","","","","",""
"cat-healer","성직냥이","nav-hit-17","","","","39","1743","190","139","38","15","39","1743","190","139","workshop"
"cat-healer","성직냥이","icon-forge-18","assets/placed/12ef2fd983b0f617f0.png","assets/icons/forge.png","","105","1753","60","60","107","16","","","","",""
"cat-healer","성직냥이","text-19","assets/text/0d36b2df9353d9a6a4.png","","대장간","452","1792","180","44","84","17","","","","",""
"cat-healer","성직냥이","active-tab-20","assets/placed/f669ab757bc5fc9425.png","assets/ui/panel-mint.png","","243","1744","190","135","41","18","","","","",""
"cat-healer","성직냥이","nav-hit-21","","","","243","1743","190","139","38","19","243","1743","190","139","cats"
"cat-healer","성직냥이","icon-cat-22","assets/placed/75618a37a684a9366c.png","assets/icons/cat.png","","308","1753","60","60","107","20","","","","",""
"cat-healer","성직냥이","text-23","assets/text/b2c2d20f3863ead9e4.png","","고양이","249","1790","180","44","86","21","","","","",""
"cat-healer","성직냥이","nav-hit-24","","","","447","1743","190","139","38","22","447","1743","190","139","modes"
"cat-healer","성직냥이","icon-sword-25","assets/placed/2f37f0487b559d4738.png","assets/icons/sword.png","","512","1753","60","60","107","23","","","","",""
"cat-healer","성직냥이","text-26","assets/text/37a71f4045908e9a35.png","","전투","452","1792","180","44","84","24","","","","",""
"cat-healer","성직냥이","nav-hit-27","","","","651","1743","190","139","38","25","651","1743","190","139","shop"
"cat-healer","성직냥이","icon-shop-28","assets/placed/48f9aabd0f0ed93c20.png","assets/icons/shop.png","","716","1753","60","60","107","26","","","","",""
"cat-healer","성직냥이","text-29","assets/text/e93cf34436b725b2bc.png","","상점","453","1792","180","44","84","27","","","","",""
"cat-healer","성직냥이","nav-hit-30","","","","855","1743","190","139","38","28","855","1743","190","139","ranking"
"cat-healer","성직냥이","icon-trophy-31","assets/placed/f021e42cfce953f174.png","assets/icons/trophy.png","","920","1753","60","60","107","29","","","","",""
"cat-healer","성직냥이","text-32","assets/text/ae295d719fe151b0fc.png","","랭킹","453","1792","180","44","84","30","","","","",""
"cat-healer","성직냥이","panel-33","assets/placed/a55e252e63b6cf0b14.png","assets/ui/panel-cream.png","","48","252","984","590","1078","31","","","","",""
"cat-healer","성직냥이","shadow-cat-healer-34","assets/placed/fa2918d5cbcb0e4d77.png","assets/ui/ground-shadow.png","","356","738","355","31","1151","32","","","","",""
"cat-healer","성직냥이","cat-healer-34","assets/placed/99d2f5e3f3ed275dd3.png","assets/characters/cat-healer.png","","294","275","480","480","1165","33","","","","",""
"cat-healer","성직냥이","text-35","assets/text/bd6e4dc4a4e5314124.png","","Lv.15 · 힐러","112","751","850","51","1118","34","","","","",""
"cat-healer","성직냥이","panel-36","assets/placed/4405b4a78e9acda39f.png","assets/ui/panel-cream.png","","48","880","984","148","892","35","","","","",""
"cat-healer","성직냥이","icon-heart-37","assets/placed/8406a7ef085f47b4aa.png","assets/icons/heart.png","","72","912","72","72","936","36","","","","",""
"cat-healer","성직냥이","text-38","assets/text/a187536597e55cc869.png","","고유 능력","168","900","814","51","969","37","","","","",""
"cat-healer","성직냥이","text-39","assets/text/7697da3e597a64d8da.png","","회복을 아군 전체에게","168","953","834","39","928","38","","","","",""
"cat-healer","성직냥이","panel-40","assets/placed/4405b4a78e9acda39f.png","assets/ui/panel-cream.png","","48","1050","984","148","722","39","","","","",""
"cat-healer","성직냥이","icon-star-41","assets/placed/dabcc98c00c0b5e5ef.png","assets/icons/star.png","","72","1082","72","72","766","40","","","","",""
"cat-healer","성직냥이","text-42","assets/text/bc28f3222c4d027ca4.png","","성장 능력치","168","1070","814","51","799","41","","","","",""
"cat-healer","성직냥이","text-43","assets/text/31cec67523cb5651cf.png","","회복량 280  ·  회복 주기 4초","168","1123","834","39","758","42","","","","",""
"cat-healer","성직냥이","panel-44","assets/placed/4405b4a78e9acda39f.png","assets/ui/panel-cream.png","","48","1220","984","148","552","43","","","","",""
"cat-healer","성직냥이","icon-sword-45","assets/placed/4ed079920ced162053.png","assets/icons/sword.png","","72","1252","72","72","596","44","","","","",""
"cat-healer","성직냥이","text-46","assets/text/9b41165784833e3666.png","","장비 숙련도","168","1240","814","51","629","45","","","","",""
"cat-healer","성직냥이","text-47","assets/text/1b539083854a82d2de.png","","장비를 사용할수록 더 강해져요","168","1293","834","39","588","46","","","","",""
"cat-healer","성직냥이","row-hit-48","","","","48","1220","984","148","552","47","48","1220","984","148","mastery"
"cat-healer","성직냥이","icon-back-49","assets/placed/75eff27796b699b40d.png","assets/icons/back.png","","972","1269","34","34","617","48","","","","",""
"cat-healer","성직냥이","button-50","assets/placed/e0aa01af46824ab768.png","assets/ui/button-mint-normal.png","","48","1440","476","108","372","49","48","1428","476","132","squad"
"cat-healer","성직냥이","text-51","assets/text/7fc90a31a30ee5b310.png","","편성하기","65","1459","444","48","413","50","","","","",""
"cat-healer","성직냥이","button-52","assets/placed/d529888b9398593830.png","assets/ui/button-yellow-normal.png","","548","1440","484","108","372","51","548","1428","484","132","upgrade"
"cat-healer","성직냥이","text-53","assets/text/6313527251dcd39e2d.png","","레벨업 · 5,000","564","1460","452","48","412","52","","","","",""
"cat-healer","성직냥이","button-54","assets/placed/c1c3a9b4a60efb966f.png","assets/ui/button-cream-normal.png","","48","1580","984","100","240","53","48","1564","984","132","skins"
"cat-healer","성직냥이","text-55","assets/text/b7e89d06a975993a2e.png","","스킨 보기","65","1598","952","48","274","54","","","","",""
"cat-wizard","마법사냥이","background-1","assets/placed/348bc5b287f1eee990.png","assets/backgrounds/town.png","","0","0","1080","1920","0","0","","","","",""
"cat-wizard","마법사냥이","resource-bar-3","assets/placed/67b2bb1183ebc40ed1.png","assets/ui/panel-cream.png","","30","28","1020","90","1802","1","","","","",""
"cat-wizard","마법사냥이","title-bar-4","assets/placed/21cf35d5dcee417b8d.png","assets/ui/panel-cream.png","","30","128","1020","104","1688","2","","","","",""
"cat-wizard","마법사냥이","icon-energy-5","assets/placed/9fa198e8f4245dbd0f.png","assets/icons/energy.png","","52","43","54","54","1823","3","","","","",""
"cat-wizard","마법사냥이","text-6","assets/text/4f65a133e0ebec885a.png","","40/50","113","50","195","47","1823","4","","","","",""
"cat-wizard","마법사냥이","icon-gold-7","assets/placed/0274a23a232ef47921.png","assets/icons/gold.png","","368","43","54","54","1823","5","","","","",""
"cat-wizard","마법사냥이","text-8","assets/text/ed149040bb71721e2c.png","","12,500","429","50","195","47","1823","6","","","","",""
"cat-wizard","마법사냥이","icon-gem-9","assets/placed/e238412bd856f270d9.png","assets/icons/gem.png","","684","43","54","54","1823","7","","","","",""
"cat-wizard","마법사냥이","text-10","assets/text/b710de3b8f0ad3e447.png","","320","745","50","195","47","1823","8","","","","",""
"cat-wizard","마법사냥이","button-11","assets/placed/a55e725f8d802af4a0.png","assets/ui/button-cream-normal.png","","38","138","76","76","1706","9","10","110","132","132","cats"
"cat-wizard","마법사냥이","icon-back-12","assets/placed/dc05be2a4b9c6fda0c.png","assets/icons/back.png","","48","141","56","56","1723","10","","","","",""
"cat-wizard","마법사냥이","text-13","assets/text/a17b87cc9978413ca6.png","","마법사냥이","138","143","742","65","1712","11","","","","",""
"cat-wizard","마법사냥이","button-14","assets/placed/a55e725f8d802af4a0.png","assets/ui/button-cream-normal.png","","958","138","76","76","1706","12","930","110","132","132","settings"
"cat-wizard","마법사냥이","icon-gear-15","assets/placed/71b09a6dc991d6f600.png","assets/icons/gear.png","","968","141","56","56","1723","13","","","","",""
"cat-wizard","마법사냥이","bottom-nav-16","assets/placed/8a8204f9fa1fc6115b.png","assets/ui/panel-cream.png","","24","1734","1032","160","26","14","","","","",""
"cat-wizard","마법사냥이","nav-hit-17","","","","39","1743","190","139","38","15","39","1743","190","139","workshop"
"cat-wizard","마법사냥이","icon-forge-18","assets/placed/12ef2fd983b0f617f0.png","assets/icons/forge.png","","105","1753","60","60","107","16","","","","",""
"cat-wizard","마법사냥이","text-19","assets/text/0d36b2df9353d9a6a4.png","","대장간","452","1792","180","44","84","17","","","","",""
"cat-wizard","마법사냥이","active-tab-20","assets/placed/f669ab757bc5fc9425.png","assets/ui/panel-mint.png","","243","1744","190","135","41","18","","","","",""
"cat-wizard","마법사냥이","nav-hit-21","","","","243","1743","190","139","38","19","243","1743","190","139","cats"
"cat-wizard","마법사냥이","icon-cat-22","assets/placed/75618a37a684a9366c.png","assets/icons/cat.png","","308","1753","60","60","107","20","","","","",""
"cat-wizard","마법사냥이","text-23","assets/text/b2c2d20f3863ead9e4.png","","고양이","249","1790","180","44","86","21","","","","",""
"cat-wizard","마법사냥이","nav-hit-24","","","","447","1743","190","139","38","22","447","1743","190","139","modes"
"cat-wizard","마법사냥이","icon-sword-25","assets/placed/2f37f0487b559d4738.png","assets/icons/sword.png","","512","1753","60","60","107","23","","","","",""
"cat-wizard","마법사냥이","text-26","assets/text/37a71f4045908e9a35.png","","전투","452","1792","180","44","84","24","","","","",""
"cat-wizard","마법사냥이","nav-hit-27","","","","651","1743","190","139","38","25","651","1743","190","139","shop"
"cat-wizard","마법사냥이","icon-shop-28","assets/placed/48f9aabd0f0ed93c20.png","assets/icons/shop.png","","716","1753","60","60","107","26","","","","",""
"cat-wizard","마법사냥이","text-29","assets/text/e93cf34436b725b2bc.png","","상점","453","1792","180","44","84","27","","","","",""
"cat-wizard","마법사냥이","nav-hit-30","","","","855","1743","190","139","38","28","855","1743","190","139","ranking"
"cat-wizard","마법사냥이","icon-trophy-31","assets/placed/f021e42cfce953f174.png","assets/icons/trophy.png","","920","1753","60","60","107","29","","","","",""
"cat-wizard","마법사냥이","text-32","assets/text/ae295d719fe151b0fc.png","","랭킹","453","1792","180","44","84","30","","","","",""
"cat-wizard","마법사냥이","panel-33","assets/placed/4f61cd0d191b5108a5.png","assets/ui/panel-lavender.png","","48","252","984","590","1078","31","","","","",""
"cat-wizard","마법사냥이","shadow-cat-wizard-34","assets/placed/fa2918d5cbcb0e4d77.png","assets/ui/ground-shadow.png","","356","738","355","31","1151","32","","","","",""
"cat-wizard","마법사냥이","cat-wizard-34","assets/placed/8b9a067c4dd2da831f.png","assets/characters/cat-wizard.png","","294","275","480","480","1165","33","","","","",""
"cat-wizard","마법사냥이","text-35","assets/text/f4255a7836be7f51f5.png","","Lv.15 · 광역 딜러","112","751","850","51","1118","34","","","","",""
"cat-wizard","마법사냥이","panel-36","assets/placed/4405b4a78e9acda39f.png","assets/ui/panel-cream.png","","48","880","984","148","892","35","","","","",""
"cat-wizard","마법사냥이","icon-wand-37","assets/placed/8621eda390e57ba03b.png","assets/icons/wand.png","","72","912","72","72","936","36","","","","",""
"cat-wizard","마법사냥이","text-38","assets/text/a187536597e55cc869.png","","고유 능력","168","900","814","51","969","37","","","","",""
"cat-wizard","마법사냥이","text-39","assets/text/6ecbddadd686bcbde7.png","","화염구로 여러 적을 공격해요","168","953","834","39","928","38","","","","",""
"cat-wizard","마법사냥이","panel-40","assets/placed/4405b4a78e9acda39f.png","assets/ui/panel-cream.png","","48","1050","984","148","722","39","","","","",""
"cat-wizard","마법사냥이","icon-star-41","assets/placed/dabcc98c00c0b5e5ef.png","assets/icons/star.png","","72","1082","72","72","766","40","","","","",""
"cat-wizard","마법사냥이","text-42","assets/text/bc28f3222c4d027ca4.png","","성장 능력치","168","1070","814","51","799","41","","","","",""
"cat-wizard","마법사냥이","text-43","assets/text/33e39269e1655dad0a.png","","마법 피해 420  ·  광역 범위 3","168","1123","834","39","758","42","","","","",""
"cat-wizard","마법사냥이","panel-44","assets/placed/4405b4a78e9acda39f.png","assets/ui/panel-cream.png","","48","1220","984","148","552","43","","","","",""
"cat-wizard","마법사냥이","icon-sword-45","assets/placed/4ed079920ced162053.png","assets/icons/sword.png","","72","1252","72","72","596","44","","","","",""
"cat-wizard","마법사냥이","text-46","assets/text/9b41165784833e3666.png","","장비 숙련도","168","1240","814","51","629","45","","","","",""
"cat-wizard","마법사냥이","text-47","assets/text/1b539083854a82d2de.png","","장비를 사용할수록 더 강해져요","168","1293","834","39","588","46","","","","",""
"cat-wizard","마법사냥이","row-hit-48","","","","48","1220","984","148","552","47","48","1220","984","148","mastery"
"cat-wizard","마법사냥이","icon-back-49","assets/placed/75eff27796b699b40d.png","assets/icons/back.png","","972","1269","34","34","617","48","","","","",""
"cat-wizard","마법사냥이","button-50","assets/placed/e0aa01af46824ab768.png","assets/ui/button-mint-normal.png","","48","1440","476","108","372","49","48","1428","476","132","squad"
"cat-wizard","마법사냥이","text-51","assets/text/7fc90a31a30ee5b310.png","","편성하기","65","1459","444","48","413","50","","","","",""
"cat-wizard","마법사냥이","button-52","assets/placed/d529888b9398593830.png","assets/ui/button-yellow-normal.png","","548","1440","484","108","372","51","548","1428","484","132","upgrade"
"cat-wizard","마법사냥이","text-53","assets/text/6313527251dcd39e2d.png","","레벨업 · 5,000","564","1460","452","48","412","52","","","","",""
"cat-wizard","마법사냥이","button-54","assets/placed/c1c3a9b4a60efb966f.png","assets/ui/button-cream-normal.png","","48","1580","984","100","240","53","48","1564","984","132","skins"
"cat-wizard","마법사냥이","text-55","assets/text/b7e89d06a975993a2e.png","","스킨 보기","65","1598","952","48","274","54","","","","",""
"squad","출전 편성","background-1","assets/placed/348bc5b287f1eee990.png","assets/backgrounds/town.png","","0","0","1080","1920","0","0","","","","",""
"squad","출전 편성","resource-bar-3","assets/placed/67b2bb1183ebc40ed1.png","assets/ui/panel-cream.png","","30","28","1020","90","1802","1","","","","",""
"squad","출전 편성","title-bar-4","assets/placed/21cf35d5dcee417b8d.png","assets/ui/panel-cream.png","","30","128","1020","104","1688","2","","","","",""
"squad","출전 편성","icon-energy-5","assets/placed/9fa198e8f4245dbd0f.png","assets/icons/energy.png","","52","43","54","54","1823","3","","","","",""
"squad","출전 편성","text-6","assets/text/4f65a133e0ebec885a.png","","40/50","113","50","195","47","1823","4","","","","",""
"squad","출전 편성","icon-gold-7","assets/placed/0274a23a232ef47921.png","assets/icons/gold.png","","368","43","54","54","1823","5","","","","",""
"squad","출전 편성","text-8","assets/text/ed149040bb71721e2c.png","","12,500","429","50","195","47","1823","6","","","","",""
"squad","출전 편성","icon-gem-9","assets/placed/e238412bd856f270d9.png","assets/icons/gem.png","","684","43","54","54","1823","7","","","","",""
"squad","출전 편성","text-10","assets/text/b710de3b8f0ad3e447.png","","320","745","50","195","47","1823","8","","","","",""
"squad","출전 편성","button-11","assets/placed/a55e725f8d802af4a0.png","assets/ui/button-cream-normal.png","","38","138","76","76","1706","9","10","110","132","132","cats"
"squad","출전 편성","icon-back-12","assets/placed/dc05be2a4b9c6fda0c.png","assets/icons/back.png","","48","141","56","56","1723","10","","","","",""
"squad","출전 편성","text-13","assets/text/6fa47cd8374f0b0894.png","","출전 편성","138","143","742","65","1712","11","","","","",""
"squad","출전 편성","button-14","assets/placed/a55e725f8d802af4a0.png","assets/ui/button-cream-normal.png","","958","138","76","76","1706","12","930","110","132","132","settings"
"squad","출전 편성","icon-gear-15","assets/placed/71b09a6dc991d6f600.png","assets/icons/gear.png","","968","141","56","56","1723","13","","","","",""
"squad","출전 편성","bottom-nav-16","assets/placed/8a8204f9fa1fc6115b.png","assets/ui/panel-cream.png","","24","1734","1032","160","26","14","","","","",""
"squad","출전 편성","nav-hit-17","","","","39","1743","190","139","38","15","39","1743","190","139","workshop"
"squad","출전 편성","icon-forge-18","assets/placed/12ef2fd983b0f617f0.png","assets/icons/forge.png","","105","1753","60","60","107","16","","","","",""
"squad","출전 편성","text-19","assets/text/0d36b2df9353d9a6a4.png","","대장간","452","1792","180","44","84","17","","","","",""
"squad","출전 편성","active-tab-20","assets/placed/f669ab757bc5fc9425.png","assets/ui/panel-mint.png","","243","1744","190","135","41","18","","","","",""
"squad","출전 편성","nav-hit-21","","","","243","1743","190","139","38","19","243","1743","190","139","cats"
"squad","출전 편성","icon-cat-22","assets/placed/75618a37a684a9366c.png","assets/icons/cat.png","","308","1753","60","60","107","20","","","","",""
"squad","출전 편성","text-23","assets/text/b2c2d20f3863ead9e4.png","","고양이","249","1790","180","44","86","21","","","","",""
"squad","출전 편성","nav-hit-24","","","","447","1743","190","139","38","22","447","1743","190","139","modes"
"squad","출전 편성","icon-sword-25","assets/placed/2f37f0487b559d4738.png","assets/icons/sword.png","","512","1753","60","60","107","23","","","","",""
"squad","출전 편성","text-26","assets/text/37a71f4045908e9a35.png","","전투","452","1792","180","44","84","24","","","","",""
"squad","출전 편성","nav-hit-27","","","","651","1743","190","139","38","25","651","1743","190","139","shop"
"squad","출전 편성","icon-shop-28","assets/placed/48f9aabd0f0ed93c20.png","assets/icons/shop.png","","716","1753","60","60","107","26","","","","",""
"squad","출전 편성","text-29","assets/text/e93cf34436b725b2bc.png","","상점","453","1792","180","44","84","27","","","","",""
"squad","출전 편성","nav-hit-30","","","","855","1743","190","139","38","28","855","1743","190","139","ranking"
"squad","출전 편성","icon-trophy-31","assets/placed/f021e42cfce953f174.png","assets/icons/trophy.png","","920","1753","60","60","107","29","","","","",""
"squad","출전 편성","text-32","assets/text/ae295d719fe151b0fc.png","","랭킹","453","1792","180","44","84","30","","","","",""
"squad","출전 편성","panel-33","assets/placed/ef23217a50313881d0.png","assets/ui/panel-mint.png","","48","248","984","380","1292","31","","","","",""
"squad","출전 편성","text-34","assets/text/51988310acd873906b.png","","두 마리의 단짝","82","278","600","65","1577","32","","","","",""
"squad","출전 편성","text-35","assets/text/dbe7af75babec6bb0c.png","","탱커 · 딜러 · 힐러 조합을 맞춰보세요","82","340","650","42","1538","33","","","","",""
"squad","출전 편성","shadow-cat-tank-36","assets/placed/29cf6c496bb3e07a5b.png","assets/ui/ground-shadow.png","","686","601","207","31","1288","34","","","","",""
"squad","출전 편성","cat-tank-36","assets/placed/2b03c264c92fa96253.png","assets/characters/cat-tank.png","","650","338","280","280","1302","35","","","","",""
"squad","출전 편성","shadow-cat-warrior-37","assets/placed/ac093c819e1e746a71.png","assets/ui/ground-shadow.png","","137","564","167","31","1325","36","","","","",""
"squad","출전 편성","cat-warrior-37","assets/placed/d42b088398627cee7d.png","assets/characters/cat-warrior.png","","108","356","225","225","1339","37","","","","",""
"squad","출전 편성","subtitle-back-text-38","assets/placed/b480c09427c3adad9d.png","assets/ui/panel-cream.png","","40","672","778","66","1182","38","","","","",""
"squad","출전 편성","text-38","assets/text/c0a6c9f1ed53ea2af0.png","","편성할 고양이","54","680","750","53","1187","39","","","","",""
"squad","출전 편성","text-39","assets/text/6e21d60047dfbecd94.png","","슬롯 2 / 2","738","684","286","38","1198","40","","","","",""
"squad","출전 편성","panel-40","assets/placed/215dd449d71ec137d5.png","assets/ui/panel-mint.png","","48","752","316","316","852","41","","","","",""
"squad","출전 편성","shadow-cat-warrior-41","assets/placed/ac093c819e1e746a71.png","assets/ui/ground-shadow.png","","121","974","167","31","915","42","","","","",""
"squad","출전 편성","cat-warrior-41","assets/placed/d42b088398627cee7d.png","assets/characters/cat-warrior.png","","92","766","225","225","929","43","","","","",""
"squad","출전 편성","text-42","assets/text/73f6de240227f77ad1.png","","전사냥이","61","996","292","42","882","44","","","","",""
"squad","출전 편성","icon-check-43","assets/placed/8f36a201386c94c775.png","assets/icons/check.png","","303","772","42","42","1106","45","","","","",""
"squad","출전 편성","panel-44","assets/placed/215dd449d71ec137d5.png","assets/ui/panel-mint.png","","382","752","316","316","852","46","","","","",""
"squad","출전 편성","shadow-cat-tank-45","assets/placed/ac093c819e1e746a71.png","assets/ui/ground-shadow.png","","455","974","167","31","915","47","","","","",""
"squad","출전 편성","cat-tank-45","assets/placed/c6062cab8666d53160.png","assets/characters/cat-tank.png","","426","766","225","225","929","48","","","","",""
"squad","출전 편성","text-46","assets/text/852392bce595a52739.png","","뚱냥이","395","996","292","42","882","49","","","","",""
"squad","출전 편성","icon-check-47","assets/placed/8f36a201386c94c775.png","assets/icons/check.png","","637","772","42","42","1106","50","","","","",""
"squad","출전 편성","panel-48","assets/placed/698ef65fe075a780be.png","assets/ui/panel-cream.png","","716","752","316","316","852","51","","","","",""
"squad","출전 편성","shadow-cat-archer-49","assets/placed/ac093c819e1e746a71.png","assets/ui/ground-shadow.png","","789","974","167","31","915","52","","","","",""
"squad","출전 편성","cat-archer-49","assets/placed/c626f2e04016080b38.png","assets/characters/cat-archer.png","","760","766","225","225","929","53","","","","",""
"squad","출전 편성","text-50","assets/text/45e9cb004a397a1958.png","","궁사냥이","729","996","292","42","882","54","","","","",""
"squad","출전 편성","panel-51","assets/placed/698ef65fe075a780be.png","assets/ui/panel-cream.png","","48","1097","316","316","507","55","","","","",""
"squad","출전 편성","shadow-cat-healer-52","assets/placed/ac093c819e1e746a71.png","assets/ui/ground-shadow.png","","121","1319","167","31","570","56","","","","",""
"squad","출전 편성","cat-healer-52","assets/placed/44af46ae5b8679cecd.png","assets/characters/cat-healer.png","","92","1111","225","225","584","57","","","","",""
"squad","출전 편성","text-53","assets/text/8b1c010637cd4b6142.png","","성직냥이","61","1341","292","42","537","58","","","","",""
"squad","출전 편성","panel-54","assets/placed/698ef65fe075a780be.png","assets/ui/panel-cream.png","","382","1097","316","316","507","59","","","","",""
"squad","출전 편성","shadow-cat-wizard-55","assets/placed/ac093c819e1e746a71.png","assets/ui/ground-shadow.png","","455","1319","167","31","570","60","","","","",""
"squad","출전 편성","cat-wizard-55","assets/placed/15cb6d8c8118bb4783.png","assets/characters/cat-wizard.png","","426","1111","225","225","584","61","","","","",""
"squad","출전 편성","text-56","assets/text/baa8243f6e3a7bc425.png","","마법사냥이","395","1341","292","42","537","62","","","","",""
"squad","출전 편성","button-57","assets/placed/92355701f3992aaf32.png","assets/ui/button-yellow-normal.png","","48","1565","984","112","243","63","48","1555","984","132","cats"
"squad","출전 편성","icon-check-58","assets/placed/6597ca2b5bd037aa0e.png","assets/icons/check.png","","441","1585","56","56","279","64","","","","",""
"squad","출전 편성","text-59","assets/text/a3c3384642ebc8b308.png","","편성 저장","133","1588","886","48","284","65","","","","",""
"mastery","장비 숙련도","background-1","assets/placed/348bc5b287f1eee990.png","assets/backgrounds/town.png","","0","0","1080","1920","0","0","","","","",""
"mastery","장비 숙련도","resource-bar-3","assets/placed/67b2bb1183ebc40ed1.png","assets/ui/panel-cream.png","","30","28","1020","90","1802","1","","","","",""
"mastery","장비 숙련도","title-bar-4","assets/placed/21cf35d5dcee417b8d.png","assets/ui/panel-cream.png","","30","128","1020","104","1688","2","","","","",""
"mastery","장비 숙련도","icon-energy-5","assets/placed/9fa198e8f4245dbd0f.png","assets/icons/energy.png","","52","43","54","54","1823","3","","","","",""
"mastery","장비 숙련도","text-6","assets/text/4f65a133e0ebec885a.png","","40/50","113","50","195","47","1823","4","","","","",""
"mastery","장비 숙련도","icon-gold-7","assets/placed/0274a23a232ef47921.png","assets/icons/gold.png","","368","43","54","54","1823","5","","","","",""
"mastery","장비 숙련도","text-8","assets/text/ed149040bb71721e2c.png","","12,500","429","50","195","47","1823","6","","","","",""
"mastery","장비 숙련도","icon-gem-9","assets/placed/e238412bd856f270d9.png","assets/icons/gem.png","","684","43","54","54","1823","7","","","","",""
"mastery","장비 숙련도","text-10","assets/text/b710de3b8f0ad3e447.png","","320","745","50","195","47","1823","8","","","","",""
"mastery","장비 숙련도","button-11","assets/placed/a55e725f8d802af4a0.png","assets/ui/button-cream-normal.png","","38","138","76","76","1706","9","10","110","132","132","cats"
"mastery","장비 숙련도","icon-back-12","assets/placed/dc05be2a4b9c6fda0c.png","assets/icons/back.png","","48","141","56","56","1723","10","","","","",""
"mastery","장비 숙련도","text-13","assets/text/b449da9879b7907cdb.png","","장비 숙련도","138","143","742","65","1712","11","","","","",""
"mastery","장비 숙련도","button-14","assets/placed/a55e725f8d802af4a0.png","assets/ui/button-cream-normal.png","","958","138","76","76","1706","12","930","110","132","132","settings"
"mastery","장비 숙련도","icon-gear-15","assets/placed/71b09a6dc991d6f600.png","assets/icons/gear.png","","968","141","56","56","1723","13","","","","",""
"mastery","장비 숙련도","bottom-nav-16","assets/placed/8a8204f9fa1fc6115b.png","assets/ui/panel-cream.png","","24","1734","1032","160","26","14","","","","",""
"mastery","장비 숙련도","nav-hit-17","","","","39","1743","190","139","38","15","39","1743","190","139","workshop"
"mastery","장비 숙련도","icon-forge-18","assets/placed/12ef2fd983b0f617f0.png","assets/icons/forge.png","","105","1753","60","60","107","16","","","","",""
"mastery","장비 숙련도","text-19","assets/text/0d36b2df9353d9a6a4.png","","대장간","452","1792","180","44","84","17","","","","",""
"mastery","장비 숙련도","active-tab-20","assets/placed/f669ab757bc5fc9425.png","assets/ui/panel-mint.png","","243","1744","190","135","41","18","","","","",""
"mastery","장비 숙련도","nav-hit-21","","","","243","1743","190","139","38","19","243","1743","190","139","cats"
"mastery","장비 숙련도","icon-cat-22","assets/placed/75618a37a684a9366c.png","assets/icons/cat.png","","308","1753","60","60","107","20","","","","",""
"mastery","장비 숙련도","text-23","assets/text/b2c2d20f3863ead9e4.png","","고양이","249","1790","180","44","86","21","","","","",""
"mastery","장비 숙련도","nav-hit-24","","","","447","1743","190","139","38","22","447","1743","190","139","modes"
"mastery","장비 숙련도","icon-sword-25","assets/placed/2f37f0487b559d4738.png","assets/icons/sword.png","","512","1753","60","60","107","23","","","","",""
"mastery","장비 숙련도","text-26","assets/text/37a71f4045908e9a35.png","","전투","452","1792","180","44","84","24","","","","",""
"mastery","장비 숙련도","nav-hit-27","","","","651","1743","190","139","38","25","651","1743","190","139","shop"
"mastery","장비 숙련도","icon-shop-28","assets/placed/48f9aabd0f0ed93c20.png","assets/icons/shop.png","","716","1753","60","60","107","26","","","","",""
"mastery","장비 숙련도","text-29","assets/text/e93cf34436b725b2bc.png","","상점","453","1792","180","44","84","27","","","","",""
"mastery","장비 숙련도","nav-hit-30","","","","855","1743","190","139","38","28","855","1743","190","139","ranking"
"mastery","장비 숙련도","icon-trophy-31","assets/placed/f021e42cfce953f174.png","assets/icons/trophy.png","","920","1753","60","60","107","29","","","","",""
"mastery","장비 숙련도","text-32","assets/text/ae295d719fe151b0fc.png","","랭킹","453","1792","180","44","84","30","","","","",""
"mastery","장비 숙련도","panel-33","assets/placed/9458049c56b816572b.png","assets/ui/panel-lavender.png","","48","248","984","250","1422","31","","","","",""
"mastery","장비 숙련도","text-34","assets/text/7abc722d53326b2759.png","","쓸수록 익숙해져요","82","278","600","65","1577","32","","","","",""
"mastery","장비 숙련도","text-35","assets/text/416d2d37dd289a3aee.png","","장비 숙련은 계정 전체에 적용됩니다","82","340","650","42","1538","33","","","","",""
"mastery","장비 숙련도","shadow-cat-warrior-36","assets/placed/29cf6c496bb3e07a5b.png","assets/ui/ground-shadow.png","","686","591","207","31","1298","34","","","","",""
"mastery","장비 숙련도","cat-warrior-36","assets/placed/78a48d2eec5b30a5ad.png","assets/characters/cat-warrior.png","","650","328","280","280","1312","35","","","","",""
"mastery","장비 숙련도","panel-37","assets/placed/4405b4a78e9acda39f.png","assets/ui/panel-cream.png","","48","530","984","148","1242","36","","","","",""
"mastery","장비 숙련도","icon-sword-38","assets/placed/4ed079920ced162053.png","assets/icons/sword.png","","72","562","72","72","1286","37","","","","",""
"mastery","장비 숙련도","text-39","assets/text/940dee7f01945fac19.png","","무기 숙련 Lv.8","168","550","814","51","1319","38","","","","",""
"mastery","장비 숙련도","text-40","assets/text/bb3591ddd64c3bec13.png","","공격 보급 효과 +12%","168","603","834","39","1278","39","","","","",""
"mastery","장비 숙련도","row-hit-41","","","","48","530","984","148","1242","40","48","530","984","148","item-detail"
"mastery","장비 숙련도","icon-back-42","assets/placed/75eff27796b699b40d.png","assets/icons/back.png","","972","579","34","34","1307","41","","","","",""
"mastery","장비 숙련도","panel-43","assets/placed/4405b4a78e9acda39f.png","assets/ui/panel-cream.png","","48","700","984","148","1072","42","","","","",""
"mastery","장비 숙련도","icon-shield-44","assets/placed/fdec97549c9ec1a512.png","assets/icons/shield.png","","72","732","72","72","1116","43","","","","",""
"mastery","장비 숙련도","text-45","assets/text/a3db8f93f6f72832af.png","","방어구 숙련 Lv.6","168","720","814","51","1149","44","","","","",""
"mastery","장비 숙련도","text-46","assets/text/7fb36f19ade823e70f.png","","방어 보급 효과 +9%","168","773","834","39","1108","45","","","","",""
"mastery","장비 숙련도","row-hit-47","","","","48","700","984","148","1072","46","48","700","984","148","item-detail"
"mastery","장비 숙련도","icon-back-48","assets/placed/75eff27796b699b40d.png","assets/icons/back.png","","972","749","34","34","1137","47","","","","",""
"mastery","장비 숙련도","panel-49","assets/placed/4405b4a78e9acda39f.png","assets/ui/panel-cream.png","","48","870","984","148","902","48","","","","",""
"mastery","장비 숙련도","icon-can-50","assets/placed/dc763255ac0033c191.png","assets/icons/can.png","","72","902","72","72","946","49","","","","",""
"mastery","장비 숙련도","text-51","assets/text/0fe99973378035b9b8.png","","소모품 숙련 Lv.5","168","890","814","51","979","50","","","","",""
"mastery","장비 숙련도","text-52","assets/text/6ba9e7cdf867bec08f.png","","회복 보급 효과 +8%","168","943","834","39","938","51","","","","",""
"mastery","장비 숙련도","row-hit-53","","","","48","870","984","148","902","52","48","870","984","148","item-detail"
"mastery","장비 숙련도","icon-back-54","assets/placed/75eff27796b699b40d.png","assets/icons/back.png","","972","919","34","34","967","53","","","","",""
"mastery","장비 숙련도","panel-55","assets/placed/4405b4a78e9acda39f.png","assets/ui/panel-cream.png","","48","1040","984","148","732","54","","","","",""
"mastery","장비 숙련도","icon-yarn-56","assets/placed/3af5c37aa7eafd767a.png","assets/icons/yarn.png","","72","1072","72","72","776","55","","","","",""
"mastery","장비 숙련도","text-57","assets/text/d9fbb81e6e8a4f1936.png","","특수 숙련 Lv.4","168","1060","814","51","809","56","","","","",""
"mastery","장비 숙련도","text-58","assets/text/9a1b2fa9ad7e4a6f27.png","","광역 피해 +6%","168","1113","834","39","768","57","","","","",""
"mastery","장비 숙련도","row-hit-59","","","","48","1040","984","148","732","58","48","1040","984","148","item-detail"
"mastery","장비 숙련도","icon-back-60","assets/placed/75eff27796b699b40d.png","assets/icons/back.png","","972","1089","34","34","797","59","","","","",""
"codex","수집 도감","background-1","assets/placed/348bc5b287f1eee990.png","assets/backgrounds/town.png","","0","0","1080","1920","0","0","","","","",""
"codex","수집 도감","resource-bar-3","assets/placed/67b2bb1183ebc40ed1.png","assets/ui/panel-cream.png","","30","28","1020","90","1802","1","","","","",""
"codex","수집 도감","title-bar-4","assets/placed/21cf35d5dcee417b8d.png","assets/ui/panel-cream.png","","30","128","1020","104","1688","2","","","","",""
"codex","수집 도감","icon-energy-5","assets/placed/9fa198e8f4245dbd0f.png","assets/icons/energy.png","","52","43","54","54","1823","3","","","","",""
"codex","수집 도감","text-6","assets/text/4f65a133e0ebec885a.png","","40/50","113","50","195","47","1823","4","","","","",""
"codex","수집 도감","icon-gold-7","assets/placed/0274a23a232ef47921.png","assets/icons/gold.png","","368","43","54","54","1823","5","","","","",""
"codex","수집 도감","text-8","assets/text/ed149040bb71721e2c.png","","12,500","429","50","195","47","1823","6","","","","",""
"codex","수집 도감","icon-gem-9","assets/placed/e238412bd856f270d9.png","assets/icons/gem.png","","684","43","54","54","1823","7","","","","",""
"codex","수집 도감","text-10","assets/text/b710de3b8f0ad3e447.png","","320","745","50","195","47","1823","8","","","","",""
"codex","수집 도감","button-11","assets/placed/a55e725f8d802af4a0.png","assets/ui/button-cream-normal.png","","38","138","76","76","1706","9","10","110","132","132","cats"
"codex","수집 도감","icon-back-12","assets/placed/dc05be2a4b9c6fda0c.png","assets/icons/back.png","","48","141","56","56","1723","10","","","","",""
"codex","수집 도감","text-13","assets/text/c72dfc7b3ad9bac4a9.png","","수집 도감","138","143","742","65","1712","11","","","","",""
"codex","수집 도감","button-14","assets/placed/a55e725f8d802af4a0.png","assets/ui/button-cream-normal.png","","958","138","76","76","1706","12","930","110","132","132","settings"
"codex","수집 도감","icon-gear-15","assets/placed/71b09a6dc991d6f600.png","assets/icons/gear.png","","968","141","56","56","1723","13","","","","",""
"codex","수집 도감","bottom-nav-16","assets/placed/8a8204f9fa1fc6115b.png","assets/ui/panel-cream.png","","24","1734","1032","160","26","14","","","","",""
"codex","수집 도감","nav-hit-17","","","","39","1743","190","139","38","15","39","1743","190","139","workshop"
"codex","수집 도감","icon-forge-18","assets/placed/12ef2fd983b0f617f0.png","assets/icons/forge.png","","105","1753","60","60","107","16","","","","",""
"codex","수집 도감","text-19","assets/text/0d36b2df9353d9a6a4.png","","대장간","452","1792","180","44","84","17","","","","",""
"codex","수집 도감","active-tab-20","assets/placed/f669ab757bc5fc9425.png","assets/ui/panel-mint.png","","243","1744","190","135","41","18","","","","",""
"codex","수집 도감","nav-hit-21","","","","243","1743","190","139","38","19","243","1743","190","139","cats"
"codex","수집 도감","icon-cat-22","assets/placed/75618a37a684a9366c.png","assets/icons/cat.png","","308","1753","60","60","107","20","","","","",""
"codex","수집 도감","text-23","assets/text/b2c2d20f3863ead9e4.png","","고양이","249","1790","180","44","86","21","","","","",""
"codex","수집 도감","nav-hit-24","","","","447","1743","190","139","38","22","447","1743","190","139","modes"
"codex","수집 도감","icon-sword-25","assets/placed/2f37f0487b559d4738.png","assets/icons/sword.png","","512","1753","60","60","107","23","","","","",""
"codex","수집 도감","text-26","assets/text/37a71f4045908e9a35.png","","전투","452","1792","180","44","84","24","","","","",""
"codex","수집 도감","nav-hit-27","","","","651","1743","190","139","38","25","651","1743","190","139","shop"
"codex","수집 도감","icon-shop-28","assets/placed/48f9aabd0f0ed93c20.png","assets/icons/shop.png","","716","1753","60","60","107","26","","","","",""
"codex","수집 도감","text-29","assets/text/e93cf34436b725b2bc.png","","상점","453","1792","180","44","84","27","","","","",""
"codex","수집 도감","nav-hit-30","","","","855","1743","190","139","38","28","855","1743","190","139","ranking"
"codex","수집 도감","icon-trophy-31","assets/placed/f021e42cfce953f174.png","assets/icons/trophy.png","","920","1753","60","60","107","29","","","","",""
"codex","수집 도감","text-32","assets/text/ae295d719fe151b0fc.png","","랭킹","453","1792","180","44","84","30","","","","",""
"codex","수집 도감","button-33","assets/placed/fda2fbf8115782f1b9.png","assets/ui/button-mint-normal.png","","48","250","318","82","1588","31","48","225","318","132","codex"
"codex","수집 도감","text-34","assets/text/96e4b2a37652236efb.png","","아이템","65","259","286","48","1613","32","","","","",""
"codex","수집 도감","button-35","assets/placed/c91c38b96ae935da3e.png","assets/ui/button-cream-normal.png","","376","250","318","82","1588","33","376","225","318","132","cats"
"codex","수집 도감","text-36","assets/text/cb80923c105731ae8f.png","","고양이","393","260","286","48","1612","34","","","","",""
"codex","수집 도감","button-37","assets/placed/c91c38b96ae935da3e.png","assets/ui/button-cream-normal.png","","704","250","318","82","1588","35","704","225","318","132","collection-bonus"
"codex","수집 도감","text-38","assets/text/7fff3de3e8e9402e3b.png","","수집 보너스","720","260","286","48","1612","36","","","","",""
"codex","수집 도감","subtitle-back-text-39","assets/placed/ec3fb3ec37edde286e.png","assets/ui/panel-cream.png","","54","358","928","69","1493","37","","","","",""
"codex","수집 도감","text-39","assets/text/a8a8b7825ce3fb8c9c.png","","수집률  18 / 32","68","366","900","56","1498","38","","","","",""
"codex","수집 도감","track-40","assets/placed/57c0343888c9417062.png","assets/ui/progress-track.png","","64","440","952","28","1452","39","","","","",""
"codex","수집 도감","fill-41","assets/placed/2536270d7bd8975e7e.png","assets/ui/progress-mint.png","","64","440","536","28","1452","40","","","","",""
"codex","수집 도감","subtitle-back-text-42","assets/placed/310bec907cff1ec90b.png","assets/ui/panel-cream.png","","50","502","928","58","1360","41","","","","",""
"codex","수집 도감","text-42","assets/text/17709e1595f70f4a13.png","","무기","64","510","900","45","1365","42","","","","",""
"codex","수집 도감","panel-43","assets/placed/dca7001520af995f8f.png","assets/ui/panel-cream.png","","52","566","114","163","1191","43","","","","",""
"codex","수집 도감","icon-sword-44","assets/placed/d9bdf80c5e4f97b9a0.png","assets/items/item-weapon-1-twig.png","","69","583","80","80","1257","44","","","","",""
"codex","수집 도감","text-45","assets/text/8593dacfb216279873.png","","T1","53","669","114","36","1215","45","","","","",""
"codex","수집 도감","item-hit-46","","","","52","566","114","163","1191","46","52","566","114","163","item-detail"
"codex","수집 도감","panel-47","assets/placed/dca7001520af995f8f.png","assets/ui/panel-cream.png","","175","566","114","163","1191","47","","","","",""
"codex","수집 도감","icon-sword-48","assets/placed/33d1d9597cbcf02c42.png","assets/items/item-weapon-2-wood-sword.png","","192","583","80","80","1257","48","","","","",""
"codex","수집 도감","text-49","assets/text/394446442cc56ff178.png","","T2","176","669","114","36","1215","49","","","","",""
"codex","수집 도감","item-hit-50","","","","175","566","114","163","1191","50","175","566","114","163","item-detail"
"codex","수집 도감","panel-51","assets/placed/dca7001520af995f8f.png","assets/ui/panel-cream.png","","298","566","114","163","1191","51","","","","",""
"codex","수집 도감","icon-sword-52","assets/placed/aeba6081b920a846af.png","assets/items/item-weapon-3-fishbone-dagger.png","","315","583","80","80","1257","52","","","","",""
"codex","수집 도감","text-53","assets/text/e69833a4d17ab9f53a.png","","T3","299","669","114","36","1215","53","","","","",""
"codex","수집 도감","item-hit-54","","","","298","566","114","163","1191","54","298","566","114","163","item-detail"
"codex","수집 도감","panel-55","assets/placed/dca7001520af995f8f.png","assets/ui/panel-cream.png","","421","566","114","163","1191","55","","","","",""
"codex","수집 도감","icon-sword-56","assets/placed/9b93c3890ebd6adc5c.png","assets/items/item-weapon-4-iron-sword.png","","438","583","80","80","1257","56","","","","",""
"codex","수집 도감","text-57","assets/text/3e167c314c4b1fddae.png","","T4","421","669","114","36","1215","57","","","","",""
"codex","수집 도감","item-hit-58","","","","421","566","114","163","1191","58","421","566","114","163","item-detail"
"codex","수집 도감","panel-59","assets/placed/dca7001520af995f8f.png","assets/ui/panel-cream.png","","544","566","114","163","1191","59","","","","",""
"codex","수집 도감","icon-sword-60","assets/placed/013b0bb13390c2f9de.png","assets/items/item-weapon-5-flame-sword.png","","561","583","80","80","1257","60","","","","",""
"codex","수집 도감","text-61","assets/text/31ed1c57e8adb1d716.png","","T5","545","669","114","36","1215","61","","","","",""
"codex","수집 도감","item-hit-62","","","","544","566","114","163","1191","62","544","566","114","163","item-detail"
"codex","수집 도감","panel-63","assets/placed/c28a8ae52e862c7b4b.png","assets/ui/panel-lavender.png","","667","566","114","163","1191","63","","","","",""
"codex","수집 도감","icon-lock-64","assets/placed/be48d5ce4dd0df996e.png","assets/items/item-weapon-6-ice-sword.png","","684","583","80","80","1257","64","","","","",""
"codex","수집 도감","text-65","assets/text/72e78debd35ecd03a9.png","","T6","667","669","114","36","1215","65","","","","",""
"codex","수집 도감","item-hit-66","","","","667","566","114","163","1191","66","667","566","114","163","item-detail"
"codex","수집 도감","panel-67","assets/placed/c28a8ae52e862c7b4b.png","assets/ui/panel-lavender.png","","790","566","114","163","1191","67","","","","",""
"codex","수집 도감","icon-lock-68","assets/placed/776efc64822ece5431.png","assets/items/item-weapon-7-royal-sword.png","","807","583","80","80","1257","68","","","","",""
"codex","수집 도감","text-69","assets/text/61ecc813390fa4436a.png","","T7","791","669","114","36","1215","69","","","","",""
"codex","수집 도감","item-hit-70","","","","790","566","114","163","1191","70","790","566","114","163","item-detail"
"codex","수집 도감","panel-71","assets/placed/c28a8ae52e862c7b4b.png","assets/ui/panel-lavender.png","","913","566","114","163","1191","71","","","","",""
"codex","수집 도감","icon-lock-72","assets/placed/351e39cad5908f5de6.png","assets/items/item-weapon-8-churu-blade.png","","930","583","80","80","1257","72","","","","",""
"codex","수집 도감","text-73","assets/text/52eb47f19552d089fb.png","","T8","914","669","114","36","1215","73","","","","",""
"codex","수집 도감","item-hit-74","","","","913","566","114","163","1191","74","913","566","114","163","item-detail"
"codex","수집 도감","subtitle-back-text-75","assets/placed/310bec907cff1ec90b.png","assets/ui/panel-cream.png","","50","770","928","58","1092","75","","","","",""
"codex","수집 도감","text-75","assets/text/04b2c1dd8308e5b30f.png","","방어구","64","778","900","45","1097","76","","","","",""
"codex","수집 도감","panel-76","assets/placed/dca7001520af995f8f.png","assets/ui/panel-cream.png","","52","834","114","163","923","77","","","","",""
"codex","수집 도감","icon-shield-77","assets/placed/5dd100a003b9c93f2b.png","assets/items/item-armor-1-cardboard.png","","69","851","80","80","989","78","","","","",""
"codex","수집 도감","text-78","assets/text/8593dacfb216279873.png","","T1","53","937","114","36","947","79","","","","",""
"codex","수집 도감","item-hit-79","","","","52","834","114","163","923","80","52","834","114","163","item-detail"
"codex","수집 도감","panel-80","assets/placed/dca7001520af995f8f.png","assets/ui/panel-cream.png","","175","834","114","163","923","81","","","","",""
"codex","수집 도감","icon-shield-81","assets/placed/2c8bb73678181087e1.png","assets/items/item-armor-2-leather.png","","192","851","80","80","989","82","","","","",""
"codex","수집 도감","text-82","assets/text/394446442cc56ff178.png","","T2","176","937","114","36","947","83","","","","",""
"codex","수집 도감","item-hit-83","","","","175","834","114","163","923","84","175","834","114","163","item-detail"
"codex","수집 도감","panel-84","assets/placed/dca7001520af995f8f.png","assets/ui/panel-cream.png","","298","834","114","163","923","85","","","","",""
"codex","수집 도감","icon-shield-85","assets/placed/13f61c1f886034b405.png","assets/items/item-armor-3-pot-lid.png","","315","851","80","80","989","86","","","","",""
"codex","수집 도감","text-86","assets/text/e69833a4d17ab9f53a.png","","T3","299","937","114","36","947","87","","","","",""
"codex","수집 도감","item-hit-87","","","","298","834","114","163","923","88","298","834","114","163","item-detail"
"codex","수집 도감","panel-88","assets/placed/dca7001520af995f8f.png","assets/ui/panel-cream.png","","421","834","114","163","923","89","","","","",""
"codex","수집 도감","icon-shield-89","assets/placed/396fb10f2586dd044d.png","assets/items/item-armor-4-chainmail.png","","438","851","80","80","989","90","","","","",""
"codex","수집 도감","text-90","assets/text/3e167c314c4b1fddae.png","","T4","421","937","114","36","947","91","","","","",""
"codex","수집 도감","item-hit-91","","","","421","834","114","163","923","92","421","834","114","163","item-detail"
"codex","수집 도감","panel-92","assets/placed/dca7001520af995f8f.png","assets/ui/panel-cream.png","","544","834","114","163","923","93","","","","",""
"codex","수집 도감","icon-shield-93","assets/placed/8030aa5235a8bd2bd4.png","assets/items/item-armor-5-iron-armor.png","","561","851","80","80","989","94","","","","",""
"codex","수집 도감","text-94","assets/text/31ed1c57e8adb1d716.png","","T5","545","937","114","36","947","95","","","","",""
"codex","수집 도감","item-hit-95","","","","544","834","114","163","923","96","544","834","114","163","item-detail"
"codex","수집 도감","panel-96","assets/placed/c28a8ae52e862c7b4b.png","assets/ui/panel-lavender.png","","667","834","114","163","923","97","","","","",""
"codex","수집 도감","icon-lock-97","assets/placed/f0f4e83d73310638fd.png","assets/items/item-armor-6-knight-armor.png","","684","851","80","80","989","98","","","","",""
"codex","수집 도감","text-98","assets/text/72e78debd35ecd03a9.png","","T6","667","937","114","36","947","99","","","","",""
"codex","수집 도감","item-hit-99","","","","667","834","114","163","923","100","667","834","114","163","item-detail"
"codex","수집 도감","panel-100","assets/placed/c28a8ae52e862c7b4b.png","assets/ui/panel-lavender.png","","790","834","114","163","923","101","","","","",""
"codex","수집 도감","icon-lock-101","assets/placed/e2a50c7cdf8d3b14fe.png","assets/items/item-armor-7-royal-armor.png","","807","851","80","80","989","102","","","","",""
"codex","수집 도감","text-102","assets/text/61ecc813390fa4436a.png","","T7","791","937","114","36","947","103","","","","",""
"codex","수집 도감","item-hit-103","","","","790","834","114","163","923","104","790","834","114","163","item-detail"
"codex","수집 도감","panel-104","assets/placed/c28a8ae52e862c7b4b.png","assets/ui/panel-lavender.png","","913","834","114","163","923","105","","","","",""
"codex","수집 도감","icon-lock-105","assets/placed/54767c27742a7a4dbe.png","assets/items/item-armor-8-cat-tower-armor.png","","930","851","80","80","989","106","","","","",""
"codex","수집 도감","text-106","assets/text/52eb47f19552d089fb.png","","T8","914","937","114","36","947","107","","","","",""
"codex","수집 도감","item-hit-107","","","","913","834","114","163","923","108","913","834","114","163","item-detail"
"codex","수집 도감","subtitle-back-text-108","assets/placed/310bec907cff1ec90b.png","assets/ui/panel-cream.png","","50","1038","928","58","824","109","","","","",""
"codex","수집 도감","text-108","assets/text/93de2f797959b55ec8.png","","소모품","64","1046","900","45","829","110","","","","",""
"codex","수집 도감","panel-109","assets/placed/dca7001520af995f8f.png","assets/ui/panel-cream.png","","52","1102","114","163","655","111","","","","",""
"codex","수집 도감","icon-can-110","assets/placed/7b9ac80fd87ff18b79.png","assets/items/item-consumable-1-anchovy.png","","69","1119","80","80","721","112","","","","",""
"codex","수집 도감","text-111","assets/text/8593dacfb216279873.png","","T1","53","1205","114","36","679","113","","","","",""
"codex","수집 도감","item-hit-112","","","","52","1102","114","163","655","114","52","1102","114","163","item-detail"
"codex","수집 도감","panel-113","assets/placed/dca7001520af995f8f.png","assets/ui/panel-cream.png","","175","1102","114","163","655","115","","","","",""
"codex","수집 도감","icon-can-114","assets/placed/e79490670a5da01dea.png","assets/items/item-consumable-2-fish.png","","192","1119","80","80","721","116","","","","",""
"codex","수집 도감","text-115","assets/text/394446442cc56ff178.png","","T2","176","1205","114","36","679","117","","","","",""
"codex","수집 도감","item-hit-116","","","","175","1102","114","163","655","118","175","1102","114","163","item-detail"
"codex","수집 도감","panel-117","assets/placed/dca7001520af995f8f.png","assets/ui/panel-cream.png","","298","1102","114","163","655","119","","","","",""
"codex","수집 도감","icon-can-118","assets/placed/3b714bfe322167e883.png","assets/items/item-consumable-3-tuna-can.png","","315","1119","80","80","721","120","","","","",""
"codex","수집 도감","text-119","assets/text/e69833a4d17ab9f53a.png","","T3","299","1205","114","36","679","121","","","","",""
"codex","수집 도감","item-hit-120","","","","298","1102","114","163","655","122","298","1102","114","163","item-detail"
"codex","수집 도감","panel-121","assets/placed/dca7001520af995f8f.png","assets/ui/panel-cream.png","","421","1102","114","163","655","123","","","","",""
"codex","수집 도감","icon-can-122","assets/placed/0055cae18a8ed5e397.png","assets/items/item-consumable-4-fish-fillet.png","","438","1119","80","80","721","124","","","","",""
"codex","수집 도감","text-123","assets/text/3e167c314c4b1fddae.png","","T4","421","1205","114","36","679","125","","","","",""
"codex","수집 도감","item-hit-124","","","","421","1102","114","163","655","126","421","1102","114","163","item-detail"
"codex","수집 도감","panel-125","assets/placed/dca7001520af995f8f.png","assets/ui/panel-cream.png","","544","1102","114","163","655","127","","","","",""
"codex","수집 도감","icon-can-126","assets/placed/00124f3824747601f9.png","assets/items/item-consumable-5-sashimi.png","","561","1119","80","80","721","128","","","","",""
"codex","수집 도감","text-127","assets/text/31ed1c57e8adb1d716.png","","T5","545","1205","114","36","679","129","","","","",""
"codex","수집 도감","item-hit-128","","","","544","1102","114","163","655","130","544","1102","114","163","item-detail"
"codex","수집 도감","panel-129","assets/placed/c28a8ae52e862c7b4b.png","assets/ui/panel-lavender.png","","667","1102","114","163","655","131","","","","",""
"codex","수집 도감","icon-lock-130","assets/placed/e4a4e69fbee7a57a2f.png","assets/items/item-consumable-6-salmon-bowl.png","","684","1119","80","80","721","132","","","","",""
"codex","수집 도감","text-131","assets/text/72e78debd35ecd03a9.png","","T6","667","1205","114","36","679","133","","","","",""
"codex","수집 도감","item-hit-132","","","","667","1102","114","163","655","134","667","1102","114","163","item-detail"
"codex","수집 도감","panel-133","assets/placed/c28a8ae52e862c7b4b.png","assets/ui/panel-lavender.png","","790","1102","114","163","655","135","","","","",""
"codex","수집 도감","icon-lock-134","assets/placed/6f26e39874562768bb.png","assets/items/item-consumable-7-churu.png","","807","1119","80","80","721","136","","","","",""
"codex","수집 도감","text-135","assets/text/61ecc813390fa4436a.png","","T7","791","1205","114","36","679","137","","","","",""
"codex","수집 도감","item-hit-136","","","","790","1102","114","163","655","138","790","1102","114","163","item-detail"
"codex","수집 도감","panel-137","assets/placed/c28a8ae52e862c7b4b.png","assets/ui/panel-lavender.png","","913","1102","114","163","655","139","","","","",""
"codex","수집 도감","icon-lock-138","assets/placed/61c91c784556baa609.png","assets/items/item-consumable-8-gold-churu.png","","930","1119","80","80","721","140","","","","",""
"codex","수집 도감","text-139","assets/text/52eb47f19552d089fb.png","","T8","914","1205","114","36","679","141","","","","",""
"codex","수집 도감","item-hit-140","","","","913","1102","114","163","655","142","913","1102","114","163","item-detail"
"codex","수집 도감","subtitle-back-text-141","assets/placed/310bec907cff1ec90b.png","assets/ui/panel-cream.png","","50","1306","928","58","556","143","","","","",""
"codex","수집 도감","text-141","assets/text/9f51fa60e8aca2ec51.png","","특수","64","1314","900","45","561","144","","","","",""
"codex","수집 도감","panel-142","assets/placed/dca7001520af995f8f.png","assets/ui/panel-cream.png","","52","1370","114","163","387","145","","","","",""
"codex","수집 도감","icon-yarn-143","assets/placed/3e39e049d64885bd17.png","assets/items/item-special-1-fluff.png","","69","1387","80","80","453","146","","","","",""
"codex","수집 도감","text-144","assets/text/8593dacfb216279873.png","","T1","53","1473","114","36","411","147","","","","",""
"codex","수집 도감","item-hit-145","","","","52","1370","114","163","387","148","52","1370","114","163","item-detail"
"codex","수집 도감","panel-146","assets/placed/dca7001520af995f8f.png","assets/ui/panel-cream.png","","175","1370","114","163","387","149","","","","",""
"codex","수집 도감","icon-yarn-147","assets/placed/56aa8b6dbdb6d8fc7b.png","assets/items/item-special-2-yarn.png","","192","1387","80","80","453","150","","","","",""
"codex","수집 도감","text-148","assets/text/394446442cc56ff178.png","","T2","176","1473","114","36","411","151","","","","",""
"codex","수집 도감","item-hit-149","","","","175","1370","114","163","387","152","175","1370","114","163","item-detail"
"codex","수집 도감","panel-150","assets/placed/dca7001520af995f8f.png","assets/ui/panel-cream.png","","298","1370","114","163","387","153","","","","",""
"codex","수집 도감","icon-yarn-151","assets/placed/28df0a0e6d7b2beaaf.png","assets/items/item-special-3-fur-bomb.png","","315","1387","80","80","453","154","","","","",""
"codex","수집 도감","text-152","assets/text/e69833a4d17ab9f53a.png","","T3","299","1473","114","36","411","155","","","","",""
"codex","수집 도감","item-hit-153","","","","298","1370","114","163","387","156","298","1370","114","163","item-detail"
"codex","수집 도감","panel-154","assets/placed/dca7001520af995f8f.png","assets/ui/panel-cream.png","","421","1370","114","163","387","157","","","","",""
"codex","수집 도감","icon-yarn-155","assets/placed/f6c94803f92417d393.png","assets/items/item-special-4-fire-fur.png","","438","1387","80","80","453","158","","","","",""
"codex","수집 도감","text-156","assets/text/3e167c314c4b1fddae.png","","T4","421","1473","114","36","411","159","","","","",""
"codex","수집 도감","item-hit-157","","","","421","1370","114","163","387","160","421","1370","114","163","item-detail"
"codex","수집 도감","panel-158","assets/placed/dca7001520af995f8f.png","assets/ui/panel-cream.png","","544","1370","114","163","387","161","","","","",""
"codex","수집 도감","icon-yarn-159","assets/placed/ad96c5c80dfc3fe80e.png","assets/items/item-special-5-lightning-fur.png","","561","1387","80","80","453","162","","","","",""
"codex","수집 도감","text-160","assets/text/31ed1c57e8adb1d716.png","","T5","545","1473","114","36","411","163","","","","",""
"codex","수집 도감","item-hit-161","","","","544","1370","114","163","387","164","544","1370","114","163","item-detail"
"codex","수집 도감","panel-162","assets/placed/c28a8ae52e862c7b4b.png","assets/ui/panel-lavender.png","","667","1370","114","163","387","165","","","","",""
"codex","수집 도감","icon-lock-163","assets/placed/30c8ed9ba837ad64ad.png","assets/items/item-special-6-ice-fur.png","","684","1387","80","80","453","166","","","","",""
"codex","수집 도감","text-164","assets/text/72e78debd35ecd03a9.png","","T6","667","1473","114","36","411","167","","","","",""
"codex","수집 도감","item-hit-165","","","","667","1370","114","163","387","168","667","1370","114","163","item-detail"
"codex","수집 도감","panel-166","assets/placed/c28a8ae52e862c7b4b.png","assets/ui/panel-lavender.png","","790","1370","114","163","387","169","","","","",""
"codex","수집 도감","icon-lock-167","assets/placed/9ff86ab199e19a2e5f.png","assets/items/item-special-7-star-fur.png","","807","1387","80","80","453","170","","","","",""
"codex","수집 도감","text-168","assets/text/61ecc813390fa4436a.png","","T7","791","1473","114","36","411","171","","","","",""
"codex","수집 도감","item-hit-169","","","","790","1370","114","163","387","172","790","1370","114","163","item-detail"
"codex","수집 도감","panel-170","assets/placed/c28a8ae52e862c7b4b.png","assets/ui/panel-lavender.png","","913","1370","114","163","387","173","","","","",""
"codex","수집 도감","icon-lock-171","assets/placed/fda5ce060698fb9589.png","assets/items/item-special-8-giant-fur.png","","930","1387","80","80","453","174","","","","",""
"codex","수집 도감","text-172","assets/text/52eb47f19552d089fb.png","","T8","914","1473","114","36","411","175","","","","",""
"codex","수집 도감","item-hit-173","","","","913","1370","114","163","387","176","913","1370","114","163","item-detail"
"collection-bonus","수집 보너스","background-1","assets/placed/348bc5b287f1eee990.png","assets/backgrounds/town.png","","0","0","1080","1920","0","0","","","","",""
"collection-bonus","수집 보너스","resource-bar-3","assets/placed/67b2bb1183ebc40ed1.png","assets/ui/panel-cream.png","","30","28","1020","90","1802","1","","","","",""
"collection-bonus","수집 보너스","title-bar-4","assets/placed/21cf35d5dcee417b8d.png","assets/ui/panel-cream.png","","30","128","1020","104","1688","2","","","","",""
"collection-bonus","수집 보너스","icon-energy-5","assets/placed/9fa198e8f4245dbd0f.png","assets/icons/energy.png","","52","43","54","54","1823","3","","","","",""
"collection-bonus","수집 보너스","text-6","assets/text/4f65a133e0ebec885a.png","","40/50","113","50","195","47","1823","4","","","","",""
"collection-bonus","수집 보너스","icon-gold-7","assets/placed/0274a23a232ef47921.png","assets/icons/gold.png","","368","43","54","54","1823","5","","","","",""
"collection-bonus","수집 보너스","text-8","assets/text/ed149040bb71721e2c.png","","12,500","429","50","195","47","1823","6","","","","",""
"collection-bonus","수집 보너스","icon-gem-9","assets/placed/e238412bd856f270d9.png","assets/icons/gem.png","","684","43","54","54","1823","7","","","","",""
"collection-bonus","수집 보너스","text-10","assets/text/b710de3b8f0ad3e447.png","","320","745","50","195","47","1823","8","","","","",""
"collection-bonus","수집 보너스","button-11","assets/placed/a55e725f8d802af4a0.png","assets/ui/button-cream-normal.png","","38","138","76","76","1706","9","10","110","132","132","codex"
"collection-bonus","수집 보너스","icon-back-12","assets/placed/dc05be2a4b9c6fda0c.png","assets/icons/back.png","","48","141","56","56","1723","10","","","","",""
"collection-bonus","수집 보너스","text-13","assets/text/b822c194810cb0a7b2.png","","수집 보너스","138","143","742","65","1712","11","","","","",""
"collection-bonus","수집 보너스","button-14","assets/placed/a55e725f8d802af4a0.png","assets/ui/button-cream-normal.png","","958","138","76","76","1706","12","930","110","132","132","settings"
"collection-bonus","수집 보너스","icon-gear-15","assets/placed/71b09a6dc991d6f600.png","assets/icons/gear.png","","968","141","56","56","1723","13","","","","",""
"collection-bonus","수집 보너스","bottom-nav-16","assets/placed/8a8204f9fa1fc6115b.png","assets/ui/panel-cream.png","","24","1734","1032","160","26","14","","","","",""
"collection-bonus","수집 보너스","nav-hit-17","","","","39","1743","190","139","38","15","39","1743","190","139","workshop"
"collection-bonus","수집 보너스","icon-forge-18","assets/placed/12ef2fd983b0f617f0.png","assets/icons/forge.png","","105","1753","60","60","107","16","","","","",""
"collection-bonus","수집 보너스","text-19","assets/text/0d36b2df9353d9a6a4.png","","대장간","452","1792","180","44","84","17","","","","",""
"collection-bonus","수집 보너스","active-tab-20","assets/placed/f669ab757bc5fc9425.png","assets/ui/panel-mint.png","","243","1744","190","135","41","18","","","","",""
"collection-bonus","수집 보너스","nav-hit-21","","","","243","1743","190","139","38","19","243","1743","190","139","cats"
"collection-bonus","수집 보너스","icon-cat-22","assets/placed/75618a37a684a9366c.png","assets/icons/cat.png","","308","1753","60","60","107","20","","","","",""
"collection-bonus","수집 보너스","text-23","assets/text/b2c2d20f3863ead9e4.png","","고양이","249","1790","180","44","86","21","","","","",""
"collection-bonus","수집 보너스","nav-hit-24","","","","447","1743","190","139","38","22","447","1743","190","139","modes"
"collection-bonus","수집 보너스","icon-sword-25","assets/placed/2f37f0487b559d4738.png","assets/icons/sword.png","","512","1753","60","60","107","23","","","","",""
"collection-bonus","수집 보너스","text-26","assets/text/37a71f4045908e9a35.png","","전투","452","1792","180","44","84","24","","","","",""
"collection-bonus","수집 보너스","nav-hit-27","","","","651","1743","190","139","38","25","651","1743","190","139","shop"
"collection-bonus","수집 보너스","icon-shop-28","assets/placed/48f9aabd0f0ed93c20.png","assets/icons/shop.png","","716","1753","60","60","107","26","","","","",""
"collection-bonus","수집 보너스","text-29","assets/text/e93cf34436b725b2bc.png","","상점","453","1792","180","44","84","27","","","","",""
"collection-bonus","수집 보너스","nav-hit-30","","","","855","1743","190","139","38","28","855","1743","190","139","ranking"
"collection-bonus","수집 보너스","icon-trophy-31","assets/placed/f021e42cfce953f174.png","assets/icons/trophy.png","","920","1753","60","60","107","29","","","","",""
"collection-bonus","수집 보너스","text-32","assets/text/ae295d719fe151b0fc.png","","랭킹","453","1792","180","44","84","30","","","","",""
"collection-bonus","수집 보너스","panel-33","assets/placed/4405b4a78e9acda39f.png","assets/ui/panel-cream.png","","48","260","984","148","1512","31","","","","",""
"collection-bonus","수집 보너스","icon-check-34","assets/placed/9ae39ab8c34c9a3734.png","assets/icons/check.png","","72","292","72","72","1556","32","","","","",""
"collection-bonus","수집 보너스","text-35","assets/text/17fcbf6912bd2d0572.png","","아이템 8종 수집","168","280","814","51","1589","33","","","","",""
"collection-bonus","수집 보너스","text-36","assets/text/a3ef455044cb9b3d64.png","","공격력 +2% · 달성","168","333","834","39","1548","34","","","","",""
"collection-bonus","수집 보너스","panel-37","assets/placed/4405b4a78e9acda39f.png","assets/ui/panel-cream.png","","48","430","984","148","1342","35","","","","",""
"collection-bonus","수집 보너스","icon-check-38","assets/placed/9ae39ab8c34c9a3734.png","assets/icons/check.png","","72","462","72","72","1386","36","","","","",""
"collection-bonus","수집 보너스","text-39","assets/text/446e14c92070a3c202.png","","아이템 16종 수집","168","450","814","51","1419","37","","","","",""
"collection-bonus","수집 보너스","text-40","assets/text/9d8eacaf47b24bbcb6.png","","체력 +2% · 달성","168","503","834","39","1378","38","","","","",""
"collection-bonus","수집 보너스","panel-41","assets/placed/4405b4a78e9acda39f.png","assets/ui/panel-cream.png","","48","600","984","148","1172","39","","","","",""
"collection-bonus","수집 보너스","icon-lock-42","assets/placed/fd4fac1b73c4006ec6.png","assets/icons/lock.png","","72","632","72","72","1216","40","","","","",""
"collection-bonus","수집 보너스","text-43","assets/text/05a2ff18c78b1cd52e.png","","아이템 24종 수집","168","620","814","51","1249","41","","","","",""
"collection-bonus","수집 보너스","text-44","assets/text/764fafbc1c66409a0a.png","","생산 속도 +2% · 18 / 24","168","673","834","39","1208","42","","","","",""
"collection-bonus","수집 보너스","panel-45","assets/placed/4405b4a78e9acda39f.png","assets/ui/panel-cream.png","","48","770","984","148","1002","43","","","","",""
"collection-bonus","수집 보너스","icon-cat-46","assets/placed/6a68873531ce746268.png","assets/icons/cat.png","","72","802","72","72","1046","44","","","","",""
"collection-bonus","수집 보너스","text-47","assets/text/0813813585f6bfd4b4.png","","고양이 5종 수집","168","790","814","51","1079","45","","","","",""
"collection-bonus","수집 보너스","text-48","assets/text/97f5ea2e8c0a8bbc5b.png","","골드 획득 +3% · 달성","168","843","834","39","1038","46","","","","",""
"item-detail","생선뼈 단검","background-1","assets/placed/f13521a79c0180a52b.png","assets/backgrounds/workshop.png","","0","0","1080","1920","0","0","","","","",""
"item-detail","생선뼈 단검","scrim-3","assets/placed/55540868acf5004fc2.png","assets/ui/panel-dark.png","","0","0","1080","1920","0","1","","","","",""
"item-detail","생선뼈 단검","modal-4","assets/placed/5849297e598a0962d1.png","assets/ui/panel-cream.png","","80","380","920","1110","430","2","","","","",""
"item-detail","생선뼈 단검","text-5","assets/text/abe53d8be120674c9b.png","","생선뼈 단검","128","426","760","66","1428","3","","","","",""
"item-detail","생선뼈 단검","button-6","assets/placed/f91cecc34197c96b80.png","assets/ui/button-cream-normal.png","","886","418","70","70","1432","4","855","387","132","132","workshop"
"item-detail","생선뼈 단검","icon-close-7","assets/placed/817461fe4c2257e48c.png","assets/icons/close.png","","893","419","56","56","1445","5","","","","",""
"item-detail","생선뼈 단검","text-8","assets/text/bc43547d1393fb15cd.png","","무기 라인 · T3","128","500","760","42","1378","6","","","","",""
"item-detail","생선뼈 단검","icon-sword-9","assets/placed/2fc933c182a13904be.png","assets/items/item-weapon-3-fishbone-dagger.png","","428","576","224","224","1120","7","","","","",""
"item-detail","생선뼈 단검","text-10","assets/text/d9d793e0f94c1acdc9.png","","보급 시 공격력 상승","150","850","780","47","1023","8","","","","",""
"item-detail","생선뼈 단검","text-11","assets/text/0f06dc39f3c052ff2a.png","","같은 단계 2개 → 다음 단계 1개","151","919","780","47","954","9","","","","",""
"item-detail","생선뼈 단검","text-12","assets/text/17b18d4fefd18d7d2c.png","","장착하면 고양이 외형도 달라져요","150","988","780","47","885","10","","","","",""
"item-detail","생선뼈 단검","button-13","assets/placed/0646388a9dbce20e3a.png","assets/ui/button-yellow-normal.png","","136","1178","808","100","642","11","136","1162","808","132","codex"
"item-detail","생선뼈 단검","text-14","assets/text/d8928eda33a60dcf2c.png","","도감으로","152","1196","776","48","676","12","","","","",""
"modes","모험을 떠나요","background","assets/placed/348bc5b287f1eee990.png","assets/backgrounds/town.png","","0","0","1080","1920","0","0","","","","",""
"modes","모험을 떠나요","panel-cream-1","assets/placed/aeea6a9162ecca60be.png","assets/ui/panel-cream.png","","28","24","332","84","1812","1","","","","",""
"modes","모험을 떠나요","energy-2","assets/placed/9fa198e8f4245dbd0f.png","assets/icons/energy.png","","45","39","54","54","1827","2","","","","",""
"modes","모험을 떠나요","label-3","assets/text/fcf0369b63d5e3ae8c.png","","40/50","113","41","225","48","1831","3","","","","",""
"modes","모험을 떠나요","panel-cream-4","assets/placed/aeea6a9162ecca60be.png","assets/ui/panel-cream.png","","374","24","332","84","1812","4","","","","",""
"modes","모험을 떠나요","gold-5","assets/placed/0274a23a232ef47921.png","assets/icons/gold.png","","391","39","54","54","1827","5","","","","",""
"modes","모험을 떠나요","label-6","assets/text/2aaefa170c707ca330.png","","12,500","459","41","225","48","1831","6","","","","",""
"modes","모험을 떠나요","panel-cream-7","assets/placed/aeea6a9162ecca60be.png","assets/ui/panel-cream.png","","720","24","332","84","1812","7","","","","",""
"modes","모험을 떠나요","gem-8","assets/placed/e238412bd856f270d9.png","assets/icons/gem.png","","737","39","54","54","1827","8","","","","",""
"modes","모험을 떠나요","label-9","assets/text/04bf6b0176ade687be.png","","320","805","41","225","48","1831","9","","","","",""
"modes","모험을 떠나요","title-banner-10","assets/placed/c7e44287f5565b282a.png","assets/ui/title-banner.png","","150","123","780","135","1662","10","","","","",""
"modes","모험을 떠나요","label-11","assets/text/cdf0470e37b4cafe3b.png","","모험을 떠나요","183","157","714","72","1691","11","","","","",""
"modes","모험을 떠나요","button-cream-normal-12","assets/placed/54145a8c7dc277b074.png","assets/ui/button-cream-normal.png","","28","140","92","92","1688","12","28","140","92","92","modes"
"modes","모험을 떠나요","back-13","assets/placed/684b7bc9151e735643.png","assets/icons/back.png","","47","152","54","54","1714","13","","","","",""
"modes","모험을 떠나요","button-cream-normal-14","assets/placed/54145a8c7dc277b074.png","assets/ui/button-cream-normal.png","","960","140","92","92","1688","14","960","140","92","92","settings"
"modes","모험을 떠나요","gear-15","assets/placed/df1483c483c132da85.png","assets/icons/gear.png","","979","151","54","54","1715","15","","","","",""
"modes","모험을 떠나요","panel-cream-16","assets/placed/01ac4c2ebc83c43078.png","assets/ui/panel-cream.png","","18","1746","1044","157","17","16","","","","",""
"modes","모험을 떠나요","forge-17","assets/placed/bab1d6a5f417a1bb97.png","assets/icons/forge.png","","98","1767","70","70","83","17","","","","",""
"modes","모험을 떠나요","label-18","assets/text/38a971f1dc000a8df5.png","","대장간","449","1803","182","47","70","18","","","","",""
"modes","모험을 떠나요","nav-workshop","","","","33","1754","198","140","26","19","33","1754","198","140","workshop"
"modes","모험을 떠나요","cat-20","assets/placed/164bb5461c096b7f70.png","assets/icons/cat.png","","301","1767","70","70","83","20","","","","",""
"modes","모험을 떠나요","label-21","assets/text/7536732c62c51e71e3.png","","고양이","450","1803","182","47","70","21","","","","",""
"modes","모험을 떠나요","nav-cats","","","","237","1754","198","140","26","22","237","1754","198","140","cats"
"modes","모험을 떠나요","panel-mint-23","assets/placed/781a57819a38fb1e94.png","assets/ui/panel-mint.png","","441","1755","198","139","26","23","","","","",""
"modes","모험을 떠나요","sword-24","assets/placed/efffa4b7a4db7016a9.png","assets/icons/sword.png","","505","1767","70","70","83","24","","","","",""
"modes","모험을 떠나요","label-25","assets/text/36750979eee5d3d31f.png","","전투","449","1803","182","47","70","25","","","","",""
"modes","모험을 떠나요","nav-modes","","","","441","1754","198","140","26","26","441","1754","198","140","modes"
"modes","모험을 떠나요","shop-27","assets/placed/08eaabb2f272930ef7.png","assets/icons/shop.png","","710","1767","70","70","83","27","","","","",""
"modes","모험을 떠나요","label-28","assets/text/1ceb9aa500e58ff2c1.png","","상점","450","1803","182","47","70","28","","","","",""
"modes","모험을 떠나요","nav-shop","","","","645","1754","198","140","26","29","645","1754","198","140","shop"
"modes","모험을 떠나요","trophy-30","assets/placed/1d1c0284cd20ff4bd8.png","assets/icons/trophy.png","","914","1767","70","70","83","30","","","","",""
"modes","모험을 떠나요","label-31","assets/text/585230f47c36d6fa4b.png","","랭킹","450","1803","182","47","70","31","","","","",""
"modes","모험을 떠나요","nav-ranking","","","","849","1754","198","140","26","32","849","1754","198","140","ranking"
"modes","모험을 떠나요","subtitle-back-label-33","assets/placed/f8c4c993b441d953a5.png","assets/ui/panel-cream.png","","146","273","788","61","1586","33","","","","",""
"modes","모험을 떠나요","label-33","assets/text/076b9c91093b316286.png","","함께 만들고, 함께 지켜요","160","280","760","48","1592","34","","","","",""
"modes","모험을 떠나요","panel-cream-34","assets/placed/6200344ac3d16a59e0.png","assets/ui/panel-cream.png","","45","360","322","640","920","35","","","","",""
"modes","모험을 떠나요","mode-solo-35","assets/placed/a679420b23210f91ed.png","assets/ui/mode-solo.png","","70","387","272","369","1164","36","","","","",""
"modes","모험을 떠나요","label-36","assets/text/82c0befa8cc11755cc.png","","개인 디펜스","61","772","290","55","1093","37","","","","",""
"modes","모험을 떠나요","label-37","assets/text/63d4a9b5718e71d9f4.png","","고양이 마을 1-13","61","830","290","39","1051","38","","","","",""
"modes","모험을 떠나요","button-yellow-normal-38","assets/placed/1ef6e299aeec201df8.png","assets/ui/button-yellow-normal.png","","74","891","264","84","945","39","74","891","264","84","chapters"
"modes","모험을 떠나요","label-39","assets/text/317848b9b9e962c9bf.png","","입장","92","902","228","52","966","40","","","","",""
"modes","모험을 떠나요","panel-mint-40","assets/placed/120e505573cac03fdf.png","assets/ui/panel-mint.png","","379","360","322","640","920","41","","","","",""
"modes","모험을 떠나요","mode-coop-41","assets/placed/bb7d4203a354977cfc.png","assets/ui/mode-coop.png","","404","387","272","369","1164","42","","","","",""
"modes","모험을 떠나요","label-42","assets/text/4aeb79eed4df0bc8ba.png","","멀티 디펜스","395","772","290","55","1093","43","","","","",""
"modes","모험을 떠나요","label-43","assets/text/a67da5780e9f5468de.png","","2~5인 협동","395","830","290","39","1051","44","","","","",""
"modes","모험을 떠나요","button-yellow-normal-44","assets/placed/1ef6e299aeec201df8.png","assets/ui/button-yellow-normal.png","","408","891","264","84","945","45","408","891","264","84","coop"
"modes","모험을 떠나요","label-45","assets/text/317848b9b9e962c9bf.png","","입장","426","902","228","52","966","46","","","","",""
"modes","모험을 떠나요","panel-lavender-46","assets/placed/2c522c878274e3af8e.png","assets/ui/panel-lavender.png","","713","360","322","640","920","47","","","","",""
"modes","모험을 떠나요","mode-boss-47","assets/placed/15e94e1eeaa84e9c97.png","assets/ui/mode-boss.png","","738","387","272","369","1164","48","","","","",""
"modes","모험을 떠나요","label-48","assets/text/ca112655d035b78c31.png","","월드보스","729","772","290","55","1093","49","","","","",""
"modes","모험을 떠나요","label-49","assets/text/080d7f97a9311f5d33.png","","전 서버 도전","730","830","290","39","1051","50","","","","",""
"modes","모험을 떠나요","button-yellow-normal-50","assets/placed/1ef6e299aeec201df8.png","assets/ui/button-yellow-normal.png","","742","891","264","84","945","51","742","891","264","84","worldboss"
"modes","모험을 떠나요","label-51","assets/text/317848b9b9e962c9bf.png","","입장","760","902","228","52","966","52","","","","",""
"modes","모험을 떠나요","panel-peach-52","assets/placed/9714256a432bc31b22.png","assets/ui/panel-peach.png","","45","1026","322","640","254","53","","","","",""
"modes","모험을 떠나요","mode-duel-53","assets/placed/c57e8914978ed6d123.png","assets/ui/mode-duel.png","","70","1053","272","369","498","54","","","","",""
"modes","모험을 떠나요","label-54","assets/text/bc5b82a18b8d5040a2.png","","1:1 대전","61","1438","290","55","427","55","","","","",""
"modes","모험을 떠나요","label-55","assets/text/fd77dbd0b3374b3a08.png","","합성 실력으로 승부","61","1496","290","39","385","56","","","","",""
"modes","모험을 떠나요","button-yellow-normal-56","assets/placed/1ef6e299aeec201df8.png","assets/ui/button-yellow-normal.png","","74","1557","264","84","279","57","74","1557","264","84","arena"
"modes","모험을 떠나요","label-57","assets/text/317848b9b9e962c9bf.png","","입장","92","1568","228","52","300","58","","","","",""
"modes","모험을 떠나요","panel-mint-58","assets/placed/120e505573cac03fdf.png","assets/ui/panel-mint.png","","379","1026","322","640","254","59","","","","",""
"modes","모험을 떠나요","mode-team-59","assets/placed/3123f83e8da0acba82.png","assets/ui/mode-team.png","","404","1053","272","369","498","60","","","","",""
"modes","모험을 떠나요","label-60","assets/text/ccff0c94c7545a23ca.png","","팀 대전","395","1438","290","55","427","61","","","","",""
"modes","모험을 떠나요","label-61","assets/text/fbcad3de2ea7fc5f31.png","","2:2 / 3:3","395","1496","290","39","385","62","","","","",""
"modes","모험을 떠나요","button-yellow-normal-62","assets/placed/1ef6e299aeec201df8.png","assets/ui/button-yellow-normal.png","","408","1557","264","84","279","63","408","1557","264","84","team-arena"
"modes","모험을 떠나요","label-63","assets/text/317848b9b9e962c9bf.png","","입장","426","1568","228","52","300","64","","","","",""
"modes","모험을 떠나요","panel-cream-64","assets/placed/6200344ac3d16a59e0.png","assets/ui/panel-cream.png","","713","1026","322","640","254","65","","","","",""
"modes","모험을 떠나요","mode-tower-65","assets/placed/a9e336f0df6a3373cc.png","assets/ui/mode-tower.png","","738","1053","272","369","498","66","","","","",""
"modes","모험을 떠나요","label-66","assets/text/0ee4423b7078b17573.png","","무한의 탑","729","1438","290","55","427","67","","","","",""
"modes","모험을 떠나요","label-67","assets/text/89b2086c8640779d56.png","","더 높은 곳으로","729","1496","290","39","385","68","","","","",""
"modes","모험을 떠나요","button-yellow-normal-68","assets/placed/1ef6e299aeec201df8.png","assets/ui/button-yellow-normal.png","","742","1557","264","84","279","69","742","1557","264","84","tower"
"modes","모험을 떠나요","label-69","assets/text/317848b9b9e962c9bf.png","","입장","760","1568","228","52","300","70","","","","",""
"chapters","챕터 선택","background-1","assets/placed/348bc5b287f1eee990.png","assets/backgrounds/town.png","","0","0","1080","1920","0","0","","","","",""
"chapters","챕터 선택","resource-bar-3","assets/placed/67b2bb1183ebc40ed1.png","assets/ui/panel-cream.png","","30","28","1020","90","1802","1","","","","",""
"chapters","챕터 선택","title-bar-4","assets/placed/21cf35d5dcee417b8d.png","assets/ui/panel-cream.png","","30","128","1020","104","1688","2","","","","",""
"chapters","챕터 선택","icon-energy-5","assets/placed/9fa198e8f4245dbd0f.png","assets/icons/energy.png","","52","43","54","54","1823","3","","","","",""
"chapters","챕터 선택","text-6","assets/text/4f65a133e0ebec885a.png","","40/50","113","50","195","47","1823","4","","","","",""
"chapters","챕터 선택","icon-gold-7","assets/placed/0274a23a232ef47921.png","assets/icons/gold.png","","368","43","54","54","1823","5","","","","",""
"chapters","챕터 선택","text-8","assets/text/ed149040bb71721e2c.png","","12,500","429","50","195","47","1823","6","","","","",""
"chapters","챕터 선택","icon-gem-9","assets/placed/e238412bd856f270d9.png","assets/icons/gem.png","","684","43","54","54","1823","7","","","","",""
"chapters","챕터 선택","text-10","assets/text/b710de3b8f0ad3e447.png","","320","745","50","195","47","1823","8","","","","",""
"chapters","챕터 선택","button-11","assets/placed/a55e725f8d802af4a0.png","assets/ui/button-cream-normal.png","","38","138","76","76","1706","9","10","110","132","132","modes"
"chapters","챕터 선택","icon-back-12","assets/placed/dc05be2a4b9c6fda0c.png","assets/icons/back.png","","48","141","56","56","1723","10","","","","",""
"chapters","챕터 선택","text-13","assets/text/0a4e94aad30b658889.png","","챕터 선택","138","143","742","65","1712","11","","","","",""
"chapters","챕터 선택","button-14","assets/placed/a55e725f8d802af4a0.png","assets/ui/button-cream-normal.png","","958","138","76","76","1706","12","930","110","132","132","settings"
"chapters","챕터 선택","icon-gear-15","assets/placed/71b09a6dc991d6f600.png","assets/icons/gear.png","","968","141","56","56","1723","13","","","","",""
"chapters","챕터 선택","bottom-nav-16","assets/placed/8a8204f9fa1fc6115b.png","assets/ui/panel-cream.png","","24","1734","1032","160","26","14","","","","",""
"chapters","챕터 선택","nav-hit-17","","","","39","1743","190","139","38","15","39","1743","190","139","workshop"
"chapters","챕터 선택","icon-forge-18","assets/placed/12ef2fd983b0f617f0.png","assets/icons/forge.png","","105","1753","60","60","107","16","","","","",""
"chapters","챕터 선택","text-19","assets/text/0d36b2df9353d9a6a4.png","","대장간","452","1792","180","44","84","17","","","","",""
"chapters","챕터 선택","nav-hit-20","","","","243","1743","190","139","38","18","243","1743","190","139","cats"
"chapters","챕터 선택","icon-cat-21","assets/placed/75618a37a684a9366c.png","assets/icons/cat.png","","308","1753","60","60","107","19","","","","",""
"chapters","챕터 선택","text-22","assets/text/b2c2d20f3863ead9e4.png","","고양이","453","1792","180","44","84","20","","","","",""
"chapters","챕터 선택","active-tab-23","assets/placed/f669ab757bc5fc9425.png","assets/ui/panel-mint.png","","447","1744","190","135","41","21","","","","",""
"chapters","챕터 선택","nav-hit-24","","","","447","1743","190","139","38","22","447","1743","190","139","modes"
"chapters","챕터 선택","icon-sword-25","assets/placed/2f37f0487b559d4738.png","assets/icons/sword.png","","512","1753","60","60","107","23","","","","",""
"chapters","챕터 선택","text-26","assets/text/37a71f4045908e9a35.png","","전투","452","1790","180","44","86","24","","","","",""
"chapters","챕터 선택","nav-hit-27","","","","651","1743","190","139","38","25","651","1743","190","139","shop"
"chapters","챕터 선택","icon-shop-28","assets/placed/48f9aabd0f0ed93c20.png","assets/icons/shop.png","","716","1753","60","60","107","26","","","","",""
"chapters","챕터 선택","text-29","assets/text/e93cf34436b725b2bc.png","","상점","453","1792","180","44","84","27","","","","",""
"chapters","챕터 선택","nav-hit-30","","","","855","1743","190","139","38","28","855","1743","190","139","ranking"
"chapters","챕터 선택","icon-trophy-31","assets/placed/f021e42cfce953f174.png","assets/icons/trophy.png","","920","1753","60","60","107","29","","","","",""
"chapters","챕터 선택","text-32","assets/text/ae295d719fe151b0fc.png","","랭킹","453","1792","180","44","84","30","","","","",""
"chapters","챕터 선택","panel-33","assets/placed/c8922e860fc6b2a6b3.png","assets/ui/panel-mint.png","","48","260","984","148","1512","31","","","","",""
"chapters","챕터 선택","icon-cat-34","assets/placed/6a68873531ce746268.png","assets/icons/cat.png","","72","292","72","72","1556","32","","","","",""
"chapters","챕터 선택","text-35","assets/text/18aad96737f6b2d6a1.png","","01 고양이 마을","168","280","814","51","1589","33","","","","",""
"chapters","챕터 선택","text-36","assets/text/520cff340547d1bae0.png","","12 / 20 클리어 · 별 28 / 60","168","333","834","39","1548","34","","","","",""
"chapters","챕터 선택","row-hit-37","","","","48","260","984","148","1512","35","48","260","984","148","stages"
"chapters","챕터 선택","icon-back-38","assets/placed/75eff27796b699b40d.png","assets/icons/back.png","","972","309","34","34","1577","36","","","","",""
"chapters","챕터 선택","panel-39","assets/placed/4a87380d1072e84d35.png","assets/ui/panel-lavender.png","","48","430","984","148","1342","37","","","","",""
"chapters","챕터 선택","icon-tree-40","assets/placed/b8881583c4157b7502.png","assets/icons/tree.png","","72","462","72","72","1386","38","","","","",""
"chapters","챕터 선택","text-41","assets/text/af5341d9e8a3539c92.png","","02 어두운 숲","168","450","814","51","1419","39","","","","",""
"chapters","챕터 선택","text-42","assets/text/3c11ebd2f68248fd5e.png","","독버섯과 까마귀의 숲","168","503","834","39","1378","40","","","","",""
"chapters","챕터 선택","row-hit-43","","","","48","430","984","148","1342","41","48","430","984","148","stages"
"chapters","챕터 선택","icon-back-44","assets/placed/75eff27796b699b40d.png","assets/icons/back.png","","972","479","34","34","1407","42","","","","",""
"chapters","챕터 선택","panel-45","assets/placed/c846af0aaaf7a6478b.png","assets/ui/panel-peach.png","","48","600","984","148","1172","43","","","","",""
"chapters","챕터 선택","icon-flag-46","assets/placed/b7f187fee4593e26b0.png","assets/icons/flag.png","","72","632","72","72","1216","44","","","","",""
"chapters","챕터 선택","text-47","assets/text/63344883299c0c467e.png","","03 사막 피라미드","168","620","814","51","1249","45","","","","",""
"chapters","챕터 선택","text-48","assets/text/73eb7b9c2172dc2501.png","","모래폭풍을 뚫고 보급하세요","168","673","834","39","1208","46","","","","",""
"chapters","챕터 선택","row-hit-49","","","","48","600","984","148","1172","47","48","600","984","148","stages"
"chapters","챕터 선택","icon-back-50","assets/placed/75eff27796b699b40d.png","assets/icons/back.png","","972","649","34","34","1237","48","","","","",""
"chapters","챕터 선택","panel-51","assets/placed/4a87380d1072e84d35.png","assets/ui/panel-lavender.png","","48","770","984","148","1002","49","","","","",""
"chapters","챕터 선택","icon-gem-52","assets/placed/25d25aca1e6ac16788.png","assets/icons/gem.png","","72","802","72","72","1046","50","","","","",""
"chapters","챕터 선택","text-53","assets/text/aed238d960014cd716.png","","04 얼음 동굴","168","790","814","51","1079","51","","","","",""
"chapters","챕터 선택","text-54","assets/text/7f15ea54b2387227be.png","","빙결로부터 공방을 지켜요","168","843","834","39","1038","52","","","","",""
"chapters","챕터 선택","row-hit-55","","","","48","770","984","148","1002","53","48","770","984","148","stages"
"chapters","챕터 선택","icon-back-56","assets/placed/75eff27796b699b40d.png","assets/icons/back.png","","972","819","34","34","1067","54","","","","",""
"chapters","챕터 선택","panel-57","assets/placed/4405b4a78e9acda39f.png","assets/ui/panel-cream.png","","48","940","984","148","832","55","","","","",""
"chapters","챕터 선택","icon-gear-58","assets/placed/578d6220265a6ed3c9.png","assets/icons/gear.png","","72","972","72","72","876","56","","","","",""
"chapters","챕터 선택","text-59","assets/text/38edee514ed5a7ee68.png","","05 로봇 공장","168","960","814","51","909","57","","","","",""
"chapters","챕터 선택","text-60","assets/text/d487e4320eb0e2cbe9.png","","마법으로 방어막을 깨뜨려요","168","1013","834","39","868","58","","","","",""
"chapters","챕터 선택","row-hit-61","","","","48","940","984","148","832","59","48","940","984","148","stages"
"chapters","챕터 선택","icon-back-62","assets/placed/75eff27796b699b40d.png","assets/icons/back.png","","972","989","34","34","897","60","","","","",""
"stages","고양이 마을","background-1","assets/placed/348bc5b287f1eee990.png","assets/backgrounds/town.png","","0","0","1080","1920","0","0","","","","",""
"stages","고양이 마을","resource-bar-3","assets/placed/67b2bb1183ebc40ed1.png","assets/ui/panel-cream.png","","30","28","1020","90","1802","1","","","","",""
"stages","고양이 마을","title-bar-4","assets/placed/21cf35d5dcee417b8d.png","assets/ui/panel-cream.png","","30","128","1020","104","1688","2","","","","",""
"stages","고양이 마을","icon-energy-5","assets/placed/9fa198e8f4245dbd0f.png","assets/icons/energy.png","","52","43","54","54","1823","3","","","","",""
"stages","고양이 마을","text-6","assets/text/4f65a133e0ebec885a.png","","40/50","113","50","195","47","1823","4","","","","",""
"stages","고양이 마을","icon-gold-7","assets/placed/0274a23a232ef47921.png","assets/icons/gold.png","","368","43","54","54","1823","5","","","","",""
"stages","고양이 마을","text-8","assets/text/ed149040bb71721e2c.png","","12,500","429","50","195","47","1823","6","","","","",""
"stages","고양이 마을","icon-gem-9","assets/placed/e238412bd856f270d9.png","assets/icons/gem.png","","684","43","54","54","1823","7","","","","",""
"stages","고양이 마을","text-10","assets/text/b710de3b8f0ad3e447.png","","320","745","50","195","47","1823","8","","","","",""
"stages","고양이 마을","button-11","assets/placed/a55e725f8d802af4a0.png","assets/ui/button-cream-normal.png","","38","138","76","76","1706","9","10","110","132","132","chapters"
"stages","고양이 마을","icon-back-12","assets/placed/dc05be2a4b9c6fda0c.png","assets/icons/back.png","","48","141","56","56","1723","10","","","","",""
"stages","고양이 마을","text-13","assets/text/3c1d31747a67fb7a38.png","","고양이 마을","138","143","742","65","1712","11","","","","",""
"stages","고양이 마을","button-14","assets/placed/a55e725f8d802af4a0.png","assets/ui/button-cream-normal.png","","958","138","76","76","1706","12","930","110","132","132","settings"
"stages","고양이 마을","icon-gear-15","assets/placed/71b09a6dc991d6f600.png","assets/icons/gear.png","","968","141","56","56","1723","13","","","","",""
"stages","고양이 마을","bottom-nav-16","assets/placed/8a8204f9fa1fc6115b.png","assets/ui/panel-cream.png","","24","1734","1032","160","26","14","","","","",""
"stages","고양이 마을","nav-hit-17","","","","39","1743","190","139","38","15","39","1743","190","139","workshop"
"stages","고양이 마을","icon-forge-18","assets/placed/12ef2fd983b0f617f0.png","assets/icons/forge.png","","105","1753","60","60","107","16","","","","",""
"stages","고양이 마을","text-19","assets/text/0d36b2df9353d9a6a4.png","","대장간","452","1792","180","44","84","17","","","","",""
"stages","고양이 마을","nav-hit-20","","","","243","1743","190","139","38","18","243","1743","190","139","cats"
"stages","고양이 마을","icon-cat-21","assets/placed/75618a37a684a9366c.png","assets/icons/cat.png","","308","1753","60","60","107","19","","","","",""
"stages","고양이 마을","text-22","assets/text/b2c2d20f3863ead9e4.png","","고양이","453","1792","180","44","84","20","","","","",""
"stages","고양이 마을","active-tab-23","assets/placed/f669ab757bc5fc9425.png","assets/ui/panel-mint.png","","447","1744","190","135","41","21","","","","",""
"stages","고양이 마을","nav-hit-24","","","","447","1743","190","139","38","22","447","1743","190","139","modes"
"stages","고양이 마을","icon-sword-25","assets/placed/2f37f0487b559d4738.png","assets/icons/sword.png","","512","1753","60","60","107","23","","","","",""
"stages","고양이 마을","text-26","assets/text/37a71f4045908e9a35.png","","전투","452","1790","180","44","86","24","","","","",""
"stages","고양이 마을","nav-hit-27","","","","651","1743","190","139","38","25","651","1743","190","139","shop"
"stages","고양이 마을","icon-shop-28","assets/placed/48f9aabd0f0ed93c20.png","assets/icons/shop.png","","716","1753","60","60","107","26","","","","",""
"stages","고양이 마을","text-29","assets/text/e93cf34436b725b2bc.png","","상점","453","1792","180","44","84","27","","","","",""
"stages","고양이 마을","nav-hit-30","","","","855","1743","190","139","38","28","855","1743","190","139","ranking"
"stages","고양이 마을","icon-trophy-31","assets/placed/f021e42cfce953f174.png","assets/icons/trophy.png","","920","1753","60","60","107","29","","","","",""
"stages","고양이 마을","text-32","assets/text/ae295d719fe151b0fc.png","","랭킹","453","1792","180","44","84","30","","","","",""
"stages","고양이 마을","button-33","assets/placed/fda2fbf8115782f1b9.png","assets/ui/button-mint-normal.png","","48","250","318","82","1588","31","48","225","318","132","stages"
"stages","고양이 마을","text-34","assets/text/2049d3214e5e210a3a.png","","일반","64","259","286","48","1613","32","","","","",""
"stages","고양이 마을","button-35","assets/placed/c91c38b96ae935da3e.png","assets/ui/button-cream-normal.png","","376","250","318","82","1588","33","376","225","318","132","stages"
"stages","고양이 마을","text-36","assets/text/5c496f2cd6173404ad.png","","어려움","392","260","286","48","1612","34","","","","",""
"stages","고양이 마을","button-37","assets/placed/c91c38b96ae935da3e.png","assets/ui/button-cream-normal.png","","704","250","318","82","1588","35","704","225","318","132","stages"
"stages","고양이 마을","text-38","assets/text/26a6e03fed68a79660.png","","악몽","720","260","286","48","1612","36","","","","",""
"stages","고양이 마을","subtitle-back-text-39","assets/placed/a1870c0a48d45e9722.png","assets/ui/panel-cream.png","","50","362","978","67","1491","37","","","","",""
"stages","고양이 마을","text-39","assets/text/3ec1bd2c1e6a25a586.png","","챕터 1 · 별 28 / 60","64","370","950","54","1496","38","","","","",""
"stages","고양이 마을","panel-40","assets/placed/535f33691d7c760299.png","assets/ui/panel-mint.png","","64","454","220","178","1288","39","","","","",""
"stages","고양이 마을","text-41","assets/text/277a6ef6427b79924a.png","","1-1","74","479","200","56","1385","40","","","","",""
"stages","고양이 마을","text-42","assets/placed/a9f17bf7a48068ffcc.png","assets/ui/victory-laurel.png","","360","495","360","170","1255","41","","","","",""
"stages","고양이 마을","stage-hit-43","","","","64","454","220","178","1288","42","64","454","220","178","prepare"
"stages","고양이 마을","panel-44","assets/placed/535f33691d7c760299.png","assets/ui/panel-mint.png","","308","454","220","178","1288","43","","","","",""
"stages","고양이 마을","text-45","assets/text/86e605b1638d180671.png","","1-2","318","479","200","56","1385","44","","","","",""
"stages","고양이 마을","text-46","assets/placed/a9f17bf7a48068ffcc.png","assets/ui/victory-laurel.png","","360","495","360","170","1255","45","","","","",""
"stages","고양이 마을","stage-hit-47","","","","308","454","220","178","1288","46","308","454","220","178","prepare"
"stages","고양이 마을","panel-48","assets/placed/535f33691d7c760299.png","assets/ui/panel-mint.png","","552","454","220","178","1288","47","","","","",""
"stages","고양이 마을","text-49","assets/text/5bd016241769101751.png","","1-3","562","479","200","56","1385","48","","","","",""
"stages","고양이 마을","text-50","assets/placed/a9f17bf7a48068ffcc.png","assets/ui/victory-laurel.png","","360","495","360","170","1255","49","","","","",""
"stages","고양이 마을","stage-hit-51","","","","552","454","220","178","1288","50","552","454","220","178","prepare"
"stages","고양이 마을","panel-52","assets/placed/535f33691d7c760299.png","assets/ui/panel-mint.png","","796","454","220","178","1288","51","","","","",""
"stages","고양이 마을","text-53","assets/text/77a9521b0fae61ec8b.png","","1-4","805","479","200","56","1385","52","","","","",""
"stages","고양이 마을","text-54","assets/placed/a9f17bf7a48068ffcc.png","assets/ui/victory-laurel.png","","360","495","360","170","1255","53","","","","",""
"stages","고양이 마을","stage-hit-55","","","","796","454","220","178","1288","54","796","454","220","178","prepare"
"stages","고양이 마을","panel-56","assets/placed/535f33691d7c760299.png","assets/ui/panel-mint.png","","64","652","220","178","1090","55","","","","",""
"stages","고양이 마을","text-57","assets/text/fbf70666fd5d96310b.png","","1-5","74","677","200","56","1187","56","","","","",""
"stages","고양이 마을","text-58","assets/placed/a9f17bf7a48068ffcc.png","assets/ui/victory-laurel.png","","360","693","360","170","1057","57","","","","",""
"stages","고양이 마을","stage-hit-59","","","","64","652","220","178","1090","58","64","652","220","178","prepare"
"stages","고양이 마을","panel-60","assets/placed/535f33691d7c760299.png","assets/ui/panel-mint.png","","308","652","220","178","1090","59","","","","",""
"stages","고양이 마을","text-61","assets/text/58ad1454003a6b0984.png","","1-6","318","677","200","56","1187","60","","","","",""
"stages","고양이 마을","text-62","assets/placed/a9f17bf7a48068ffcc.png","assets/ui/victory-laurel.png","","360","693","360","170","1057","61","","","","",""
"stages","고양이 마을","stage-hit-63","","","","308","652","220","178","1090","62","308","652","220","178","prepare"
"stages","고양이 마을","panel-64","assets/placed/535f33691d7c760299.png","assets/ui/panel-mint.png","","552","652","220","178","1090","63","","","","",""
"stages","고양이 마을","text-65","assets/text/8662e491fb6d079b12.png","","1-7","562","677","200","56","1187","64","","","","",""
"stages","고양이 마을","text-66","assets/placed/a9f17bf7a48068ffcc.png","assets/ui/victory-laurel.png","","360","693","360","170","1057","65","","","","",""
"stages","고양이 마을","stage-hit-67","","","","552","652","220","178","1090","66","552","652","220","178","prepare"
"stages","고양이 마을","panel-68","assets/placed/535f33691d7c760299.png","assets/ui/panel-mint.png","","796","652","220","178","1090","67","","","","",""
"stages","고양이 마을","text-69","assets/text/db173c56c7cca4a8c5.png","","1-8","806","677","200","56","1187","68","","","","",""
"stages","고양이 마을","text-70","assets/placed/a9f17bf7a48068ffcc.png","assets/ui/victory-laurel.png","","360","693","360","170","1057","69","","","","",""
"stages","고양이 마을","stage-hit-71","","","","796","652","220","178","1090","70","796","652","220","178","prepare"
"stages","고양이 마을","panel-72","assets/placed/535f33691d7c760299.png","assets/ui/panel-mint.png","","64","850","220","178","892","71","","","","",""
"stages","고양이 마을","text-73","assets/text/94aff6d9306e113acc.png","","1-9","74","875","200","56","989","72","","","","",""
"stages","고양이 마을","text-74","assets/placed/a9f17bf7a48068ffcc.png","assets/ui/victory-laurel.png","","360","891","360","170","859","73","","","","",""
"stages","고양이 마을","stage-hit-75","","","","64","850","220","178","892","74","64","850","220","178","prepare"
"stages","고양이 마을","panel-76","assets/placed/535f33691d7c760299.png","assets/ui/panel-mint.png","","308","850","220","178","892","75","","","","",""
"stages","고양이 마을","text-77","assets/text/cf87085e0e7e73b572.png","","1-10","318","875","200","56","989","76","","","","",""
"stages","고양이 마을","text-78","assets/placed/a9f17bf7a48068ffcc.png","assets/ui/victory-laurel.png","","360","891","360","170","859","77","","","","",""
"stages","고양이 마을","stage-hit-79","","","","308","850","220","178","892","78","308","850","220","178","prepare"
"stages","고양이 마을","panel-80","assets/placed/535f33691d7c760299.png","assets/ui/panel-mint.png","","552","850","220","178","892","79","","","","",""
"stages","고양이 마을","text-81","assets/text/67d0b4634a4f075274.png","","1-11","562","875","200","56","989","80","","","","",""
"stages","고양이 마을","text-82","assets/placed/a9f17bf7a48068ffcc.png","assets/ui/victory-laurel.png","","360","891","360","170","859","81","","","","",""
"stages","고양이 마을","stage-hit-83","","","","552","850","220","178","892","82","552","850","220","178","prepare"
"stages","고양이 마을","panel-84","assets/placed/535f33691d7c760299.png","assets/ui/panel-mint.png","","796","850","220","178","892","83","","","","",""
"stages","고양이 마을","text-85","assets/text/1a72602d626e656a6c.png","","1-12","806","875","200","56","989","84","","","","",""
"stages","고양이 마을","text-86","assets/placed/a9f17bf7a48068ffcc.png","assets/ui/victory-laurel.png","","360","891","360","170","859","85","","","","",""
"stages","고양이 마을","stage-hit-87","","","","796","850","220","178","892","86","796","850","220","178","prepare"
"stages","고양이 마을","panel-88","assets/placed/bf0e79ac5f8b4a167e.png","assets/ui/panel-cream.png","","64","1048","220","178","694","87","","","","",""
"stages","고양이 마을","text-89","assets/text/8864927f93354ce6af.png","","1-13","74","1073","200","56","791","88","","","","",""
"stages","고양이 마을","icon-flag-90","assets/placed/22c71c19a6c2c1c24c.png","assets/icons/flag.png","","148","1133","53","53","734","89","","","","",""
"stages","고양이 마을","stage-hit-91","","","","64","1048","220","178","694","90","64","1048","220","178","prepare"
"stages","고양이 마을","panel-92","assets/placed/bf0e79ac5f8b4a167e.png","assets/ui/panel-cream.png","","308","1048","220","178","694","91","","","","",""
"stages","고양이 마을","text-93","assets/text/5577f76b554595f516.png","","1-14","317","1073","200","56","791","92","","","","",""
"stages","고양이 마을","icon-lock-94","assets/placed/983e9318468669a026.png","assets/icons/lock.png","","392","1133","53","53","734","93","","","","",""
"stages","고양이 마을","stage-hit-95","","","","308","1048","220","178","694","94","308","1048","220","178","prepare"
"stages","고양이 마을","panel-96","assets/placed/bf0e79ac5f8b4a167e.png","assets/ui/panel-cream.png","","552","1048","220","178","694","95","","","","",""
"stages","고양이 마을","text-97","assets/text/0fcd1a746d9f62a380.png","","1-15","562","1073","200","56","791","96","","","","",""
"stages","고양이 마을","icon-lock-98","assets/placed/983e9318468669a026.png","assets/icons/lock.png","","636","1133","53","53","734","97","","","","",""
"stages","고양이 마을","stage-hit-99","","","","552","1048","220","178","694","98","552","1048","220","178","prepare"
"stages","고양이 마을","panel-100","assets/placed/bf0e79ac5f8b4a167e.png","assets/ui/panel-cream.png","","796","1048","220","178","694","99","","","","",""
"stages","고양이 마을","text-101","assets/text/d5c7cf79a09534f1be.png","","1-16","806","1073","200","56","791","100","","","","",""
"stages","고양이 마을","icon-lock-102","assets/placed/983e9318468669a026.png","assets/icons/lock.png","","880","1133","53","53","734","101","","","","",""
"stages","고양이 마을","stage-hit-103","","","","796","1048","220","178","694","102","796","1048","220","178","prepare"
"stages","고양이 마을","panel-104","assets/placed/bf0e79ac5f8b4a167e.png","assets/ui/panel-cream.png","","64","1246","220","178","496","103","","","","",""
"stages","고양이 마을","text-105","assets/text/2647153452791863de.png","","1-17","74","1271","200","56","593","104","","","","",""
"stages","고양이 마을","icon-lock-106","assets/placed/983e9318468669a026.png","assets/icons/lock.png","","148","1331","53","53","536","105","","","","",""
"stages","고양이 마을","stage-hit-107","","","","64","1246","220","178","496","106","64","1246","220","178","prepare"
"stages","고양이 마을","panel-108","assets/placed/bf0e79ac5f8b4a167e.png","assets/ui/panel-cream.png","","308","1246","220","178","496","107","","","","",""
"stages","고양이 마을","text-109","assets/text/f26d9a594621ecb4e4.png","","1-18","318","1271","200","56","593","108","","","","",""
"stages","고양이 마을","icon-lock-110","assets/placed/983e9318468669a026.png","assets/icons/lock.png","","392","1331","53","53","536","109","","","","",""
"stages","고양이 마을","stage-hit-111","","","","308","1246","220","178","496","110","308","1246","220","178","prepare"
"stages","고양이 마을","panel-112","assets/placed/bf0e79ac5f8b4a167e.png","assets/ui/panel-cream.png","","552","1246","220","178","496","111","","","","",""
"stages","고양이 마을","text-113","assets/text/0b990a21319ab34a4a.png","","1-19","562","1271","200","56","593","112","","","","",""
"stages","고양이 마을","icon-lock-114","assets/placed/983e9318468669a026.png","assets/icons/lock.png","","636","1331","53","53","536","113","","","","",""
"stages","고양이 마을","stage-hit-115","","","","552","1246","220","178","496","114","552","1246","220","178","prepare"
"stages","고양이 마을","panel-116","assets/placed/bf0e79ac5f8b4a167e.png","assets/ui/panel-cream.png","","796","1246","220","178","496","115","","","","",""
"stages","고양이 마을","text-117","assets/text/43e52a12051dd0c62c.png","","1-20","806","1271","200","56","593","116","","","","",""
"stages","고양이 마을","icon-lock-118","assets/placed/983e9318468669a026.png","assets/icons/lock.png","","880","1331","53","53","536","117","","","","",""
"stages","고양이 마을","stage-hit-119","","","","796","1246","220","178","496","118","796","1246","220","178","prepare"
"stages","고양이 마을","panel-120","assets/placed/c846af0aaaf7a6478b.png","assets/ui/panel-peach.png","","48","1465","984","148","307","119","","","","",""
"stages","고양이 마을","icon-chest-121","assets/placed/39275b559de057d382.png","assets/icons/chest.png","","72","1497","72","72","351","120","","","","",""
"stages","고양이 마을","text-122","assets/text/43b95b0cb71e4b0ca2.png","","별 수집 보상","168","1485","814","51","384","121","","","","",""
"stages","고양이 마을","text-123","assets/text/e62af10b8d4e371c44.png","","20개 수령 가능 · 다음 보상 40개","168","1538","834","39","343","122","","","","",""
"stages","고양이 마을","row-hit-124","","","","48","1465","984","148","307","123","48","1465","984","148","reward"
"stages","고양이 마을","icon-back-125","assets/placed/75eff27796b699b40d.png","assets/icons/back.png","","972","1514","34","34","372","124","","","","",""
"prepare","출전 준비","background-1","assets/placed/348bc5b287f1eee990.png","assets/backgrounds/town.png","","0","0","1080","1920","0","0","","","","",""
"prepare","출전 준비","resource-bar-3","assets/placed/67b2bb1183ebc40ed1.png","assets/ui/panel-cream.png","","30","28","1020","90","1802","1","","","","",""
"prepare","출전 준비","title-bar-4","assets/placed/21cf35d5dcee417b8d.png","assets/ui/panel-cream.png","","30","128","1020","104","1688","2","","","","",""
"prepare","출전 준비","icon-energy-5","assets/placed/9fa198e8f4245dbd0f.png","assets/icons/energy.png","","52","43","54","54","1823","3","","","","",""
"prepare","출전 준비","text-6","assets/text/4f65a133e0ebec885a.png","","40/50","113","50","195","47","1823","4","","","","",""
"prepare","출전 준비","icon-gold-7","assets/placed/0274a23a232ef47921.png","assets/icons/gold.png","","368","43","54","54","1823","5","","","","",""
"prepare","출전 준비","text-8","assets/text/ed149040bb71721e2c.png","","12,500","429","50","195","47","1823","6","","","","",""
"prepare","출전 준비","icon-gem-9","assets/placed/e238412bd856f270d9.png","assets/icons/gem.png","","684","43","54","54","1823","7","","","","",""
"prepare","출전 준비","text-10","assets/text/b710de3b8f0ad3e447.png","","320","745","50","195","47","1823","8","","","","",""
"prepare","출전 준비","button-11","assets/placed/a55e725f8d802af4a0.png","assets/ui/button-cream-normal.png","","38","138","76","76","1706","9","10","110","132","132","stages"
"prepare","출전 준비","icon-back-12","assets/placed/dc05be2a4b9c6fda0c.png","assets/icons/back.png","","48","141","56","56","1723","10","","","","",""
"prepare","출전 준비","text-13","assets/text/147f06d6aac9902f9a.png","","출전 준비","138","143","742","65","1712","11","","","","",""
"prepare","출전 준비","button-14","assets/placed/a55e725f8d802af4a0.png","assets/ui/button-cream-normal.png","","958","138","76","76","1706","12","930","110","132","132","settings"
"prepare","출전 준비","icon-gear-15","assets/placed/71b09a6dc991d6f600.png","assets/icons/gear.png","","968","141","56","56","1723","13","","","","",""
"prepare","출전 준비","bottom-nav-16","assets/placed/8a8204f9fa1fc6115b.png","assets/ui/panel-cream.png","","24","1734","1032","160","26","14","","","","",""
"prepare","출전 준비","nav-hit-17","","","","39","1743","190","139","38","15","39","1743","190","139","workshop"
"prepare","출전 준비","icon-forge-18","assets/placed/12ef2fd983b0f617f0.png","assets/icons/forge.png","","105","1753","60","60","107","16","","","","",""
"prepare","출전 준비","text-19","assets/text/0d36b2df9353d9a6a4.png","","대장간","452","1792","180","44","84","17","","","","",""
"prepare","출전 준비","nav-hit-20","","","","243","1743","190","139","38","18","243","1743","190","139","cats"
"prepare","출전 준비","icon-cat-21","assets/placed/75618a37a684a9366c.png","assets/icons/cat.png","","308","1753","60","60","107","19","","","","",""
"prepare","출전 준비","text-22","assets/text/b2c2d20f3863ead9e4.png","","고양이","453","1792","180","44","84","20","","","","",""
"prepare","출전 준비","active-tab-23","assets/placed/f669ab757bc5fc9425.png","assets/ui/panel-mint.png","","447","1744","190","135","41","21","","","","",""
"prepare","출전 준비","nav-hit-24","","","","447","1743","190","139","38","22","447","1743","190","139","modes"
"prepare","출전 준비","icon-sword-25","assets/placed/2f37f0487b559d4738.png","assets/icons/sword.png","","512","1753","60","60","107","23","","","","",""
"prepare","출전 준비","text-26","assets/text/37a71f4045908e9a35.png","","전투","452","1790","180","44","86","24","","","","",""
"prepare","출전 준비","nav-hit-27","","","","651","1743","190","139","38","25","651","1743","190","139","shop"
"prepare","출전 준비","icon-shop-28","assets/placed/48f9aabd0f0ed93c20.png","assets/icons/shop.png","","716","1753","60","60","107","26","","","","",""
"prepare","출전 준비","text-29","assets/text/e93cf34436b725b2bc.png","","상점","453","1792","180","44","84","27","","","","",""
"prepare","출전 준비","nav-hit-30","","","","855","1743","190","139","38","28","855","1743","190","139","ranking"
"prepare","출전 준비","icon-trophy-31","assets/placed/f021e42cfce953f174.png","assets/icons/trophy.png","","920","1753","60","60","107","29","","","","",""
"prepare","출전 준비","text-32","assets/text/ae295d719fe151b0fc.png","","랭킹","453","1792","180","44","84","30","","","","",""
"prepare","출전 준비","panel-33","assets/placed/2ee1c1115efd2ebfcd.png","assets/ui/panel-mint.png","","48","250","984","360","1310","31","","","","",""
"prepare","출전 준비","text-34","assets/text/84bced0f9a44308c25.png","","1-13 · 마을의 울타리","82","280","600","65","1575","32","","","","",""
"prepare","출전 준비","text-35","assets/text/a6a9d6c2864bc47c08.png","","일반 · 추천 전투력 1,500","82","342","650","42","1536","33","","","","",""
"prepare","출전 준비","shadow-cat-warrior-36","assets/placed/29cf6c496bb3e07a5b.png","assets/ui/ground-shadow.png","","686","593","207","31","1296","34","","","","",""
"prepare","출전 준비","cat-warrior-36","assets/placed/78a48d2eec5b30a5ad.png","assets/characters/cat-warrior.png","","650","330","280","280","1310","35","","","","",""
"prepare","출전 준비","panel-37","assets/placed/4405b4a78e9acda39f.png","assets/ui/panel-cream.png","","48","646","984","148","1126","36","","","","",""
"prepare","출전 준비","icon-rat-38","assets/placed/19a99dbb39700dacd2.png","assets/icons/rat.png","","72","678","72","72","1170","37","","","","",""
"prepare","출전 준비","text-39","assets/text/8758272848ddeb4f96.png","","적 정보","168","666","814","51","1203","38","","","","",""
"prepare","출전 준비","text-40","assets/text/11f62a8b18195fc2c2.png","","쥐 병사 · 바퀴벌레 · 쥐왕 부하","168","719","834","39","1162","39","","","","",""
"prepare","출전 준비","panel-41","assets/placed/4405b4a78e9acda39f.png","assets/ui/panel-cream.png","","48","816","984","148","956","40","","","","",""
"prepare","출전 준비","icon-people-42","assets/placed/822023bb977e95c4d0.png","assets/icons/people.png","","72","848","72","72","1000","41","","","","",""
"prepare","출전 준비","text-43","assets/text/76147924ac8c851c2c.png","","추천 조합","168","836","814","51","1033","42","","","","",""
"prepare","출전 준비","text-44","assets/text/165a28d71f7244042a.png","","전사냥이 + 뚱냥이","168","889","834","39","992","43","","","","",""
"prepare","출전 준비","row-hit-45","","","","48","816","984","148","956","44","48","816","984","148","squad"
"prepare","출전 준비","icon-back-46","assets/placed/75eff27796b699b40d.png","assets/icons/back.png","","972","865","34","34","1021","45","","","","",""
"prepare","출전 준비","panel-47","assets/placed/3c43de278cf0e35088.png","assets/ui/panel-cream.png","","48","993","984","285","642","46","","","","",""
"prepare","출전 준비","shadow-cat-warrior-48","assets/placed/0ea31ee976aeb313d6.png","assets/ui/ground-shadow.png","","225","1229","178","31","660","47","","","","",""
"prepare","출전 준비","cat-warrior-48","assets/placed/2d66ec3666733ee4f4.png","assets/characters/cat-warrior.png","","194","1006","240","240","674","48","","","","",""
"prepare","출전 준비","shadow-cat-tank-49","assets/placed/0ea31ee976aeb313d6.png","assets/ui/ground-shadow.png","","669","1229","178","31","660","49","","","","",""
"prepare","출전 준비","cat-tank-49","assets/placed/60277f4ca90cfeb33f.png","assets/characters/cat-tank.png","","638","1006","240","240","674","50","","","","",""
"prepare","출전 준비","panel-50","assets/placed/4405b4a78e9acda39f.png","assets/ui/panel-cream.png","","48","1303","984","148","469","51","","","","",""
"prepare","출전 준비","icon-chest-51","assets/placed/39275b559de057d382.png","assets/icons/chest.png","","72","1335","72","72","513","52","","","","",""
"prepare","출전 준비","text-52","assets/text/cd88d190f48c9a2be5.png","","예상 보상","168","1323","814","51","546","53","","","","",""
"prepare","출전 준비","text-53","assets/text/5f87e9f58eed5af6ef.png","","골드 1,250 · 무기 재료 · 별 최대 3개","168","1376","834","39","505","54","","","","",""
"prepare","출전 준비","button-54","assets/placed/f52f9bb3142ddbb511.png","assets/ui/button-yellow-normal.png","","48","1545","984","116","259","55","48","1537","984","132","battle"
"prepare","출전 준비","icon-sword-55","assets/placed/c0dd2f60beec8f95c9.png","assets/icons/sword.png","","367","1566","56","56","298","56","","","","",""
"prepare","출전 준비","text-56","assets/text/7c78efc010262ddc29.png","","전투 시작 · 에너지 5","134","1570","886","48","302","57","","","","",""
"dungeon","요일 던전","background-1","assets/placed/348bc5b287f1eee990.png","assets/backgrounds/town.png","","0","0","1080","1920","0","0","","","","",""
"dungeon","요일 던전","resource-bar-3","assets/placed/67b2bb1183ebc40ed1.png","assets/ui/panel-cream.png","","30","28","1020","90","1802","1","","","","",""
"dungeon","요일 던전","title-bar-4","assets/placed/21cf35d5dcee417b8d.png","assets/ui/panel-cream.png","","30","128","1020","104","1688","2","","","","",""
"dungeon","요일 던전","icon-energy-5","assets/placed/9fa198e8f4245dbd0f.png","assets/icons/energy.png","","52","43","54","54","1823","3","","","","",""
"dungeon","요일 던전","text-6","assets/text/4f65a133e0ebec885a.png","","40/50","113","50","195","47","1823","4","","","","",""
"dungeon","요일 던전","icon-gold-7","assets/placed/0274a23a232ef47921.png","assets/icons/gold.png","","368","43","54","54","1823","5","","","","",""
"dungeon","요일 던전","text-8","assets/text/ed149040bb71721e2c.png","","12,500","429","50","195","47","1823","6","","","","",""
"dungeon","요일 던전","icon-gem-9","assets/placed/e238412bd856f270d9.png","assets/icons/gem.png","","684","43","54","54","1823","7","","","","",""
"dungeon","요일 던전","text-10","assets/text/b710de3b8f0ad3e447.png","","320","745","50","195","47","1823","8","","","","",""
"dungeon","요일 던전","button-11","assets/placed/a55e725f8d802af4a0.png","assets/ui/button-cream-normal.png","","38","138","76","76","1706","9","10","110","132","132","modes"
"dungeon","요일 던전","icon-back-12","assets/placed/dc05be2a4b9c6fda0c.png","assets/icons/back.png","","48","141","56","56","1723","10","","","","",""
"dungeon","요일 던전","text-13","assets/text/c6f086b6da555fba3d.png","","요일 던전","138","143","742","65","1712","11","","","","",""
"dungeon","요일 던전","button-14","assets/placed/a55e725f8d802af4a0.png","assets/ui/button-cream-normal.png","","958","138","76","76","1706","12","930","110","132","132","settings"
"dungeon","요일 던전","icon-gear-15","assets/placed/71b09a6dc991d6f600.png","assets/icons/gear.png","","968","141","56","56","1723","13","","","","",""
"dungeon","요일 던전","bottom-nav-16","assets/placed/8a8204f9fa1fc6115b.png","assets/ui/panel-cream.png","","24","1734","1032","160","26","14","","","","",""
"dungeon","요일 던전","nav-hit-17","","","","39","1743","190","139","38","15","39","1743","190","139","workshop"
"dungeon","요일 던전","icon-forge-18","assets/placed/12ef2fd983b0f617f0.png","assets/icons/forge.png","","105","1753","60","60","107","16","","","","",""
"dungeon","요일 던전","text-19","assets/text/0d36b2df9353d9a6a4.png","","대장간","452","1792","180","44","84","17","","","","",""
"dungeon","요일 던전","nav-hit-20","","","","243","1743","190","139","38","18","243","1743","190","139","cats"
"dungeon","요일 던전","icon-cat-21","assets/placed/75618a37a684a9366c.png","assets/icons/cat.png","","308","1753","60","60","107","19","","","","",""
"dungeon","요일 던전","text-22","assets/text/b2c2d20f3863ead9e4.png","","고양이","453","1792","180","44","84","20","","","","",""
"dungeon","요일 던전","active-tab-23","assets/placed/f669ab757bc5fc9425.png","assets/ui/panel-mint.png","","447","1744","190","135","41","21","","","","",""
"dungeon","요일 던전","nav-hit-24","","","","447","1743","190","139","38","22","447","1743","190","139","modes"
"dungeon","요일 던전","icon-sword-25","assets/placed/2f37f0487b559d4738.png","assets/icons/sword.png","","512","1753","60","60","107","23","","","","",""
"dungeon","요일 던전","text-26","assets/text/37a71f4045908e9a35.png","","전투","452","1790","180","44","86","24","","","","",""
"dungeon","요일 던전","nav-hit-27","","","","651","1743","190","139","38","25","651","1743","190","139","shop"
"dungeon","요일 던전","icon-shop-28","assets/placed/48f9aabd0f0ed93c20.png","assets/icons/shop.png","","716","1753","60","60","107","26","","","","",""
"dungeon","요일 던전","text-29","assets/text/e93cf34436b725b2bc.png","","상점","453","1792","180","44","84","27","","","","",""
"dungeon","요일 던전","nav-hit-30","","","","855","1743","190","139","38","28","855","1743","190","139","ranking"
"dungeon","요일 던전","icon-trophy-31","assets/placed/f021e42cfce953f174.png","assets/icons/trophy.png","","920","1753","60","60","107","29","","","","",""
"dungeon","요일 던전","text-32","assets/text/ae295d719fe151b0fc.png","","랭킹","453","1792","180","44","84","30","","","","",""
"dungeon","요일 던전","panel-33","assets/placed/1753c0537bc9f8cfc7.png","assets/ui/panel-mint.png","","48","248","984","250","1422","31","","","","",""
"dungeon","요일 던전","text-34","assets/text/e9d2e2a60418b35b13.png","","오늘의 던전","82","278","600","65","1577","32","","","","",""
"dungeon","요일 던전","text-35","assets/text/d6551cf02a6d761980.png","","도전 가능 횟수 3 / 3","82","340","650","42","1538","33","","","","",""
"dungeon","요일 던전","shadow-cat-smith-36","assets/placed/29cf6c496bb3e07a5b.png","assets/ui/ground-shadow.png","","686","591","207","31","1298","34","","","","",""
"dungeon","요일 던전","cat-smith-36","assets/placed/fffb39b9c46b0c51d2.png","assets/characters/cat-smith.png","","650","328","280","280","1312","35","","","","",""
"dungeon","요일 던전","panel-37","assets/placed/c846af0aaaf7a6478b.png","assets/ui/panel-peach.png","","48","530","984","148","1242","36","","","","",""
"dungeon","요일 던전","icon-gold-38","assets/placed/0afaccfd36c17abce8.png","assets/icons/gold.png","","72","562","72","72","1286","37","","","","",""
"dungeon","요일 던전","text-39","assets/text/d5d3a2ef0554692a78.png","","골드 창고","168","550","814","51","1319","38","","","","",""
"dungeon","요일 던전","text-40","assets/text/e152d9cccf4297ce62.png","","월 · 목 · 일 / 골드 집중 획득","168","603","834","39","1278","39","","","","",""
"dungeon","요일 던전","row-hit-41","","","","48","530","984","148","1242","40","48","530","984","148","prepare"
"dungeon","요일 던전","icon-back-42","assets/placed/75eff27796b699b40d.png","assets/icons/back.png","","972","579","34","34","1307","41","","","","",""
"dungeon","요일 던전","panel-43","assets/placed/c846af0aaaf7a6478b.png","assets/ui/panel-peach.png","","48","700","984","148","1072","42","","","","",""
"dungeon","요일 던전","icon-sword-44","assets/placed/4ed079920ced162053.png","assets/icons/sword.png","","72","732","72","72","1116","43","","","","",""
"dungeon","요일 던전","text-45","assets/text/86eb1381b5368cf8b0.png","","칼날의 공방","168","720","814","51","1149","44","","","","",""
"dungeon","요일 던전","text-46","assets/text/31f776fb77d0591132.png","","화 · 금 · 일 / 무기 재료","168","773","834","39","1108","45","","","","",""
"dungeon","요일 던전","row-hit-47","","","","48","700","984","148","1072","46","48","700","984","148","prepare"
"dungeon","요일 던전","icon-back-48","assets/placed/75eff27796b699b40d.png","assets/icons/back.png","","972","749","34","34","1137","47","","","","",""
"dungeon","요일 던전","panel-49","assets/placed/c8922e860fc6b2a6b3.png","assets/ui/panel-mint.png","","48","870","984","148","902","48","","","","",""
"dungeon","요일 던전","icon-shield-50","assets/placed/fdec97549c9ec1a512.png","assets/icons/shield.png","","72","902","72","72","946","49","","","","",""
"dungeon","요일 던전","text-51","assets/text/2151c10fba35dec913.png","","수호자의 창고","168","890","814","51","979","50","","","","",""
"dungeon","요일 던전","text-52","assets/text/a3cd7803395e93dca9.png","","수 · 토 · 일 / 방어구 재료","168","943","834","39","938","51","","","","",""
"dungeon","요일 던전","row-hit-53","","","","48","870","984","148","902","52","48","870","984","148","prepare"
"dungeon","요일 던전","icon-back-54","assets/placed/75eff27796b699b40d.png","assets/icons/back.png","","972","919","34","34","967","53","","","","",""
"tower","무한의 탑","background-1","assets/placed/348bc5b287f1eee990.png","assets/backgrounds/town.png","","0","0","1080","1920","0","0","","","","",""
"tower","무한의 탑","resource-bar-3","assets/placed/67b2bb1183ebc40ed1.png","assets/ui/panel-cream.png","","30","28","1020","90","1802","1","","","","",""
"tower","무한의 탑","title-bar-4","assets/placed/21cf35d5dcee417b8d.png","assets/ui/panel-cream.png","","30","128","1020","104","1688","2","","","","",""
"tower","무한의 탑","icon-energy-5","assets/placed/9fa198e8f4245dbd0f.png","assets/icons/energy.png","","52","43","54","54","1823","3","","","","",""
"tower","무한의 탑","text-6","assets/text/4f65a133e0ebec885a.png","","40/50","113","50","195","47","1823","4","","","","",""
"tower","무한의 탑","icon-gold-7","assets/placed/0274a23a232ef47921.png","assets/icons/gold.png","","368","43","54","54","1823","5","","","","",""
"tower","무한의 탑","text-8","assets/text/ed149040bb71721e2c.png","","12,500","429","50","195","47","1823","6","","","","",""
"tower","무한의 탑","icon-gem-9","assets/placed/e238412bd856f270d9.png","assets/icons/gem.png","","684","43","54","54","1823","7","","","","",""
"tower","무한의 탑","text-10","assets/text/b710de3b8f0ad3e447.png","","320","745","50","195","47","1823","8","","","","",""
"tower","무한의 탑","button-11","assets/placed/a55e725f8d802af4a0.png","assets/ui/button-cream-normal.png","","38","138","76","76","1706","9","10","110","132","132","modes"
"tower","무한의 탑","icon-back-12","assets/placed/dc05be2a4b9c6fda0c.png","assets/icons/back.png","","48","141","56","56","1723","10","","","","",""
"tower","무한의 탑","text-13","assets/text/f014cf65975eda2349.png","","무한의 탑","138","143","742","65","1712","11","","","","",""
"tower","무한의 탑","button-14","assets/placed/a55e725f8d802af4a0.png","assets/ui/button-cream-normal.png","","958","138","76","76","1706","12","930","110","132","132","settings"
"tower","무한의 탑","icon-gear-15","assets/placed/71b09a6dc991d6f600.png","assets/icons/gear.png","","968","141","56","56","1723","13","","","","",""
"tower","무한의 탑","bottom-nav-16","assets/placed/8a8204f9fa1fc6115b.png","assets/ui/panel-cream.png","","24","1734","1032","160","26","14","","","","",""
"tower","무한의 탑","nav-hit-17","","","","39","1743","190","139","38","15","39","1743","190","139","workshop"
"tower","무한의 탑","icon-forge-18","assets/placed/12ef2fd983b0f617f0.png","assets/icons/forge.png","","105","1753","60","60","107","16","","","","",""
"tower","무한의 탑","text-19","assets/text/0d36b2df9353d9a6a4.png","","대장간","452","1792","180","44","84","17","","","","",""
"tower","무한의 탑","nav-hit-20","","","","243","1743","190","139","38","18","243","1743","190","139","cats"
"tower","무한의 탑","icon-cat-21","assets/placed/75618a37a684a9366c.png","assets/icons/cat.png","","308","1753","60","60","107","19","","","","",""
"tower","무한의 탑","text-22","assets/text/b2c2d20f3863ead9e4.png","","고양이","453","1792","180","44","84","20","","","","",""
"tower","무한의 탑","active-tab-23","assets/placed/f669ab757bc5fc9425.png","assets/ui/panel-mint.png","","447","1744","190","135","41","21","","","","",""
"tower","무한의 탑","nav-hit-24","","","","447","1743","190","139","38","22","447","1743","190","139","modes"
"tower","무한의 탑","icon-sword-25","assets/placed/2f37f0487b559d4738.png","assets/icons/sword.png","","512","1753","60","60","107","23","","","","",""
"tower","무한의 탑","text-26","assets/text/37a71f4045908e9a35.png","","전투","452","1790","180","44","86","24","","","","",""
"tower","무한의 탑","nav-hit-27","","","","651","1743","190","139","38","25","651","1743","190","139","shop"
"tower","무한의 탑","icon-shop-28","assets/placed/48f9aabd0f0ed93c20.png","assets/icons/shop.png","","716","1753","60","60","107","26","","","","",""
"tower","무한의 탑","text-29","assets/text/e93cf34436b725b2bc.png","","상점","453","1792","180","44","84","27","","","","",""
"tower","무한의 탑","nav-hit-30","","","","855","1743","190","139","38","28","855","1743","190","139","ranking"
"tower","무한의 탑","icon-trophy-31","assets/placed/f021e42cfce953f174.png","assets/icons/trophy.png","","920","1753","60","60","107","29","","","","",""
"tower","무한의 탑","text-32","assets/text/ae295d719fe151b0fc.png","","랭킹","453","1792","180","44","84","30","","","","",""
"tower","무한의 탑","panel-33","assets/placed/9458049c56b816572b.png","assets/ui/panel-lavender.png","","48","248","984","250","1422","31","","","","",""
"tower","무한의 탑","text-34","assets/text/0886ff977f4b23280a.png","","한 층 더 높이","82","278","600","65","1577","32","","","","",""
"tower","무한의 탑","text-35","assets/text/cad0e669778e531cf8.png","","끝없이 강해지는 적에게 도전하세요","82","340","650","42","1538","33","","","","",""
"tower","무한의 탑","shadow-cat-wizard-36","assets/placed/29cf6c496bb3e07a5b.png","assets/ui/ground-shadow.png","","686","591","207","31","1298","34","","","","",""
"tower","무한의 탑","cat-wizard-36","assets/placed/f8259eb6bf69703a0c.png","assets/characters/cat-wizard.png","","650","328","280","280","1312","35","","","","",""
"tower","무한의 탑","panel-37","assets/placed/4405b4a78e9acda39f.png","assets/ui/panel-cream.png","","48","530","984","148","1242","36","","","","",""
"tower","무한의 탑","icon-trophy-38","assets/placed/bfdc290d6960908a18.png","assets/icons/trophy.png","","72","562","72","72","1286","37","","","","",""
"tower","무한의 탑","text-39","assets/text/bbda63b2577be2d6ad.png","","현재 최고 기록","168","550","814","51","1319","38","","","","",""
"tower","무한의 탑","text-40","assets/text/afd6d8017452d0c7cc.png","","35층 · 주간 순위 128위","168","603","834","39","1278","39","","","","",""
"tower","무한의 탑","row-hit-41","","","","48","530","984","148","1242","40","48","530","984","148","ranking-tower"
"tower","무한의 탑","icon-back-42","assets/placed/75eff27796b699b40d.png","assets/icons/back.png","","972","579","34","34","1307","41","","","","",""
"tower","무한의 탑","panel-43","assets/placed/4405b4a78e9acda39f.png","assets/ui/panel-cream.png","","48","700","984","148","1072","42","","","","",""
"tower","무한의 탑","icon-flag-44","assets/placed/b7f187fee4593e26b0.png","assets/icons/flag.png","","72","732","72","72","1116","43","","","","",""
"tower","무한의 탑","text-45","assets/text/604c5e954b8f0e0b5a.png","","다음 도전","168","720","814","51","1149","44","","","","",""
"tower","무한의 탑","text-46","assets/text/994090402e46f8f726.png","","36층 · 추천 전투력 3,200","168","773","834","39","1108","45","","","","",""
"tower","무한의 탑","row-hit-47","","","","48","700","984","148","1072","46","48","700","984","148","prepare"
"tower","무한의 탑","icon-back-48","assets/placed/75eff27796b699b40d.png","assets/icons/back.png","","972","749","34","34","1137","47","","","","",""
"tower","무한의 탑","panel-49","assets/placed/4405b4a78e9acda39f.png","assets/ui/panel-cream.png","","48","870","984","148","902","48","","","","",""
"tower","무한의 탑","icon-chest-50","assets/placed/39275b559de057d382.png","assets/icons/chest.png","","72","902","72","72","946","49","","","","",""
"tower","무한의 탑","text-51","assets/text/c6eecf0cb9536046a7.png","","주간 보상","168","890","814","51","979","50","","","","",""
"tower","무한의 탑","text-52","assets/text/0854bed8934a02ece6.png","","재료 상자 · 프로필 테두리","168","943","834","39","938","51","","","","",""
"tower","무한의 탑","row-hit-53","","","","48","870","984","148","902","52","48","870","984","148","season-rewards"
"tower","무한의 탑","icon-back-54","assets/placed/75eff27796b699b40d.png","assets/icons/back.png","","972","919","34","34","967","53","","","","",""
"tower","무한의 탑","button-55","assets/placed/f52f9bb3142ddbb511.png","assets/ui/button-yellow-normal.png","","48","1520","984","116","284","54","48","1512","984","132","battle"
"tower","무한의 탑","text-56","assets/text/9a7c053fc97c0e6e84.png","","36층 도전","65","1545","952","48","327","55","","","","",""
"events","이벤트","background-1","assets/placed/348bc5b287f1eee990.png","assets/backgrounds/town.png","","0","0","1080","1920","0","0","","","","",""
"events","이벤트","resource-bar-3","assets/placed/67b2bb1183ebc40ed1.png","assets/ui/panel-cream.png","","30","28","1020","90","1802","1","","","","",""
"events","이벤트","title-bar-4","assets/placed/21cf35d5dcee417b8d.png","assets/ui/panel-cream.png","","30","128","1020","104","1688","2","","","","",""
"events","이벤트","icon-energy-5","assets/placed/9fa198e8f4245dbd0f.png","assets/icons/energy.png","","52","43","54","54","1823","3","","","","",""
"events","이벤트","text-6","assets/text/4f65a133e0ebec885a.png","","40/50","113","50","195","47","1823","4","","","","",""
"events","이벤트","icon-gold-7","assets/placed/0274a23a232ef47921.png","assets/icons/gold.png","","368","43","54","54","1823","5","","","","",""
"events","이벤트","text-8","assets/text/ed149040bb71721e2c.png","","12,500","429","50","195","47","1823","6","","","","",""
"events","이벤트","icon-gem-9","assets/placed/e238412bd856f270d9.png","assets/icons/gem.png","","684","43","54","54","1823","7","","","","",""
"events","이벤트","text-10","assets/text/b710de3b8f0ad3e447.png","","320","745","50","195","47","1823","8","","","","",""
"events","이벤트","button-11","assets/placed/a55e725f8d802af4a0.png","assets/ui/button-cream-normal.png","","38","138","76","76","1706","9","10","110","132","132","workshop"
"events","이벤트","icon-back-12","assets/placed/dc05be2a4b9c6fda0c.png","assets/icons/back.png","","48","141","56","56","1723","10","","","","",""
"events","이벤트","text-13","assets/text/13da90107a55960cf8.png","","이벤트","138","143","742","65","1712","11","","","","",""
"events","이벤트","button-14","assets/placed/a55e725f8d802af4a0.png","assets/ui/button-cream-normal.png","","958","138","76","76","1706","12","930","110","132","132","settings"
"events","이벤트","icon-gear-15","assets/placed/71b09a6dc991d6f600.png","assets/icons/gear.png","","968","141","56","56","1723","13","","","","",""
"events","이벤트","bottom-nav-16","assets/placed/8a8204f9fa1fc6115b.png","assets/ui/panel-cream.png","","24","1734","1032","160","26","14","","","","",""
"events","이벤트","nav-hit-17","","","","39","1743","190","139","38","15","39","1743","190","139","workshop"
"events","이벤트","icon-forge-18","assets/placed/12ef2fd983b0f617f0.png","assets/icons/forge.png","","105","1753","60","60","107","16","","","","",""
"events","이벤트","text-19","assets/text/0d36b2df9353d9a6a4.png","","대장간","452","1792","180","44","84","17","","","","",""
"events","이벤트","nav-hit-20","","","","243","1743","190","139","38","18","243","1743","190","139","cats"
"events","이벤트","icon-cat-21","assets/placed/75618a37a684a9366c.png","assets/icons/cat.png","","308","1753","60","60","107","19","","","","",""
"events","이벤트","text-22","assets/text/b2c2d20f3863ead9e4.png","","고양이","453","1792","180","44","84","20","","","","",""
"events","이벤트","active-tab-23","assets/placed/f669ab757bc5fc9425.png","assets/ui/panel-mint.png","","447","1744","190","135","41","21","","","","",""
"events","이벤트","nav-hit-24","","","","447","1743","190","139","38","22","447","1743","190","139","modes"
"events","이벤트","icon-sword-25","assets/placed/2f37f0487b559d4738.png","assets/icons/sword.png","","512","1753","60","60","107","23","","","","",""
"events","이벤트","text-26","assets/text/37a71f4045908e9a35.png","","전투","452","1790","180","44","86","24","","","","",""
"events","이벤트","nav-hit-27","","","","651","1743","190","139","38","25","651","1743","190","139","shop"
"events","이벤트","icon-shop-28","assets/placed/48f9aabd0f0ed93c20.png","assets/icons/shop.png","","716","1753","60","60","107","26","","","","",""
"events","이벤트","text-29","assets/text/e93cf34436b725b2bc.png","","상점","453","1792","180","44","84","27","","","","",""
"events","이벤트","nav-hit-30","","","","855","1743","190","139","38","28","855","1743","190","139","ranking"
"events","이벤트","icon-trophy-31","assets/placed/f021e42cfce953f174.png","assets/icons/trophy.png","","920","1753","60","60","107","29","","","","",""
"events","이벤트","text-32","assets/text/ae295d719fe151b0fc.png","","랭킹","453","1792","180","44","84","30","","","","",""
"events","이벤트","panel-33","assets/placed/c846af0aaaf7a6478b.png","assets/ui/panel-peach.png","","48","260","984","148","1512","31","","","","",""
"events","이벤트","icon-flag-34","assets/placed/b7f187fee4593e26b0.png","assets/icons/flag.png","","72","292","72","72","1556","32","","","","",""
"events","이벤트","text-35","assets/text/9a795f3610abb44416.png","","가을 공방 축제","168","280","814","51","1589","33","","","","",""
"events","이벤트","text-36","assets/text/387d66758c93b6dfd2.png","","한정 스킨 조각을 모아보세요","168","333","834","39","1548","34","","","","",""
"events","이벤트","row-hit-37","","","","48","260","984","148","1512","35","48","260","984","148","event-detail"
"events","이벤트","icon-back-38","assets/placed/75eff27796b699b40d.png","assets/icons/back.png","","972","309","34","34","1577","36","","","","",""
"events","이벤트","panel-39","assets/placed/c8922e860fc6b2a6b3.png","assets/ui/panel-mint.png","","48","430","984","148","1342","37","","","","",""
"events","이벤트","icon-scroll-40","assets/placed/56090674ff40ae1ed2.png","assets/icons/scroll.png","","72","462","72","72","1386","38","","","","",""
"events","이벤트","text-41","assets/text/50442784aacf1ab7e4.png","","일일 미션","168","450","814","51","1419","39","","","","",""
"events","이벤트","text-42","assets/text/0f1c3cdd7c706b4a1e.png","","오늘의 보상 2 / 5 달성","168","503","834","39","1378","40","","","","",""
"events","이벤트","row-hit-43","","","","48","430","984","148","1342","41","48","430","984","148","missions"
"events","이벤트","icon-back-44","assets/placed/75eff27796b699b40d.png","assets/icons/back.png","","972","479","34","34","1407","42","","","","",""
"events","이벤트","panel-45","assets/placed/c846af0aaaf7a6478b.png","assets/ui/panel-peach.png","","48","600","984","148","1172","43","","","","",""
"events","이벤트","icon-chest-46","assets/placed/39275b559de057d382.png","assets/icons/chest.png","","72","632","72","72","1216","44","","","","",""
"events","이벤트","text-47","assets/text/90b1be618476b4a2ef.png","","출석 선물","168","620","814","51","1249","45","","","","",""
"events","이벤트","text-48","assets/text/7391249b12569c947f.png","","7일 동안 매일 선물을 드려요","168","673","834","39","1208","46","","","","",""
"events","이벤트","row-hit-49","","","","48","600","984","148","1172","47","48","600","984","148","attendance"
"events","이벤트","icon-back-50","assets/placed/75eff27796b699b40d.png","assets/icons/back.png","","972","649","34","34","1237","48","","","","",""
"event-detail","가을 공방 축제","background-1","assets/placed/348bc5b287f1eee990.png","assets/backgrounds/town.png","","0","0","1080","1920","0","0","","","","",""
"event-detail","가을 공방 축제","resource-bar-3","assets/placed/67b2bb1183ebc40ed1.png","assets/ui/panel-cream.png","","30","28","1020","90","1802","1","","","","",""
"event-detail","가을 공방 축제","title-bar-4","assets/placed/21cf35d5dcee417b8d.png","assets/ui/panel-cream.png","","30","128","1020","104","1688","2","","","","",""
"event-detail","가을 공방 축제","icon-energy-5","assets/placed/9fa198e8f4245dbd0f.png","assets/icons/energy.png","","52","43","54","54","1823","3","","","","",""
"event-detail","가을 공방 축제","text-6","assets/text/4f65a133e0ebec885a.png","","40/50","113","50","195","47","1823","4","","","","",""
"event-detail","가을 공방 축제","icon-gold-7","assets/placed/0274a23a232ef47921.png","assets/icons/gold.png","","368","43","54","54","1823","5","","","","",""
"event-detail","가을 공방 축제","text-8","assets/text/ed149040bb71721e2c.png","","12,500","429","50","195","47","1823","6","","","","",""
"event-detail","가을 공방 축제","icon-gem-9","assets/placed/e238412bd856f270d9.png","assets/icons/gem.png","","684","43","54","54","1823","7","","","","",""
"event-detail","가을 공방 축제","text-10","assets/text/b710de3b8f0ad3e447.png","","320","745","50","195","47","1823","8","","","","",""
"event-detail","가을 공방 축제","button-11","assets/placed/a55e725f8d802af4a0.png","assets/ui/button-cream-normal.png","","38","138","76","76","1706","9","10","110","132","132","events"
"event-detail","가을 공방 축제","icon-back-12","assets/placed/dc05be2a4b9c6fda0c.png","assets/icons/back.png","","48","141","56","56","1723","10","","","","",""
"event-detail","가을 공방 축제","text-13","assets/text/e53255bfe1eee3c1ba.png","","가을 공방 축제","138","143","742","65","1712","11","","","","",""
"event-detail","가을 공방 축제","button-14","assets/placed/a55e725f8d802af4a0.png","assets/ui/button-cream-normal.png","","958","138","76","76","1706","12","930","110","132","132","settings"
"event-detail","가을 공방 축제","icon-gear-15","assets/placed/71b09a6dc991d6f600.png","assets/icons/gear.png","","968","141","56","56","1723","13","","","","",""
"event-detail","가을 공방 축제","bottom-nav-16","assets/placed/8a8204f9fa1fc6115b.png","assets/ui/panel-cream.png","","24","1734","1032","160","26","14","","","","",""
"event-detail","가을 공방 축제","nav-hit-17","","","","39","1743","190","139","38","15","39","1743","190","139","workshop"
"event-detail","가을 공방 축제","icon-forge-18","assets/placed/12ef2fd983b0f617f0.png","assets/icons/forge.png","","105","1753","60","60","107","16","","","","",""
"event-detail","가을 공방 축제","text-19","assets/text/0d36b2df9353d9a6a4.png","","대장간","452","1792","180","44","84","17","","","","",""
"event-detail","가을 공방 축제","nav-hit-20","","","","243","1743","190","139","38","18","243","1743","190","139","cats"
"event-detail","가을 공방 축제","icon-cat-21","assets/placed/75618a37a684a9366c.png","assets/icons/cat.png","","308","1753","60","60","107","19","","","","",""
"event-detail","가을 공방 축제","text-22","assets/text/b2c2d20f3863ead9e4.png","","고양이","453","1792","180","44","84","20","","","","",""
"event-detail","가을 공방 축제","active-tab-23","assets/placed/f669ab757bc5fc9425.png","assets/ui/panel-mint.png","","447","1744","190","135","41","21","","","","",""
"event-detail","가을 공방 축제","nav-hit-24","","","","447","1743","190","139","38","22","447","1743","190","139","modes"
"event-detail","가을 공방 축제","icon-sword-25","assets/placed/2f37f0487b559d4738.png","assets/icons/sword.png","","512","1753","60","60","107","23","","","","",""
"event-detail","가을 공방 축제","text-26","assets/text/37a71f4045908e9a35.png","","전투","452","1790","180","44","86","24","","","","",""
"event-detail","가을 공방 축제","nav-hit-27","","","","651","1743","190","139","38","25","651","1743","190","139","shop"
"event-detail","가을 공방 축제","icon-shop-28","assets/placed/48f9aabd0f0ed93c20.png","assets/icons/shop.png","","716","1753","60","60","107","26","","","","",""
"event-detail","가을 공방 축제","text-29","assets/text/e93cf34436b725b2bc.png","","상점","453","1792","180","44","84","27","","","","",""
"event-detail","가을 공방 축제","nav-hit-30","","","","855","1743","190","139","38","28","855","1743","190","139","ranking"
"event-detail","가을 공방 축제","icon-trophy-31","assets/placed/f021e42cfce953f174.png","assets/icons/trophy.png","","920","1753","60","60","107","29","","","","",""
"event-detail","가을 공방 축제","text-32","assets/text/ae295d719fe151b0fc.png","","랭킹","453","1792","180","44","84","30","","","","",""
"event-detail","가을 공방 축제","panel-33","assets/placed/5628fdfe4dc1f8fb52.png","assets/ui/panel-peach.png","","48","248","984","250","1422","31","","","","",""
"event-detail","가을 공방 축제","text-34","assets/text/6301fd79b4a1cd1908.png","","도토리 한가득","82","278","600","65","1577","32","","","","",""
"event-detail","가을 공방 축제","text-35","assets/text/b83d056c62fd5bc3ae.png","","한정 이벤트 · 종료까지 6일","82","340","650","42","1538","33","","","","",""
"event-detail","가을 공방 축제","shadow-cat-archer-36","assets/placed/29cf6c496bb3e07a5b.png","assets/ui/ground-shadow.png","","686","591","207","31","1298","34","","","","",""
"event-detail","가을 공방 축제","cat-archer-36","assets/placed/1bdbb853bd03e74c95.png","assets/characters/cat-archer.png","","650","328","280","280","1312","35","","","","",""
"event-detail","가을 공방 축제","panel-37","assets/placed/4405b4a78e9acda39f.png","assets/ui/panel-cream.png","","48","530","984","148","1242","36","","","","",""
"event-detail","가을 공방 축제","icon-flag-38","assets/placed/b7f187fee4593e26b0.png","assets/icons/flag.png","","72","562","72","72","1286","37","","","","",""
"event-detail","가을 공방 축제","text-39","assets/text/3f60fa330636cde6fd.png","","축제 스테이지","168","550","814","51","1319","38","","","","",""
"event-detail","가을 공방 축제","text-40","assets/text/3145d360c01c94ac31.png","","도토리 쥐의 행진 · 한정 재료","168","603","834","39","1278","39","","","","",""
"event-detail","가을 공방 축제","row-hit-41","","","","48","530","984","148","1242","40","48","530","984","148","prepare"
"event-detail","가을 공방 축제","icon-back-42","assets/placed/75eff27796b699b40d.png","assets/icons/back.png","","972","579","34","34","1307","41","","","","",""
"event-detail","가을 공방 축제","panel-43","assets/placed/4405b4a78e9acda39f.png","assets/ui/panel-cream.png","","48","700","984","148","1072","42","","","","",""
"event-detail","가을 공방 축제","icon-scroll-44","assets/placed/56090674ff40ae1ed2.png","assets/icons/scroll.png","","72","732","72","72","1116","43","","","","",""
"event-detail","가을 공방 축제","text-45","assets/text/e5ba383223c12084bb.png","","이벤트 미션","168","720","814","51","1149","44","","","","",""
"event-detail","가을 공방 축제","text-46","assets/text/486c82d50783699250.png","","전투 3회 · 합성 50회","168","773","834","39","1108","45","","","","",""
"event-detail","가을 공방 축제","row-hit-47","","","","48","700","984","148","1072","46","48","700","984","148","missions"
"event-detail","가을 공방 축제","icon-back-48","assets/placed/75eff27796b699b40d.png","assets/icons/back.png","","972","749","34","34","1137","47","","","","",""
"event-detail","가을 공방 축제","panel-49","assets/placed/4405b4a78e9acda39f.png","assets/ui/panel-cream.png","","48","870","984","148","902","48","","","","",""
"event-detail","가을 공방 축제","icon-shop-50","assets/placed/925d6177cdf566a13f.png","assets/icons/shop.png","","72","902","72","72","946","49","","","","",""
"event-detail","가을 공방 축제","text-51","assets/text/2f0737c6ef1005d69a.png","","교환 상점","168","890","814","51","979","50","","","","",""
"event-detail","가을 공방 축제","text-52","assets/text/30deb23af9a5696bbd.png","","한정 가을 스킨 조각","168","943","834","39","938","51","","","","",""
"event-detail","가을 공방 축제","row-hit-53","","","","48","870","984","148","902","52","48","870","984","148","mode-shop"
"event-detail","가을 공방 축제","icon-back-54","assets/placed/75eff27796b699b40d.png","assets/icons/back.png","","972","919","34","34","967","53","","","","",""
"event-detail","가을 공방 축제","button-55","assets/placed/f52f9bb3142ddbb511.png","assets/ui/button-yellow-normal.png","","48","1520","984","116","284","54","48","1512","984","132","prepare"
"event-detail","가을 공방 축제","text-56","assets/text/e870692d9a1a6bb2c6.png","","이벤트 도전","64","1545","952","48","327","55","","","","",""
"coop","멀티 디펜스","background-1","assets/placed/348bc5b287f1eee990.png","assets/backgrounds/town.png","","0","0","1080","1920","0","0","","","","",""
"coop","멀티 디펜스","resource-bar-3","assets/placed/67b2bb1183ebc40ed1.png","assets/ui/panel-cream.png","","30","28","1020","90","1802","1","","","","",""
"coop","멀티 디펜스","title-bar-4","assets/placed/21cf35d5dcee417b8d.png","assets/ui/panel-cream.png","","30","128","1020","104","1688","2","","","","",""
"coop","멀티 디펜스","icon-energy-5","assets/placed/9fa198e8f4245dbd0f.png","assets/icons/energy.png","","52","43","54","54","1823","3","","","","",""
"coop","멀티 디펜스","text-6","assets/text/4f65a133e0ebec885a.png","","40/50","113","50","195","47","1823","4","","","","",""
"coop","멀티 디펜스","icon-gold-7","assets/placed/0274a23a232ef47921.png","assets/icons/gold.png","","368","43","54","54","1823","5","","","","",""
"coop","멀티 디펜스","text-8","assets/text/ed149040bb71721e2c.png","","12,500","429","50","195","47","1823","6","","","","",""
"coop","멀티 디펜스","icon-gem-9","assets/placed/e238412bd856f270d9.png","assets/icons/gem.png","","684","43","54","54","1823","7","","","","",""
"coop","멀티 디펜스","text-10","assets/text/b710de3b8f0ad3e447.png","","320","745","50","195","47","1823","8","","","","",""
"coop","멀티 디펜스","button-11","assets/placed/a55e725f8d802af4a0.png","assets/ui/button-cream-normal.png","","38","138","76","76","1706","9","10","110","132","132","modes"
"coop","멀티 디펜스","icon-back-12","assets/placed/dc05be2a4b9c6fda0c.png","assets/icons/back.png","","48","141","56","56","1723","10","","","","",""
"coop","멀티 디펜스","text-13","assets/text/44a0f358c9ab61cf82.png","","멀티 디펜스","138","143","742","65","1712","11","","","","",""
"coop","멀티 디펜스","button-14","assets/placed/a55e725f8d802af4a0.png","assets/ui/button-cream-normal.png","","958","138","76","76","1706","12","930","110","132","132","settings"
"coop","멀티 디펜스","icon-gear-15","assets/placed/71b09a6dc991d6f600.png","assets/icons/gear.png","","968","141","56","56","1723","13","","","","",""
"coop","멀티 디펜스","bottom-nav-16","assets/placed/8a8204f9fa1fc6115b.png","assets/ui/panel-cream.png","","24","1734","1032","160","26","14","","","","",""
"coop","멀티 디펜스","nav-hit-17","","","","39","1743","190","139","38","15","39","1743","190","139","workshop"
"coop","멀티 디펜스","icon-forge-18","assets/placed/12ef2fd983b0f617f0.png","assets/icons/forge.png","","105","1753","60","60","107","16","","","","",""
"coop","멀티 디펜스","text-19","assets/text/0d36b2df9353d9a6a4.png","","대장간","452","1792","180","44","84","17","","","","",""
"coop","멀티 디펜스","nav-hit-20","","","","243","1743","190","139","38","18","243","1743","190","139","cats"
"coop","멀티 디펜스","icon-cat-21","assets/placed/75618a37a684a9366c.png","assets/icons/cat.png","","308","1753","60","60","107","19","","","","",""
"coop","멀티 디펜스","text-22","assets/text/b2c2d20f3863ead9e4.png","","고양이","453","1792","180","44","84","20","","","","",""
"coop","멀티 디펜스","active-tab-23","assets/placed/f669ab757bc5fc9425.png","assets/ui/panel-mint.png","","447","1744","190","135","41","21","","","","",""
"coop","멀티 디펜스","nav-hit-24","","","","447","1743","190","139","38","22","447","1743","190","139","modes"
"coop","멀티 디펜스","icon-sword-25","assets/placed/2f37f0487b559d4738.png","assets/icons/sword.png","","512","1753","60","60","107","23","","","","",""
"coop","멀티 디펜스","text-26","assets/text/37a71f4045908e9a35.png","","전투","452","1790","180","44","86","24","","","","",""
"coop","멀티 디펜스","nav-hit-27","","","","651","1743","190","139","38","25","651","1743","190","139","shop"
"coop","멀티 디펜스","icon-shop-28","assets/placed/48f9aabd0f0ed93c20.png","assets/icons/shop.png","","716","1753","60","60","107","26","","","","",""
"coop","멀티 디펜스","text-29","assets/text/e93cf34436b725b2bc.png","","상점","453","1792","180","44","84","27","","","","",""
"coop","멀티 디펜스","nav-hit-30","","","","855","1743","190","139","38","28","855","1743","190","139","ranking"
"coop","멀티 디펜스","icon-trophy-31","assets/placed/f021e42cfce953f174.png","assets/icons/trophy.png","","920","1753","60","60","107","29","","","","",""
"coop","멀티 디펜스","text-32","assets/text/ae295d719fe151b0fc.png","","랭킹","453","1792","180","44","84","30","","","","",""
"coop","멀티 디펜스","panel-33","assets/placed/106c7cd0f9832488af.png","assets/ui/panel-lavender.png","","48","250","984","430","1240","31","","","","",""
"coop","멀티 디펜스","text-34","assets/text/d1c99c4bc956ce8d15.png","","함께라서 더 든든해요","82","280","600","65","1575","32","","","","",""
"coop","멀티 디펜스","text-35","assets/text/245f8e799b4b114b57.png","","2~5인 · 1인당 고양이 2마리","82","342","650","42","1536","33","","","","",""
"coop","멀티 디펜스","shadow-cat-tank-36","assets/placed/29cf6c496bb3e07a5b.png","assets/ui/ground-shadow.png","","686","653","207","31","1236","34","","","","",""
"coop","멀티 디펜스","cat-tank-36","assets/placed/2b03c264c92fa96253.png","assets/characters/cat-tank.png","","650","390","280","280","1250","35","","","","",""
"coop","멀티 디펜스","panel-37","assets/placed/4405b4a78e9acda39f.png","assets/ui/panel-cream.png","","48","720","984","148","1052","36","","","","",""
"coop","멀티 디펜스","icon-chest-38","assets/placed/39275b559de057d382.png","assets/icons/chest.png","","72","752","72","72","1096","37","","","","",""
"coop","멀티 디펜스","text-39","assets/text/77a6ccd27b9f9b85f6.png","","오늘의 협동 보상","168","740","814","51","1129","38","","","","",""
"coop","멀티 디펜스","text-40","assets/text/a4f6bd5449473b4c70.png","","보상 가능 횟수 5 / 5","168","793","834","39","1088","39","","","","",""
"coop","멀티 디펜스","panel-41","assets/placed/4405b4a78e9acda39f.png","assets/ui/panel-cream.png","","48","900","984","148","872","40","","","","",""
"coop","멀티 디펜스","icon-shop-42","assets/placed/925d6177cdf566a13f.png","assets/icons/shop.png","","72","932","72","72","916","41","","","","",""
"coop","멀티 디펜스","text-43","assets/text/8a794e9e4f13961526.png","","협동 상점","168","920","814","51","949","42","","","","",""
"coop","멀티 디펜스","text-44","assets/text/cb580a1d6ea9eb20f4.png","","협동 코인으로 스킨 조각과 재료 교환","168","973","834","39","908","43","","","","",""
"coop","멀티 디펜스","row-hit-45","","","","48","900","984","148","872","44","48","900","984","148","mode-shop"
"coop","멀티 디펜스","icon-back-46","assets/placed/75eff27796b699b40d.png","assets/icons/back.png","","972","949","34","34","937","45","","","","",""
"coop","멀티 디펜스","button-47","assets/placed/7a348063f5d082e2b4.png","assets/ui/button-yellow-normal.png","","48","1130","984","120","670","46","48","1124","984","132","coop-room"
"coop","멀티 디펜스","icon-play-48","assets/placed/19d0ba30efa08e8774.png","assets/icons/play.png","","441","1153","56","56","711","47","","","","",""
"coop","멀티 디펜스","text-49","assets/text/bf3af775af393210bf.png","","빠른 참가","130","1157","886","48","715","48","","","","",""
"coop","멀티 디펜스","button-50","assets/placed/5bcfaa8fd726a56d9b.png","assets/ui/button-mint-normal.png","","48","1282","476","110","528","49","48","1271","476","132","create-room"
"coop","멀티 디펜스","icon-plus-51","assets/placed/bcb73e1c6252fd1f87.png","assets/icons/plus.png","","189","1298","56","56","566","50","","","","",""
"coop","멀티 디펜스","text-52","assets/text/cdbc8b4786420963e2.png","","방 만들기","133","1302","378","48","570","51","","","","",""
"coop","멀티 디펜스","button-53","assets/placed/60de8bfbe04fd903cf.png","assets/ui/button-cream-normal.png","","548","1282","484","110","528","52","548","1271","484","132","join-room"
"coop","멀티 디펜스","text-54","assets/text/254e2cfba2e58c99da.png","","초대 코드 입력","565","1304","452","48","568","53","","","","",""
"coop","멀티 디펜스","subtitle-back-text-55","assets/placed/1edda7f37b7f1c5eec.png","assets/ui/panel-cream.png","","48","1490","984","57","373","54","","","","",""
"coop","멀티 디펜스","text-55","assets/text/74ecf117d33bf60f5a.png","","인원이 많을수록 보상 배율이 올라가요","62","1496","956","44","380","55","","","","",""
"coop","멀티 디펜스","subtitle-back-text-56","assets/placed/e0f9c49af49b4fb1d9.png","assets/ui/panel-cream.png","","56","1550","968","66","304","56","","","","",""
"coop","멀티 디펜스","text-56","assets/text/213f335e1b659ed266.png","","2인 1.0배 → 5인 1.4배","71","1557","940","53","310","57","","","","",""
"coop-room","협동 대기실","background-1","assets/placed/348bc5b287f1eee990.png","assets/backgrounds/town.png","","0","0","1080","1920","0","0","","","","",""
"coop-room","협동 대기실","resource-bar-3","assets/placed/67b2bb1183ebc40ed1.png","assets/ui/panel-cream.png","","30","28","1020","90","1802","1","","","","",""
"coop-room","협동 대기실","title-bar-4","assets/placed/21cf35d5dcee417b8d.png","assets/ui/panel-cream.png","","30","128","1020","104","1688","2","","","","",""
"coop-room","협동 대기실","icon-energy-5","assets/placed/9fa198e8f4245dbd0f.png","assets/icons/energy.png","","52","43","54","54","1823","3","","","","",""
"coop-room","협동 대기실","text-6","assets/text/4f65a133e0ebec885a.png","","40/50","113","50","195","47","1823","4","","","","",""
"coop-room","협동 대기실","icon-gold-7","assets/placed/0274a23a232ef47921.png","assets/icons/gold.png","","368","43","54","54","1823","5","","","","",""
"coop-room","협동 대기실","text-8","assets/text/ed149040bb71721e2c.png","","12,500","429","50","195","47","1823","6","","","","",""
"coop-room","협동 대기실","icon-gem-9","assets/placed/e238412bd856f270d9.png","assets/icons/gem.png","","684","43","54","54","1823","7","","","","",""
"coop-room","협동 대기실","text-10","assets/text/b710de3b8f0ad3e447.png","","320","745","50","195","47","1823","8","","","","",""
"coop-room","협동 대기실","button-11","assets/placed/a55e725f8d802af4a0.png","assets/ui/button-cream-normal.png","","38","138","76","76","1706","9","10","110","132","132","coop"
"coop-room","협동 대기실","icon-back-12","assets/placed/dc05be2a4b9c6fda0c.png","assets/icons/back.png","","48","141","56","56","1723","10","","","","",""
"coop-room","협동 대기실","text-13","assets/text/92502645626e75106c.png","","협동 대기실","138","143","742","65","1712","11","","","","",""
"coop-room","협동 대기실","button-14","assets/placed/a55e725f8d802af4a0.png","assets/ui/button-cream-normal.png","","958","138","76","76","1706","12","930","110","132","132","settings"
"coop-room","협동 대기실","icon-gear-15","assets/placed/71b09a6dc991d6f600.png","assets/icons/gear.png","","968","141","56","56","1723","13","","","","",""
"coop-room","협동 대기실","bottom-nav-16","assets/placed/8a8204f9fa1fc6115b.png","assets/ui/panel-cream.png","","24","1734","1032","160","26","14","","","","",""
"coop-room","협동 대기실","nav-hit-17","","","","39","1743","190","139","38","15","39","1743","190","139","workshop"
"coop-room","협동 대기실","icon-forge-18","assets/placed/12ef2fd983b0f617f0.png","assets/icons/forge.png","","105","1753","60","60","107","16","","","","",""
"coop-room","협동 대기실","text-19","assets/text/0d36b2df9353d9a6a4.png","","대장간","452","1792","180","44","84","17","","","","",""
"coop-room","협동 대기실","nav-hit-20","","","","243","1743","190","139","38","18","243","1743","190","139","cats"
"coop-room","협동 대기실","icon-cat-21","assets/placed/75618a37a684a9366c.png","assets/icons/cat.png","","308","1753","60","60","107","19","","","","",""
"coop-room","협동 대기실","text-22","assets/text/b2c2d20f3863ead9e4.png","","고양이","453","1792","180","44","84","20","","","","",""
"coop-room","협동 대기실","active-tab-23","assets/placed/f669ab757bc5fc9425.png","assets/ui/panel-mint.png","","447","1744","190","135","41","21","","","","",""
"coop-room","협동 대기실","nav-hit-24","","","","447","1743","190","139","38","22","447","1743","190","139","modes"
"coop-room","협동 대기실","icon-sword-25","assets/placed/2f37f0487b559d4738.png","assets/icons/sword.png","","512","1753","60","60","107","23","","","","",""
"coop-room","협동 대기실","text-26","assets/text/37a71f4045908e9a35.png","","전투","452","1790","180","44","86","24","","","","",""
"coop-room","협동 대기실","nav-hit-27","","","","651","1743","190","139","38","25","651","1743","190","139","shop"
"coop-room","협동 대기실","icon-shop-28","assets/placed/48f9aabd0f0ed93c20.png","assets/icons/shop.png","","716","1753","60","60","107","26","","","","",""
"coop-room","협동 대기실","text-29","assets/text/e93cf34436b725b2bc.png","","상점","453","1792","180","44","84","27","","","","",""
"coop-room","협동 대기실","nav-hit-30","","","","855","1743","190","139","38","28","855","1743","190","139","ranking"
"coop-room","협동 대기실","icon-trophy-31","assets/placed/f021e42cfce953f174.png","assets/icons/trophy.png","","920","1753","60","60","107","29","","","","",""
"coop-room","협동 대기실","text-32","assets/text/ae295d719fe151b0fc.png","","랭킹","453","1792","180","44","84","30","","","","",""
"coop-room","협동 대기실","panel-33","assets/placed/05113379d420e8178c.png","assets/ui/panel-lavender.png","","48","250","984","170","1500","31","","","","",""
"coop-room","협동 대기실","text-34","assets/text/51438d2b10c06b9854.png","","포근한 공방 · 일반","80","278","880","56","1586","32","","","","",""
"coop-room","협동 대기실","text-35","assets/text/4938e36d543a6accfa.png","","초대 코드 CAT247 · 3 / 5명 · 00:45","80","339","880","44","1537","33","","","","",""
"coop-room","협동 대기실","panel-36","assets/placed/9661f88343be9e421e.png","assets/ui/panel-cream.png","","48","458","984","190","1272","34","","","","",""
"coop-room","협동 대기실","text-37","assets/text/a86763ab80ac0c94d9.png","","머지집사 · 방장","78","481","560","50","1389","35","","","","",""
"coop-room","협동 대기실","cat-warrior-38","assets/placed/8bb8d51f54850b1a4a.png","assets/characters/cat-warrior.png","","668","465","154","154","1301","36","","","","",""
"coop-room","협동 대기실","cat-tank-39","assets/placed/2b787da3be730b30b6.png","assets/characters/cat-tank.png","","840","465","154","154","1301","37","","","","",""
"coop-room","협동 대기실","text-40","assets/text/0f0ea7c89a453c66ba.png","","전투력 1850","80","557","450","41","1322","38","","","","",""
"coop-room","협동 대기실","panel-41","assets/placed/9661f88343be9e421e.png","assets/ui/panel-cream.png","","48","668","984","190","1062","39","","","","",""
"coop-room","협동 대기실","text-42","assets/text/b852afee7a69fb4a38.png","","달빛냥","78","691","560","50","1179","40","","","","",""
"coop-room","협동 대기실","cat-tank-43","assets/placed/2b787da3be730b30b6.png","assets/characters/cat-tank.png","","668","675","154","154","1091","41","","","","",""
"coop-room","협동 대기실","cat-archer-44","assets/placed/30c4a1996a850ad096.png","assets/characters/cat-archer.png","","840","675","154","154","1091","42","","","","",""
"coop-room","협동 대기실","text-45","assets/text/ed9303ea5145440447.png","","전투력 1730","80","767","450","41","1112","43","","","","",""
"coop-room","협동 대기실","panel-46","assets/placed/9661f88343be9e421e.png","assets/ui/panel-cream.png","","48","878","984","190","852","44","","","","",""
"coop-room","협동 대기실","text-47","assets/text/77588f13f17f018880.png","","고등어냥","78","901","560","50","969","45","","","","",""
"coop-room","협동 대기실","cat-archer-48","assets/placed/30c4a1996a850ad096.png","assets/characters/cat-archer.png","","668","885","154","154","881","46","","","","",""
"coop-room","협동 대기실","cat-healer-49","assets/placed/dc0727cfbc3138967c.png","assets/characters/cat-healer.png","","840","885","154","154","881","47","","","","",""
"coop-room","협동 대기실","text-50","assets/text/85d1fd51bc6194e2f2.png","","전투력 1610","80","977","450","41","902","48","","","","",""
"coop-room","협동 대기실","panel-51","assets/placed/1fd3e767f89a17e540.png","assets/ui/panel-lavender.png","","48","1088","984","190","642","49","","","","",""
"coop-room","협동 대기실","text-52","assets/text/e6b8d1a421d0f6042e.png","","참가자를 기다려요","78","1111","560","50","759","50","","","","",""
"coop-room","협동 대기실","button-53","assets/placed/a3a8a2e5c00159a06c.png","assets/ui/button-mint-normal.png","","680","1137","308","90","693","51","680","1116","308","132","friends"
"coop-room","협동 대기실","text-54","assets/text/d6adee784d80efb1a4.png","","친구 초대","697","1149","276","48","723","52","","","","",""
"coop-room","협동 대기실","panel-55","assets/placed/1fd3e767f89a17e540.png","assets/ui/panel-lavender.png","","48","1298","984","190","432","53","","","","",""
"coop-room","협동 대기실","text-56","assets/text/e6b8d1a421d0f6042e.png","","참가자를 기다려요","78","1321","560","50","549","54","","","","",""
"coop-room","협동 대기실","button-57","assets/placed/a3a8a2e5c00159a06c.png","assets/ui/button-mint-normal.png","","680","1347","308","90","483","55","680","1326","308","132","friends"
"coop-room","협동 대기실","text-58","assets/text/d6adee784d80efb1a4.png","","친구 초대","697","1359","276","48","513","56","","","","",""
"coop-room","협동 대기실","button-59","assets/placed/92355701f3992aaf32.png","assets/ui/button-yellow-normal.png","","48","1570","984","112","238","57","48","1560","984","132","battle-coop"
"coop-room","협동 대기실","text-60","assets/text/fc6e4a70ea4a622657.png","","준비 완료 · 시작","64","1593","952","48","279","58","","","","",""
"create-room","방 만들기","background-1","assets/placed/348bc5b287f1eee990.png","assets/backgrounds/town.png","","0","0","1080","1920","0","0","","","","",""
"create-room","방 만들기","resource-bar-3","assets/placed/67b2bb1183ebc40ed1.png","assets/ui/panel-cream.png","","30","28","1020","90","1802","1","","","","",""
"create-room","방 만들기","title-bar-4","assets/placed/21cf35d5dcee417b8d.png","assets/ui/panel-cream.png","","30","128","1020","104","1688","2","","","","",""
"create-room","방 만들기","icon-energy-5","assets/placed/9fa198e8f4245dbd0f.png","assets/icons/energy.png","","52","43","54","54","1823","3","","","","",""
"create-room","방 만들기","text-6","assets/text/4f65a133e0ebec885a.png","","40/50","113","50","195","47","1823","4","","","","",""
"create-room","방 만들기","icon-gold-7","assets/placed/0274a23a232ef47921.png","assets/icons/gold.png","","368","43","54","54","1823","5","","","","",""
"create-room","방 만들기","text-8","assets/text/ed149040bb71721e2c.png","","12,500","429","50","195","47","1823","6","","","","",""
"create-room","방 만들기","icon-gem-9","assets/placed/e238412bd856f270d9.png","assets/icons/gem.png","","684","43","54","54","1823","7","","","","",""
"create-room","방 만들기","text-10","assets/text/b710de3b8f0ad3e447.png","","320","745","50","195","47","1823","8","","","","",""
"create-room","방 만들기","button-11","assets/placed/a55e725f8d802af4a0.png","assets/ui/button-cream-normal.png","","38","138","76","76","1706","9","10","110","132","132","coop"
"create-room","방 만들기","icon-back-12","assets/placed/dc05be2a4b9c6fda0c.png","assets/icons/back.png","","48","141","56","56","1723","10","","","","",""
"create-room","방 만들기","text-13","assets/text/54c7f6ab014e1605c7.png","","방 만들기","138","143","742","65","1712","11","","","","",""
"create-room","방 만들기","button-14","assets/placed/a55e725f8d802af4a0.png","assets/ui/button-cream-normal.png","","958","138","76","76","1706","12","930","110","132","132","settings"
"create-room","방 만들기","icon-gear-15","assets/placed/71b09a6dc991d6f600.png","assets/icons/gear.png","","968","141","56","56","1723","13","","","","",""
"create-room","방 만들기","bottom-nav-16","assets/placed/8a8204f9fa1fc6115b.png","assets/ui/panel-cream.png","","24","1734","1032","160","26","14","","","","",""
"create-room","방 만들기","nav-hit-17","","","","39","1743","190","139","38","15","39","1743","190","139","workshop"
"create-room","방 만들기","icon-forge-18","assets/placed/12ef2fd983b0f617f0.png","assets/icons/forge.png","","105","1753","60","60","107","16","","","","",""
"create-room","방 만들기","text-19","assets/text/0d36b2df9353d9a6a4.png","","대장간","452","1792","180","44","84","17","","","","",""
"create-room","방 만들기","nav-hit-20","","","","243","1743","190","139","38","18","243","1743","190","139","cats"
"create-room","방 만들기","icon-cat-21","assets/placed/75618a37a684a9366c.png","assets/icons/cat.png","","308","1753","60","60","107","19","","","","",""
"create-room","방 만들기","text-22","assets/text/b2c2d20f3863ead9e4.png","","고양이","453","1792","180","44","84","20","","","","",""
"create-room","방 만들기","active-tab-23","assets/placed/f669ab757bc5fc9425.png","assets/ui/panel-mint.png","","447","1744","190","135","41","21","","","","",""
"create-room","방 만들기","nav-hit-24","","","","447","1743","190","139","38","22","447","1743","190","139","modes"
"create-room","방 만들기","icon-sword-25","assets/placed/2f37f0487b559d4738.png","assets/icons/sword.png","","512","1753","60","60","107","23","","","","",""
"create-room","방 만들기","text-26","assets/text/37a71f4045908e9a35.png","","전투","452","1790","180","44","86","24","","","","",""
"create-room","방 만들기","nav-hit-27","","","","651","1743","190","139","38","25","651","1743","190","139","shop"
"create-room","방 만들기","icon-shop-28","assets/placed/48f9aabd0f0ed93c20.png","assets/icons/shop.png","","716","1753","60","60","107","26","","","","",""
"create-room","방 만들기","text-29","assets/text/e93cf34436b725b2bc.png","","상점","453","1792","180","44","84","27","","","","",""
"create-room","방 만들기","nav-hit-30","","","","855","1743","190","139","38","28","855","1743","190","139","ranking"
"create-room","방 만들기","icon-trophy-31","assets/placed/f021e42cfce953f174.png","assets/icons/trophy.png","","920","1753","60","60","107","29","","","","",""
"create-room","방 만들기","text-32","assets/text/ae295d719fe151b0fc.png","","랭킹","453","1792","180","44","84","30","","","","",""
"create-room","방 만들기","panel-33","assets/placed/4405b4a78e9acda39f.png","assets/ui/panel-cream.png","","48","260","984","148","1512","31","","","","",""
"create-room","방 만들기","icon-people-34","assets/placed/822023bb977e95c4d0.png","assets/icons/people.png","","72","292","72","72","1556","32","","","","",""
"create-room","방 만들기","text-35","assets/text/3410865165604b2228.png","","방 이름","168","280","814","51","1589","33","","","","",""
"create-room","방 만들기","text-36","assets/text/925667b27c746324f3.png","","포근한 공방","168","333","834","39","1548","34","","","","",""
"create-room","방 만들기","panel-37","assets/placed/4405b4a78e9acda39f.png","assets/ui/panel-cream.png","","48","445","984","148","1327","35","","","","",""
"create-room","방 만들기","icon-lock-38","assets/placed/fd4fac1b73c4006ec6.png","assets/icons/lock.png","","72","477","72","72","1371","36","","","","",""
"create-room","방 만들기","text-39","assets/text/0882a7b053ecb6e01f.png","","공개 설정","168","465","814","51","1404","37","","","","",""
"create-room","방 만들기","text-40","assets/text/32acf7c29fd9e82cdc.png","","공개 방 / 비밀번호 방","168","518","834","39","1363","38","","","","",""
"create-room","방 만들기","button-41","assets/placed/fda2fbf8115782f1b9.png","assets/ui/button-mint-normal.png","","48","637","318","82","1201","39","48","612","318","132",""
"create-room","방 만들기","text-42","assets/text/2049d3214e5e210a3a.png","","일반","64","646","286","48","1226","40","","","","",""
"create-room","방 만들기","button-43","assets/placed/c91c38b96ae935da3e.png","assets/ui/button-cream-normal.png","","376","637","318","82","1201","41","376","612","318","132",""
"create-room","방 만들기","text-44","assets/text/5c496f2cd6173404ad.png","","어려움","392","647","286","48","1225","42","","","","",""
"create-room","방 만들기","button-45","assets/placed/c91c38b96ae935da3e.png","assets/ui/button-cream-normal.png","","704","637","318","82","1201","43","704","612","318","132",""
"create-room","방 만들기","text-46","assets/text/26a6e03fed68a79660.png","","악몽","720","647","286","48","1225","44","","","","",""
"create-room","방 만들기","panel-47","assets/placed/4405b4a78e9acda39f.png","assets/ui/panel-cream.png","","48","760","984","148","1012","45","","","","",""
"create-room","방 만들기","icon-lock-48","assets/placed/fd4fac1b73c4006ec6.png","assets/icons/lock.png","","72","792","72","72","1056","46","","","","",""
"create-room","방 만들기","text-49","assets/text/8bd7ef28919e77eb49.png","","비밀번호","168","780","814","51","1089","47","","","","",""
"create-room","방 만들기","text-50","assets/text/85ed3b749f60473575.png","","비공개 선택 시 4자리 입력","168","833","834","39","1048","48","","","","",""
"create-room","방 만들기","panel-51","assets/placed/4405b4a78e9acda39f.png","assets/ui/panel-cream.png","","48","960","984","148","812","49","","","","",""
"create-room","방 만들기","icon-people-52","assets/placed/822023bb977e95c4d0.png","assets/icons/people.png","","72","992","72","72","856","50","","","","",""
"create-room","방 만들기","text-53","assets/text/413a13f3351438c289.png","","인원","168","980","814","51","889","51","","","","",""
"create-room","방 만들기","text-54","assets/text/8261c3a940374224f0.png","","최대 5인 · 2인 이상이면 시작 가능","168","1033","834","39","848","52","","","","",""
"create-room","방 만들기","button-55","assets/placed/f52f9bb3142ddbb511.png","assets/ui/button-yellow-normal.png","","48","1535","984","116","269","53","48","1527","984","132","coop-room"
"create-room","방 만들기","text-56","assets/text/e57c1988e996d7fccb.png","","방 만들기","65","1560","952","48","312","54","","","","",""
"join-room","초대 코드 입력","background-1","assets/placed/f13521a79c0180a52b.png","assets/backgrounds/workshop.png","","0","0","1080","1920","0","0","","","","",""
"join-room","초대 코드 입력","scrim-3","assets/placed/55540868acf5004fc2.png","assets/ui/panel-dark.png","","0","0","1080","1920","0","1","","","","",""
"join-room","초대 코드 입력","modal-4","assets/placed/5849297e598a0962d1.png","assets/ui/panel-cream.png","","80","380","920","1110","430","2","","","","",""
"join-room","초대 코드 입력","text-5","assets/text/053d22f42ef06eb2d9.png","","초대 코드 입력","128","426","760","66","1428","3","","","","",""
"join-room","초대 코드 입력","button-6","assets/placed/f91cecc34197c96b80.png","assets/ui/button-cream-normal.png","","886","418","70","70","1432","4","855","387","132","132","workshop"
"join-room","초대 코드 입력","icon-close-7","assets/placed/817461fe4c2257e48c.png","assets/icons/close.png","","893","419","56","56","1445","5","","","","",""
"join-room","초대 코드 입력","text-8","assets/text/1a103771088e513bed.png","","친구가 알려준 코드를 입력해 주세요","128","500","760","42","1378","6","","","","",""
"join-room","초대 코드 입력","icon-people-9","assets/placed/3c7b44458263b7a4d1.png","assets/icons/people.png","","428","576","224","224","1120","7","","","","",""
"join-room","초대 코드 입력","text-10","assets/text/84602c31c3baa6ea84.png","","C A T 2 4 7","150","850","780","47","1023","8","","","","",""
"join-room","초대 코드 입력","text-11","assets/text/3cd96381af9b284af0.png","","입력 예시 · 영문과 숫자 6자리","151","919","780","47","954","9","","","","",""
"join-room","초대 코드 입력","button-12","assets/placed/0646388a9dbce20e3a.png","assets/ui/button-yellow-normal.png","","136","1178","808","100","642","10","136","1162","808","132","coop-room"
"join-room","초대 코드 입력","text-13","assets/text/22f921c4980903ef21.png","","참가하기","153","1196","776","48","676","11","","","","",""
"join-room","초대 코드 입력","button-14","assets/placed/84b006e00a2f7bb200.png","assets/ui/button-cream-normal.png","","136","1302","808","100","518","12","136","1286","808","132","coop"
"join-room","초대 코드 입력","text-15","assets/text/e8fbbdcd0c57e2e24a.png","","취소","152","1320","776","48","552","13","","","","",""
"worldboss","월드보스","background-1","assets/placed/348bc5b287f1eee990.png","assets/backgrounds/town.png","","0","0","1080","1920","0","0","","","","",""
"worldboss","월드보스","resource-bar-3","assets/placed/67b2bb1183ebc40ed1.png","assets/ui/panel-cream.png","","30","28","1020","90","1802","1","","","","",""
"worldboss","월드보스","title-bar-4","assets/placed/21cf35d5dcee417b8d.png","assets/ui/panel-cream.png","","30","128","1020","104","1688","2","","","","",""
"worldboss","월드보스","icon-energy-5","assets/placed/9fa198e8f4245dbd0f.png","assets/icons/energy.png","","52","43","54","54","1823","3","","","","",""
"worldboss","월드보스","text-6","assets/text/4f65a133e0ebec885a.png","","40/50","113","50","195","47","1823","4","","","","",""
"worldboss","월드보스","icon-gold-7","assets/placed/0274a23a232ef47921.png","assets/icons/gold.png","","368","43","54","54","1823","5","","","","",""
"worldboss","월드보스","text-8","assets/text/ed149040bb71721e2c.png","","12,500","429","50","195","47","1823","6","","","","",""
"worldboss","월드보스","icon-gem-9","assets/placed/e238412bd856f270d9.png","assets/icons/gem.png","","684","43","54","54","1823","7","","","","",""
"worldboss","월드보스","text-10","assets/text/b710de3b8f0ad3e447.png","","320","745","50","195","47","1823","8","","","","",""
"worldboss","월드보스","button-11","assets/placed/a55e725f8d802af4a0.png","assets/ui/button-cream-normal.png","","38","138","76","76","1706","9","10","110","132","132","modes"
"worldboss","월드보스","icon-back-12","assets/placed/dc05be2a4b9c6fda0c.png","assets/icons/back.png","","48","141","56","56","1723","10","","","","",""
"worldboss","월드보스","text-13","assets/text/30fc694e52c06d0169.png","","월드보스","138","143","742","65","1712","11","","","","",""
"worldboss","월드보스","button-14","assets/placed/a55e725f8d802af4a0.png","assets/ui/button-cream-normal.png","","958","138","76","76","1706","12","930","110","132","132","settings"
"worldboss","월드보스","icon-gear-15","assets/placed/71b09a6dc991d6f600.png","assets/icons/gear.png","","968","141","56","56","1723","13","","","","",""
"worldboss","월드보스","bottom-nav-16","assets/placed/8a8204f9fa1fc6115b.png","assets/ui/panel-cream.png","","24","1734","1032","160","26","14","","","","",""
"worldboss","월드보스","nav-hit-17","","","","39","1743","190","139","38","15","39","1743","190","139","workshop"
"worldboss","월드보스","icon-forge-18","assets/placed/12ef2fd983b0f617f0.png","assets/icons/forge.png","","105","1753","60","60","107","16","","","","",""
"worldboss","월드보스","text-19","assets/text/0d36b2df9353d9a6a4.png","","대장간","452","1792","180","44","84","17","","","","",""
"worldboss","월드보스","nav-hit-20","","","","243","1743","190","139","38","18","243","1743","190","139","cats"
"worldboss","월드보스","icon-cat-21","assets/placed/75618a37a684a9366c.png","assets/icons/cat.png","","308","1753","60","60","107","19","","","","",""
"worldboss","월드보스","text-22","assets/text/b2c2d20f3863ead9e4.png","","고양이","453","1792","180","44","84","20","","","","",""
"worldboss","월드보스","active-tab-23","assets/placed/f669ab757bc5fc9425.png","assets/ui/panel-mint.png","","447","1744","190","135","41","21","","","","",""
"worldboss","월드보스","nav-hit-24","","","","447","1743","190","139","38","22","447","1743","190","139","modes"
"worldboss","월드보스","icon-sword-25","assets/placed/2f37f0487b559d4738.png","assets/icons/sword.png","","512","1753","60","60","107","23","","","","",""
"worldboss","월드보스","text-26","assets/text/37a71f4045908e9a35.png","","전투","452","1790","180","44","86","24","","","","",""
"worldboss","월드보스","nav-hit-27","","","","651","1743","190","139","38","25","651","1743","190","139","shop"
"worldboss","월드보스","icon-shop-28","assets/placed/48f9aabd0f0ed93c20.png","assets/icons/shop.png","","716","1753","60","60","107","26","","","","",""
"worldboss","월드보스","text-29","assets/text/e93cf34436b725b2bc.png","","상점","453","1792","180","44","84","27","","","","",""
"worldboss","월드보스","nav-hit-30","","","","855","1743","190","139","38","28","855","1743","190","139","ranking"
"worldboss","월드보스","icon-trophy-31","assets/placed/f021e42cfce953f174.png","assets/icons/trophy.png","","920","1753","60","60","107","29","","","","",""
"worldboss","월드보스","text-32","assets/text/ae295d719fe151b0fc.png","","랭킹","453","1792","180","44","84","30","","","","",""
"worldboss","월드보스","panel-33","assets/placed/33ce5f9a3d7e5bc2b9.png","assets/ui/panel-lavender.png","","48","250","984","390","1280","31","","","","",""
"worldboss","월드보스","text-34","assets/text/cd0e642e568d46e197.png","","고대 뱀장어 킹","82","280","600","65","1575","32","","","","",""
"worldboss","월드보스","text-35","assets/text/f6a22ddf420716de5e.png","","모두의 힘으로 보스를 쓰러뜨려요","82","342","650","42","1536","33","","","","",""
"worldboss","월드보스","boss-eel-36","assets/placed/8afbc353c96e9053be.png","assets/characters/boss-eel.png","","650","350","280","280","1290","34","","","","",""
"worldboss","월드보스","icon-crown-37","assets/placed/ad576761d24ba7554a.png","assets/icons/crown.png","","510","450","120","120","1350","35","","","","",""
"worldboss","월드보스","panel-38","assets/placed/5c4cce2e53ac9543c3.png","assets/ui/panel-lavender.png","","48","674","984","222","1024","36","","","","",""
"worldboss","월드보스","text-39","assets/text/3265f4b000c68714b2.png","","전 서버 남은 체력","80","703","900","48","1169","37","","","","",""
"worldboss","월드보스","track-40","assets/placed/9ee8f138704de6df76.png","assets/ui/progress-track.png","","80","776","918","28","1116","38","","","","",""
"worldboss","월드보스","fill-41","assets/placed/f6ccbb12ed96085edb.png","assets/ui/progress-mint.png","","80","776","569","28","1116","39","","","","",""
"worldboss","월드보스","text-42","assets/text/8311eff053ca4e958a.png","","62%","80","774","918","32","1114","40","","","","",""
"worldboss","월드보스","text-43","assets/text/b37aebced3942b1abe.png","","이번 주 종료까지 3일 12시간","80","824","900","41","1055","41","","","","",""
"worldboss","월드보스","panel-44","assets/placed/4405b4a78e9acda39f.png","assets/ui/panel-cream.png","","48","928","984","148","844","42","","","","",""
"worldboss","월드보스","icon-people-45","assets/placed/822023bb977e95c4d0.png","assets/icons/people.png","","72","960","72","72","888","43","","","","",""
"worldboss","월드보스","text-46","assets/text/76147924ac8c851c2c.png","","추천 조합","168","948","814","51","921","44","","","","",""
"worldboss","월드보스","text-47","assets/text/dd7d647c4d459cf77a.png","","뚱냥이 + 마법사냥이","168","1001","834","39","880","45","","","","",""
"worldboss","월드보스","row-hit-48","","","","48","928","984","148","844","46","48","928","984","148","squad"
"worldboss","월드보스","icon-back-49","assets/placed/75eff27796b699b40d.png","assets/icons/back.png","","972","977","34","34","909","47","","","","",""
"worldboss","월드보스","panel-50","assets/placed/4405b4a78e9acda39f.png","assets/ui/panel-cream.png","","48","1096","984","148","676","48","","","","",""
"worldboss","월드보스","icon-trophy-51","assets/placed/bfdc290d6960908a18.png","assets/icons/trophy.png","","72","1128","72","72","720","49","","","","",""
"worldboss","월드보스","text-52","assets/text/10e100394858cb728a.png","","주간 누적 피해","168","1116","814","51","753","50","","","","",""
"worldboss","월드보스","text-53","assets/text/804fd00f3f4e209873.png","","1,250,000 · 상위 10%","168","1169","834","39","712","51","","","","",""
"worldboss","월드보스","row-hit-54","","","","48","1096","984","148","676","52","48","1096","984","148","ranking-boss"
"worldboss","월드보스","icon-back-55","assets/placed/75eff27796b699b40d.png","assets/icons/back.png","","972","1145","34","34","741","53","","","","",""
"worldboss","월드보스","button-56","assets/placed/178ce2a3ae33f04683.png","assets/ui/button-cream-normal.png","","48","1298","476","104","518","54","48","1284","476","132","boss-rewards"
"worldboss","월드보스","icon-chest-57","assets/placed/c6f6d47d2436aa32e0.png","assets/icons/chest.png","","187","1313","56","56","551","55","","","","",""
"worldboss","월드보스","text-58","assets/text/6dad825ad5e047e8a3.png","","단계 보상","131","1317","378","48","555","56","","","","",""
"worldboss","월드보스","button-59","assets/placed/6dc5d34809332ddcc2.png","assets/ui/button-mint-normal.png","","548","1298","484","104","518","57","548","1284","484","132","mode-shop"
"worldboss","월드보스","icon-shop-60","assets/placed/fad4e0e8d51ffba423.png","assets/icons/shop.png","","663","1312","56","56","552","58","","","","",""
"worldboss","월드보스","text-61","assets/text/738947afe2f66f9fb9.png","","월드보스 상점","631","1316","386","48","556","59","","","","",""
"worldboss","월드보스","subtitle-back-text-62","assets/placed/e2501d084a7c25818a.png","assets/ui/panel-cream.png","","66","1462","948","60","398","60","","","","",""
"worldboss","월드보스","text-62","assets/text/9a3bdb02230c9dd36f.png","","90초 도전 · 오늘 남은 입장 3 / 3","81","1467","920","47","406","61","","","","",""
"worldboss","월드보스","button-63","assets/placed/7a348063f5d082e2b4.png","assets/ui/button-yellow-normal.png","","48","1550","984","120","250","62","48","1544","984","132","battle-boss"
"worldboss","월드보스","text-64","assets/text/140619c1c5604e5538.png","","도전하기","65","1577","952","48","295","63","","","","",""
"boss-rewards","월드보스 보상","background-1","assets/placed/348bc5b287f1eee990.png","assets/backgrounds/town.png","","0","0","1080","1920","0","0","","","","",""
"boss-rewards","월드보스 보상","resource-bar-3","assets/placed/67b2bb1183ebc40ed1.png","assets/ui/panel-cream.png","","30","28","1020","90","1802","1","","","","",""
"boss-rewards","월드보스 보상","title-bar-4","assets/placed/21cf35d5dcee417b8d.png","assets/ui/panel-cream.png","","30","128","1020","104","1688","2","","","","",""
"boss-rewards","월드보스 보상","icon-energy-5","assets/placed/9fa198e8f4245dbd0f.png","assets/icons/energy.png","","52","43","54","54","1823","3","","","","",""
"boss-rewards","월드보스 보상","text-6","assets/text/4f65a133e0ebec885a.png","","40/50","113","50","195","47","1823","4","","","","",""
"boss-rewards","월드보스 보상","icon-gold-7","assets/placed/0274a23a232ef47921.png","assets/icons/gold.png","","368","43","54","54","1823","5","","","","",""
"boss-rewards","월드보스 보상","text-8","assets/text/ed149040bb71721e2c.png","","12,500","429","50","195","47","1823","6","","","","",""
"boss-rewards","월드보스 보상","icon-gem-9","assets/placed/e238412bd856f270d9.png","assets/icons/gem.png","","684","43","54","54","1823","7","","","","",""
"boss-rewards","월드보스 보상","text-10","assets/text/b710de3b8f0ad3e447.png","","320","745","50","195","47","1823","8","","","","",""
"boss-rewards","월드보스 보상","button-11","assets/placed/a55e725f8d802af4a0.png","assets/ui/button-cream-normal.png","","38","138","76","76","1706","9","10","110","132","132","worldboss"
"boss-rewards","월드보스 보상","icon-back-12","assets/placed/dc05be2a4b9c6fda0c.png","assets/icons/back.png","","48","141","56","56","1723","10","","","","",""
"boss-rewards","월드보스 보상","text-13","assets/text/e13e8a9dacd33a497a.png","","월드보스 보상","138","143","742","65","1712","11","","","","",""
"boss-rewards","월드보스 보상","button-14","assets/placed/a55e725f8d802af4a0.png","assets/ui/button-cream-normal.png","","958","138","76","76","1706","12","930","110","132","132","settings"
"boss-rewards","월드보스 보상","icon-gear-15","assets/placed/71b09a6dc991d6f600.png","assets/icons/gear.png","","968","141","56","56","1723","13","","","","",""
"boss-rewards","월드보스 보상","bottom-nav-16","assets/placed/8a8204f9fa1fc6115b.png","assets/ui/panel-cream.png","","24","1734","1032","160","26","14","","","","",""
"boss-rewards","월드보스 보상","nav-hit-17","","","","39","1743","190","139","38","15","39","1743","190","139","workshop"
"boss-rewards","월드보스 보상","icon-forge-18","assets/placed/12ef2fd983b0f617f0.png","assets/icons/forge.png","","105","1753","60","60","107","16","","","","",""
"boss-rewards","월드보스 보상","text-19","assets/text/0d36b2df9353d9a6a4.png","","대장간","452","1792","180","44","84","17","","","","",""
"boss-rewards","월드보스 보상","nav-hit-20","","","","243","1743","190","139","38","18","243","1743","190","139","cats"
"boss-rewards","월드보스 보상","icon-cat-21","assets/placed/75618a37a684a9366c.png","assets/icons/cat.png","","308","1753","60","60","107","19","","","","",""
"boss-rewards","월드보스 보상","text-22","assets/text/b2c2d20f3863ead9e4.png","","고양이","453","1792","180","44","84","20","","","","",""
"boss-rewards","월드보스 보상","active-tab-23","assets/placed/f669ab757bc5fc9425.png","assets/ui/panel-mint.png","","447","1744","190","135","41","21","","","","",""
"boss-rewards","월드보스 보상","nav-hit-24","","","","447","1743","190","139","38","22","447","1743","190","139","modes"
"boss-rewards","월드보스 보상","icon-sword-25","assets/placed/2f37f0487b559d4738.png","assets/icons/sword.png","","512","1753","60","60","107","23","","","","",""
"boss-rewards","월드보스 보상","text-26","assets/text/37a71f4045908e9a35.png","","전투","452","1790","180","44","86","24","","","","",""
"boss-rewards","월드보스 보상","nav-hit-27","","","","651","1743","190","139","38","25","651","1743","190","139","shop"
"boss-rewards","월드보스 보상","icon-shop-28","assets/placed/48f9aabd0f0ed93c20.png","assets/icons/shop.png","","716","1753","60","60","107","26","","","","",""
"boss-rewards","월드보스 보상","text-29","assets/text/e93cf34436b725b2bc.png","","상점","453","1792","180","44","84","27","","","","",""
"boss-rewards","월드보스 보상","nav-hit-30","","","","855","1743","190","139","38","28","855","1743","190","139","ranking"
"boss-rewards","월드보스 보상","icon-trophy-31","assets/placed/f021e42cfce953f174.png","assets/icons/trophy.png","","920","1753","60","60","107","29","","","","",""
"boss-rewards","월드보스 보상","text-32","assets/text/ae295d719fe151b0fc.png","","랭킹","453","1792","180","44","84","30","","","","",""
"boss-rewards","월드보스 보상","panel-33","assets/placed/c8922e860fc6b2a6b3.png","assets/ui/panel-mint.png","","48","260","984","148","1512","31","","","","",""
"boss-rewards","월드보스 보상","icon-chest-34","assets/placed/39275b559de057d382.png","assets/icons/chest.png","","72","292","72","72","1556","32","","","","",""
"boss-rewards","월드보스 보상","text-35","assets/text/76989c0a2e7a328416.png","","체력 75% 달성","168","280","814","51","1589","33","","","","",""
"boss-rewards","월드보스 보상","text-36","assets/text/b1b06245be1d905829.png","","전체 지급 · 수령 가능","168","333","834","39","1548","34","","","","",""
"boss-rewards","월드보스 보상","row-hit-37","","","","48","260","984","148","1512","35","48","260","984","148","reward"
"boss-rewards","월드보스 보상","icon-back-38","assets/placed/75eff27796b699b40d.png","assets/icons/back.png","","972","309","34","34","1577","36","","","","",""
"boss-rewards","월드보스 보상","panel-39","assets/placed/4405b4a78e9acda39f.png","assets/ui/panel-cream.png","","48","430","984","148","1342","37","","","","",""
"boss-rewards","월드보스 보상","icon-lock-40","assets/placed/fd4fac1b73c4006ec6.png","assets/icons/lock.png","","72","462","72","72","1386","38","","","","",""
"boss-rewards","월드보스 보상","text-41","assets/text/9bd58db39b34daf0e8.png","","체력 50% 달성","168","450","814","51","1419","39","","","","",""
"boss-rewards","월드보스 보상","text-42","assets/text/c7cf8c2d173476d7d6.png","","전체 지급 · 아직 도전 중","168","503","834","39","1378","40","","","","",""
"boss-rewards","월드보스 보상","panel-43","assets/placed/4405b4a78e9acda39f.png","assets/ui/panel-cream.png","","48","600","984","148","1172","41","","","","",""
"boss-rewards","월드보스 보상","icon-lock-44","assets/placed/fd4fac1b73c4006ec6.png","assets/icons/lock.png","","72","632","72","72","1216","42","","","","",""
"boss-rewards","월드보스 보상","text-45","assets/text/0737ab5eebbbaf3754.png","","체력 25% 달성","168","620","814","51","1249","43","","","","",""
"boss-rewards","월드보스 보상","text-46","assets/text/c7cf8c2d173476d7d6.png","","전체 지급 · 아직 도전 중","168","673","834","39","1208","44","","","","",""
"boss-rewards","월드보스 보상","panel-47","assets/placed/4405b4a78e9acda39f.png","assets/ui/panel-cream.png","","48","770","984","148","1002","45","","","","",""
"boss-rewards","월드보스 보상","icon-crown-48","assets/placed/e36c334847dae64c48.png","assets/icons/crown.png","","72","802","72","72","1046","46","","","","",""
"boss-rewards","월드보스 보상","text-49","assets/text/4aa9e2ea4a8275bf5e.png","","보스 처치","168","790","814","51","1079","47","","","","",""
"boss-rewards","월드보스 보상","text-50","assets/text/f88f516a7a55057c46.png","","전 서버 처치 보상","168","843","834","39","1038","48","","","","",""
"boss-rewards","월드보스 보상","row-hit-51","","","","48","770","984","148","1002","49","48","770","984","148","reward"
"boss-rewards","월드보스 보상","icon-back-52","assets/placed/75eff27796b699b40d.png","assets/icons/back.png","","972","819","34","34","1067","50","","","","",""
"boss-rewards","월드보스 보상","panel-53","assets/placed/4405b4a78e9acda39f.png","assets/ui/panel-cream.png","","48","940","984","148","832","51","","","","",""
"boss-rewards","월드보스 보상","icon-trophy-54","assets/placed/bfdc290d6960908a18.png","assets/icons/trophy.png","","72","972","72","72","876","52","","","","",""
"boss-rewards","월드보스 보상","text-55","assets/text/3c12249e0c88d741c5.png","","주간 순위 보상","168","960","814","51","909","53","","","","",""
"boss-rewards","월드보스 보상","text-56","assets/text/f4daa587a4f96f0ba8.png","","상위 1 · 5 · 10 · 30 · 50%","168","1013","834","39","868","54","","","","",""
"boss-rewards","월드보스 보상","row-hit-57","","","","48","940","984","148","832","55","48","940","984","148","ranking-boss"
"boss-rewards","월드보스 보상","icon-back-58","assets/placed/75eff27796b699b40d.png","assets/icons/back.png","","972","989","34","34","897","56","","","","",""
"arena","1:1 대전","background-1","assets/placed/348bc5b287f1eee990.png","assets/backgrounds/town.png","","0","0","1080","1920","0","0","","","","",""
"arena","1:1 대전","resource-bar-3","assets/placed/67b2bb1183ebc40ed1.png","assets/ui/panel-cream.png","","30","28","1020","90","1802","1","","","","",""
"arena","1:1 대전","title-bar-4","assets/placed/21cf35d5dcee417b8d.png","assets/ui/panel-cream.png","","30","128","1020","104","1688","2","","","","",""
"arena","1:1 대전","icon-energy-5","assets/placed/9fa198e8f4245dbd0f.png","assets/icons/energy.png","","52","43","54","54","1823","3","","","","",""
"arena","1:1 대전","text-6","assets/text/4f65a133e0ebec885a.png","","40/50","113","50","195","47","1823","4","","","","",""
"arena","1:1 대전","icon-gold-7","assets/placed/0274a23a232ef47921.png","assets/icons/gold.png","","368","43","54","54","1823","5","","","","",""
"arena","1:1 대전","text-8","assets/text/ed149040bb71721e2c.png","","12,500","429","50","195","47","1823","6","","","","",""
"arena","1:1 대전","icon-gem-9","assets/placed/e238412bd856f270d9.png","assets/icons/gem.png","","684","43","54","54","1823","7","","","","",""
"arena","1:1 대전","text-10","assets/text/b710de3b8f0ad3e447.png","","320","745","50","195","47","1823","8","","","","",""
"arena","1:1 대전","button-11","assets/placed/a55e725f8d802af4a0.png","assets/ui/button-cream-normal.png","","38","138","76","76","1706","9","10","110","132","132","modes"
"arena","1:1 대전","icon-back-12","assets/placed/dc05be2a4b9c6fda0c.png","assets/icons/back.png","","48","141","56","56","1723","10","","","","",""
"arena","1:1 대전","text-13","assets/text/4e9bf897887fbea277.png","","1:1 대전","138","143","742","65","1712","11","","","","",""
"arena","1:1 대전","button-14","assets/placed/a55e725f8d802af4a0.png","assets/ui/button-cream-normal.png","","958","138","76","76","1706","12","930","110","132","132","settings"
"arena","1:1 대전","icon-gear-15","assets/placed/71b09a6dc991d6f600.png","assets/icons/gear.png","","968","141","56","56","1723","13","","","","",""
"arena","1:1 대전","bottom-nav-16","assets/placed/8a8204f9fa1fc6115b.png","assets/ui/panel-cream.png","","24","1734","1032","160","26","14","","","","",""
"arena","1:1 대전","nav-hit-17","","","","39","1743","190","139","38","15","39","1743","190","139","workshop"
"arena","1:1 대전","icon-forge-18","assets/placed/12ef2fd983b0f617f0.png","assets/icons/forge.png","","105","1753","60","60","107","16","","","","",""
"arena","1:1 대전","text-19","assets/text/0d36b2df9353d9a6a4.png","","대장간","452","1792","180","44","84","17","","","","",""
"arena","1:1 대전","nav-hit-20","","","","243","1743","190","139","38","18","243","1743","190","139","cats"
"arena","1:1 대전","icon-cat-21","assets/placed/75618a37a684a9366c.png","assets/icons/cat.png","","308","1753","60","60","107","19","","","","",""
"arena","1:1 대전","text-22","assets/text/b2c2d20f3863ead9e4.png","","고양이","453","1792","180","44","84","20","","","","",""
"arena","1:1 대전","active-tab-23","assets/placed/f669ab757bc5fc9425.png","assets/ui/panel-mint.png","","447","1744","190","135","41","21","","","","",""
"arena","1:1 대전","nav-hit-24","","","","447","1743","190","139","38","22","447","1743","190","139","modes"
"arena","1:1 대전","icon-sword-25","assets/placed/2f37f0487b559d4738.png","assets/icons/sword.png","","512","1753","60","60","107","23","","","","",""
"arena","1:1 대전","text-26","assets/text/37a71f4045908e9a35.png","","전투","452","1790","180","44","86","24","","","","",""
"arena","1:1 대전","nav-hit-27","","","","651","1743","190","139","38","25","651","1743","190","139","shop"
"arena","1:1 대전","icon-shop-28","assets/placed/48f9aabd0f0ed93c20.png","assets/icons/shop.png","","716","1753","60","60","107","26","","","","",""
"arena","1:1 대전","text-29","assets/text/e93cf34436b725b2bc.png","","상점","453","1792","180","44","84","27","","","","",""
"arena","1:1 대전","nav-hit-30","","","","855","1743","190","139","38","28","855","1743","190","139","ranking"
"arena","1:1 대전","icon-trophy-31","assets/placed/f021e42cfce953f174.png","assets/icons/trophy.png","","920","1753","60","60","107","29","","","","",""
"arena","1:1 대전","text-32","assets/text/ae295d719fe151b0fc.png","","랭킹","453","1792","180","44","84","30","","","","",""
"arena","1:1 대전","panel-33","assets/placed/a91e7a8ca6b8d5e20c.png","assets/ui/panel-lavender.png","","48","250","984","415","1255","31","","","","",""
"arena","1:1 대전","text-34","assets/text/004af086bea58faa86.png","","실버 발톱 II","82","280","600","65","1575","32","","","","",""
"arena","1:1 대전","text-35","assets/text/bb1bfa1b05742eed5a.png","","트로피 1,280 · 시즌 종료까지 24일","82","342","650","42","1536","33","","","","",""
"arena","1:1 대전","shadow-cat-warrior-36","assets/placed/29cf6c496bb3e07a5b.png","assets/ui/ground-shadow.png","","686","638","207","31","1251","34","","","","",""
"arena","1:1 대전","cat-warrior-36","assets/placed/78a48d2eec5b30a5ad.png","assets/characters/cat-warrior.png","","650","375","280","280","1265","35","","","","",""
"arena","1:1 대전","panel-37","assets/placed/4405b4a78e9acda39f.png","assets/ui/panel-cream.png","","48","704","984","148","1068","36","","","","",""
"arena","1:1 대전","icon-sword-38","assets/placed/4ed079920ced162053.png","assets/icons/sword.png","","72","736","72","72","1112","37","","","","",""
"arena","1:1 대전","text-39","assets/text/24fef85b728b342412.png","","실력으로 겨루는 한 판","168","724","814","51","1145","38","","","","",""
"arena","1:1 대전","text-40","assets/text/9e6ab42e0656f69241.png","","3분 · 성장 차이는 최대 10%만 반영","168","777","834","39","1104","39","","","","",""
"arena","1:1 대전","panel-41","assets/placed/4405b4a78e9acda39f.png","assets/ui/panel-cream.png","","48","884","984","148","888","40","","","","",""
"arena","1:1 대전","icon-chest-42","assets/placed/39275b559de057d382.png","assets/icons/chest.png","","72","916","72","72","932","41","","","","",""
"arena","1:1 대전","text-43","assets/text/3bd84835dad8089405.png","","오늘의 승리 상자","168","904","814","51","965","42","","","","",""
"arena","1:1 대전","text-44","assets/text/f84c9aa548a6cb8a6e.png","","3 / 10승 · 다음 보상까지 1승","168","957","834","39","924","43","","","","",""
"arena","1:1 대전","row-hit-45","","","","48","884","984","148","888","44","48","884","984","148","reward"
"arena","1:1 대전","icon-back-46","assets/placed/75eff27796b699b40d.png","assets/icons/back.png","","972","933","34","34","953","45","","","","",""
"arena","1:1 대전","button-47","assets/placed/aa431e870bd553d877.png","assets/ui/button-mint-normal.png","","48","1080","482","82","758","46","48","1055","482","132","arena"
"arena","1:1 대전","text-48","assets/text/a4c73af1efca05f5e2.png","","일반 대전","65","1089","450","48","783","47","","","","",""
"arena","1:1 대전","button-49","assets/placed/7b23172b89651bc7b8.png","assets/ui/button-cream-normal.png","","540","1080","482","82","758","48","540","1055","482","132","friendly"
"arena","1:1 대전","text-50","assets/text/4f4d6ec3668d0a1877.png","","자유 대전","557","1090","450","48","782","49","","","","",""
"arena","1:1 대전","button-51","assets/placed/7a348063f5d082e2b4.png","assets/ui/button-yellow-normal.png","","48","1250","984","120","550","50","48","1244","984","132","matching"
"arena","1:1 대전","icon-sword-52","assets/placed/c0dd2f60beec8f95c9.png","assets/icons/sword.png","","442","1273","56","56","591","51","","","","",""
"arena","1:1 대전","text-53","assets/text/f47d0ff2d6bc0a5d96.png","","상대 찾기","135","1277","886","48","595","52","","","","",""
"arena","1:1 대전","button-54","assets/placed/2299b27ab6f7ab3d39.png","assets/ui/button-cream-normal.png","","48","1400","476","108","412","53","48","1388","476","132","friendly"
"arena","1:1 대전","icon-people-55","assets/placed/d71cf21c31865d22df.png","assets/icons/people.png","","188","1418","56","56","446","54","","","","",""
"arena","1:1 대전","text-56","assets/text/c5d49a94954f1a2f82.png","","친구 대전","135","1421","378","48","451","55","","","","",""
"arena","1:1 대전","button-57","assets/placed/318b1d3f317930dabc.png","assets/ui/button-mint-normal.png","","548","1400","484","108","412","56","548","1388","484","132","season-rewards"
"arena","1:1 대전","icon-trophy-58","assets/placed/eeae1b65948a66c0cf.png","assets/icons/trophy.png","","691","1415","56","56","449","57","","","","",""
"arena","1:1 대전","text-59","assets/text/037816b9ee2edd3052.png","","시즌 보상","631","1419","386","48","453","58","","","","",""
"arena","1:1 대전","subtitle-back-text-60","assets/placed/2f2dd7eb2a069c9711.png","assets/ui/panel-cream.png","","48","1592","984","52","276","59","","","","",""
"arena","1:1 대전","text-60","assets/text/091050d62c461d49b1.png","","에너지 무제한 · 모든 플레이어 생산 속도 동일","63","1599","956","39","282","60","","","","",""
"team-arena","팀 대전","background-1","assets/placed/348bc5b287f1eee990.png","assets/backgrounds/town.png","","0","0","1080","1920","0","0","","","","",""
"team-arena","팀 대전","resource-bar-3","assets/placed/67b2bb1183ebc40ed1.png","assets/ui/panel-cream.png","","30","28","1020","90","1802","1","","","","",""
"team-arena","팀 대전","title-bar-4","assets/placed/21cf35d5dcee417b8d.png","assets/ui/panel-cream.png","","30","128","1020","104","1688","2","","","","",""
"team-arena","팀 대전","icon-energy-5","assets/placed/9fa198e8f4245dbd0f.png","assets/icons/energy.png","","52","43","54","54","1823","3","","","","",""
"team-arena","팀 대전","text-6","assets/text/4f65a133e0ebec885a.png","","40/50","113","50","195","47","1823","4","","","","",""
"team-arena","팀 대전","icon-gold-7","assets/placed/0274a23a232ef47921.png","assets/icons/gold.png","","368","43","54","54","1823","5","","","","",""
"team-arena","팀 대전","text-8","assets/text/ed149040bb71721e2c.png","","12,500","429","50","195","47","1823","6","","","","",""
"team-arena","팀 대전","icon-gem-9","assets/placed/e238412bd856f270d9.png","assets/icons/gem.png","","684","43","54","54","1823","7","","","","",""
"team-arena","팀 대전","text-10","assets/text/b710de3b8f0ad3e447.png","","320","745","50","195","47","1823","8","","","","",""
"team-arena","팀 대전","button-11","assets/placed/a55e725f8d802af4a0.png","assets/ui/button-cream-normal.png","","38","138","76","76","1706","9","10","110","132","132","modes"
"team-arena","팀 대전","icon-back-12","assets/placed/dc05be2a4b9c6fda0c.png","assets/icons/back.png","","48","141","56","56","1723","10","","","","",""
"team-arena","팀 대전","text-13","assets/text/6b3a8f4989d2d7c698.png","","팀 대전","138","143","742","65","1712","11","","","","",""
"team-arena","팀 대전","button-14","assets/placed/a55e725f8d802af4a0.png","assets/ui/button-cream-normal.png","","958","138","76","76","1706","12","930","110","132","132","settings"
"team-arena","팀 대전","icon-gear-15","assets/placed/71b09a6dc991d6f600.png","assets/icons/gear.png","","968","141","56","56","1723","13","","","","",""
"team-arena","팀 대전","bottom-nav-16","assets/placed/8a8204f9fa1fc6115b.png","assets/ui/panel-cream.png","","24","1734","1032","160","26","14","","","","",""
"team-arena","팀 대전","nav-hit-17","","","","39","1743","190","139","38","15","39","1743","190","139","workshop"
"team-arena","팀 대전","icon-forge-18","assets/placed/12ef2fd983b0f617f0.png","assets/icons/forge.png","","105","1753","60","60","107","16","","","","",""
"team-arena","팀 대전","text-19","assets/text/0d36b2df9353d9a6a4.png","","대장간","452","1792","180","44","84","17","","","","",""
"team-arena","팀 대전","nav-hit-20","","","","243","1743","190","139","38","18","243","1743","190","139","cats"
"team-arena","팀 대전","icon-cat-21","assets/placed/75618a37a684a9366c.png","assets/icons/cat.png","","308","1753","60","60","107","19","","","","",""
"team-arena","팀 대전","text-22","assets/text/b2c2d20f3863ead9e4.png","","고양이","453","1792","180","44","84","20","","","","",""
"team-arena","팀 대전","active-tab-23","assets/placed/f669ab757bc5fc9425.png","assets/ui/panel-mint.png","","447","1744","190","135","41","21","","","","",""
"team-arena","팀 대전","nav-hit-24","","","","447","1743","190","139","38","22","447","1743","190","139","modes"
"team-arena","팀 대전","icon-sword-25","assets/placed/2f37f0487b559d4738.png","assets/icons/sword.png","","512","1753","60","60","107","23","","","","",""
"team-arena","팀 대전","text-26","assets/text/37a71f4045908e9a35.png","","전투","452","1790","180","44","86","24","","","","",""
"team-arena","팀 대전","nav-hit-27","","","","651","1743","190","139","38","25","651","1743","190","139","shop"
"team-arena","팀 대전","icon-shop-28","assets/placed/48f9aabd0f0ed93c20.png","assets/icons/shop.png","","716","1753","60","60","107","26","","","","",""
"team-arena","팀 대전","text-29","assets/text/e93cf34436b725b2bc.png","","상점","453","1792","180","44","84","27","","","","",""
"team-arena","팀 대전","nav-hit-30","","","","855","1743","190","139","38","28","855","1743","190","139","ranking"
"team-arena","팀 대전","icon-trophy-31","assets/placed/f021e42cfce953f174.png","assets/icons/trophy.png","","920","1753","60","60","107","29","","","","",""
"team-arena","팀 대전","text-32","assets/text/ae295d719fe151b0fc.png","","랭킹","453","1792","180","44","84","30","","","","",""
"team-arena","팀 대전","panel-33","assets/placed/1753c0537bc9f8cfc7.png","assets/ui/panel-mint.png","","48","248","984","250","1422","31","","","","",""
"team-arena","팀 대전","text-34","assets/text/f47db5bac266214067.png","","작은 발, 커다란 팀워크","82","278","600","65","1577","32","","","","",""
"team-arena","팀 대전","text-35","assets/text/2e4ed4ecaa6e997d90.png","","팀당 2인 또는 3인","82","340","650","42","1538","33","","","","",""
"team-arena","팀 대전","shadow-cat-tank-36","assets/placed/29cf6c496bb3e07a5b.png","assets/ui/ground-shadow.png","","686","591","207","31","1298","34","","","","",""
"team-arena","팀 대전","cat-tank-36","assets/placed/2b03c264c92fa96253.png","assets/characters/cat-tank.png","","650","328","280","280","1312","35","","","","",""
"team-arena","팀 대전","panel-37","assets/placed/4405b4a78e9acda39f.png","assets/ui/panel-cream.png","","48","530","984","148","1242","36","","","","",""
"team-arena","팀 대전","icon-people-38","assets/placed/822023bb977e95c4d0.png","assets/icons/people.png","","72","562","72","72","1286","37","","","","",""
"team-arena","팀 대전","text-39","assets/text/59e986be1959352283.png","","2 : 2 대전","168","550","814","51","1319","38","","","","",""
"team-arena","팀 대전","text-40","assets/text/24c46f49af85b57056.png","","팀 평균 트로피로 매칭","168","603","834","39","1278","39","","","","",""
"team-arena","팀 대전","row-hit-41","","","","48","530","984","148","1242","40","48","530","984","148","matching"
"team-arena","팀 대전","icon-back-42","assets/placed/75eff27796b699b40d.png","assets/icons/back.png","","972","579","34","34","1307","41","","","","",""
"team-arena","팀 대전","panel-43","assets/placed/4405b4a78e9acda39f.png","assets/ui/panel-cream.png","","48","700","984","148","1072","42","","","","",""
"team-arena","팀 대전","icon-sword-44","assets/placed/4ed079920ced162053.png","assets/icons/sword.png","","72","732","72","72","1116","43","","","","",""
"team-arena","팀 대전","text-45","assets/text/d39af70f44de2fa3d4.png","","3 : 3 대전","168","720","814","51","1149","44","","","","",""
"team-arena","팀 대전","text-46","assets/text/bb56977ee0edd361c6.png","","합동 피버로 전세를 뒤집어요","168","773","834","39","1108","45","","","","",""
"team-arena","팀 대전","row-hit-47","","","","48","700","984","148","1072","46","48","700","984","148","matching"
"team-arena","팀 대전","icon-back-48","assets/placed/75eff27796b699b40d.png","assets/icons/back.png","","972","749","34","34","1137","47","","","","",""
"team-arena","팀 대전","panel-49","assets/placed/4405b4a78e9acda39f.png","assets/ui/panel-cream.png","","48","870","984","148","902","48","","","","",""
"team-arena","팀 대전","icon-plus-50","assets/placed/73c724dcc37a2cccca.png","assets/icons/plus.png","","72","902","72","72","946","49","","","","",""
"team-arena","팀 대전","text-51","assets/text/b3443d6c869893307b.png","","파티 만들기","168","890","814","51","979","50","","","","",""
"team-arena","팀 대전","text-52","assets/text/fd6d9c0d06b8f0a544.png","","친구와 함께 출전하기","168","943","834","39","938","51","","","","",""
"team-arena","팀 대전","row-hit-53","","","","48","870","984","148","902","52","48","870","984","148","coop-room"
"team-arena","팀 대전","icon-back-54","assets/placed/75eff27796b699b40d.png","assets/icons/back.png","","972","919","34","34","967","53","","","","",""
"team-arena","팀 대전","panel-55","assets/placed/4405b4a78e9acda39f.png","assets/ui/panel-cream.png","","48","1040","984","148","732","54","","","","",""
"team-arena","팀 대전","icon-play-56","assets/placed/adda7b6cc09f29efff.png","assets/icons/play.png","","72","1072","72","72","776","55","","","","",""
"team-arena","팀 대전","text-57","assets/text/68db920eaaf358b142.png","","무작위 팀 참가","168","1060","814","51","809","56","","","","",""
"team-arena","팀 대전","text-58","assets/text/7fd264ba5ca9d3aff9.png","","새로운 친구들과 함께","168","1113","834","39","768","57","","","","",""
"team-arena","팀 대전","row-hit-59","","","","48","1040","984","148","732","58","48","1040","984","148","matching"
"team-arena","팀 대전","icon-back-60","assets/placed/75eff27796b699b40d.png","assets/icons/back.png","","972","1089","34","34","797","59","","","","",""
"friendly","친구 · 자유 대전","background-1","assets/placed/348bc5b287f1eee990.png","assets/backgrounds/town.png","","0","0","1080","1920","0","0","","","","",""
"friendly","친구 · 자유 대전","resource-bar-3","assets/placed/67b2bb1183ebc40ed1.png","assets/ui/panel-cream.png","","30","28","1020","90","1802","1","","","","",""
"friendly","친구 · 자유 대전","title-bar-4","assets/placed/21cf35d5dcee417b8d.png","assets/ui/panel-cream.png","","30","128","1020","104","1688","2","","","","",""
"friendly","친구 · 자유 대전","icon-energy-5","assets/placed/9fa198e8f4245dbd0f.png","assets/icons/energy.png","","52","43","54","54","1823","3","","","","",""
"friendly","친구 · 자유 대전","text-6","assets/text/4f65a133e0ebec885a.png","","40/50","113","50","195","47","1823","4","","","","",""
"friendly","친구 · 자유 대전","icon-gold-7","assets/placed/0274a23a232ef47921.png","assets/icons/gold.png","","368","43","54","54","1823","5","","","","",""
"friendly","친구 · 자유 대전","text-8","assets/text/ed149040bb71721e2c.png","","12,500","429","50","195","47","1823","6","","","","",""
"friendly","친구 · 자유 대전","icon-gem-9","assets/placed/e238412bd856f270d9.png","assets/icons/gem.png","","684","43","54","54","1823","7","","","","",""
"friendly","친구 · 자유 대전","text-10","assets/text/b710de3b8f0ad3e447.png","","320","745","50","195","47","1823","8","","","","",""
"friendly","친구 · 자유 대전","button-11","assets/placed/a55e725f8d802af4a0.png","assets/ui/button-cream-normal.png","","38","138","76","76","1706","9","10","110","132","132","arena"
"friendly","친구 · 자유 대전","icon-back-12","assets/placed/dc05be2a4b9c6fda0c.png","assets/icons/back.png","","48","141","56","56","1723","10","","","","",""
"friendly","친구 · 자유 대전","text-13","assets/text/56ab23fcc266e45dcf.png","","친구 · 자유 대전","138","143","742","65","1712","11","","","","",""
"friendly","친구 · 자유 대전","button-14","assets/placed/a55e725f8d802af4a0.png","assets/ui/button-cream-normal.png","","958","138","76","76","1706","12","930","110","132","132","settings"
"friendly","친구 · 자유 대전","icon-gear-15","assets/placed/71b09a6dc991d6f600.png","assets/icons/gear.png","","968","141","56","56","1723","13","","","","",""
"friendly","친구 · 자유 대전","bottom-nav-16","assets/placed/8a8204f9fa1fc6115b.png","assets/ui/panel-cream.png","","24","1734","1032","160","26","14","","","","",""
"friendly","친구 · 자유 대전","nav-hit-17","","","","39","1743","190","139","38","15","39","1743","190","139","workshop"
"friendly","친구 · 자유 대전","icon-forge-18","assets/placed/12ef2fd983b0f617f0.png","assets/icons/forge.png","","105","1753","60","60","107","16","","","","",""
"friendly","친구 · 자유 대전","text-19","assets/text/0d36b2df9353d9a6a4.png","","대장간","452","1792","180","44","84","17","","","","",""
"friendly","친구 · 자유 대전","nav-hit-20","","","","243","1743","190","139","38","18","243","1743","190","139","cats"
"friendly","친구 · 자유 대전","icon-cat-21","assets/placed/75618a37a684a9366c.png","assets/icons/cat.png","","308","1753","60","60","107","19","","","","",""
"friendly","친구 · 자유 대전","text-22","assets/text/b2c2d20f3863ead9e4.png","","고양이","453","1792","180","44","84","20","","","","",""
"friendly","친구 · 자유 대전","active-tab-23","assets/placed/f669ab757bc5fc9425.png","assets/ui/panel-mint.png","","447","1744","190","135","41","21","","","","",""
"friendly","친구 · 자유 대전","nav-hit-24","","","","447","1743","190","139","38","22","447","1743","190","139","modes"
"friendly","친구 · 자유 대전","icon-sword-25","assets/placed/2f37f0487b559d4738.png","assets/icons/sword.png","","512","1753","60","60","107","23","","","","",""
"friendly","친구 · 자유 대전","text-26","assets/text/37a71f4045908e9a35.png","","전투","452","1790","180","44","86","24","","","","",""
"friendly","친구 · 자유 대전","nav-hit-27","","","","651","1743","190","139","38","25","651","1743","190","139","shop"
"friendly","친구 · 자유 대전","icon-shop-28","assets/placed/48f9aabd0f0ed93c20.png","assets/icons/shop.png","","716","1753","60","60","107","26","","","","",""
"friendly","친구 · 자유 대전","text-29","assets/text/e93cf34436b725b2bc.png","","상점","453","1792","180","44","84","27","","","","",""
"friendly","친구 · 자유 대전","nav-hit-30","","","","855","1743","190","139","38","28","855","1743","190","139","ranking"
"friendly","친구 · 자유 대전","icon-trophy-31","assets/placed/f021e42cfce953f174.png","assets/icons/trophy.png","","920","1753","60","60","107","29","","","","",""
"friendly","친구 · 자유 대전","text-32","assets/text/ae295d719fe151b0fc.png","","랭킹","453","1792","180","44","84","30","","","","",""
"friendly","친구 · 자유 대전","panel-33","assets/placed/5628fdfe4dc1f8fb52.png","assets/ui/panel-peach.png","","48","248","984","250","1422","31","","","","",""
"friendly","친구 · 자유 대전","text-34","assets/text/1b19f63bb7512cc7b8.png","","부담 없이 겨뤄봐요","82","278","600","65","1577","32","","","","",""
"friendly","친구 · 자유 대전","text-35","assets/text/c67d67d6018fa43fb4.png","","친구 대전은 보상이 없는 친선전입니다","82","340","650","42","1538","33","","","","",""
"friendly","친구 · 자유 대전","shadow-cat-warrior-36","assets/placed/29cf6c496bb3e07a5b.png","assets/ui/ground-shadow.png","","686","591","207","31","1298","34","","","","",""
"friendly","친구 · 자유 대전","cat-warrior-36","assets/placed/78a48d2eec5b30a5ad.png","assets/characters/cat-warrior.png","","650","328","280","280","1312","35","","","","",""
"friendly","친구 · 자유 대전","panel-37","assets/placed/4405b4a78e9acda39f.png","assets/ui/panel-cream.png","","48","530","984","148","1242","36","","","","",""
"friendly","친구 · 자유 대전","icon-people-38","assets/placed/822023bb977e95c4d0.png","assets/icons/people.png","","72","562","72","72","1286","37","","","","",""
"friendly","친구 · 자유 대전","text-39","assets/text/bc7cf229e0007309f9.png","","친구 초대","168","550","814","51","1319","38","","","","",""
"friendly","친구 · 자유 대전","text-40","assets/text/db61c81aa9a152e728.png","","초대 코드로 친구와 한 판","168","603","834","39","1278","39","","","","",""
"friendly","친구 · 자유 대전","row-hit-41","","","","48","530","984","148","1242","40","48","530","984","148","join-room"
"friendly","친구 · 자유 대전","icon-back-42","assets/placed/75eff27796b699b40d.png","assets/icons/back.png","","972","579","34","34","1307","41","","","","",""
"friendly","친구 · 자유 대전","panel-43","assets/placed/4405b4a78e9acda39f.png","assets/ui/panel-cream.png","","48","700","984","148","1072","42","","","","",""
"friendly","친구 · 자유 대전","icon-sword-44","assets/placed/4ed079920ced162053.png","assets/icons/sword.png","","72","732","72","72","1116","43","","","","",""
"friendly","친구 · 자유 대전","text-45","assets/text/324d743f7703cf1cb1.png","","자유 대전","168","720","814","51","1149","44","","","","",""
"friendly","친구 · 자유 대전","text-46","assets/text/2b70a7b30c2d6fa8b5.png","","성장 수치 그대로 · 트로피 보상 없음","168","773","834","39","1108","45","","","","",""
"friendly","친구 · 자유 대전","row-hit-47","","","","48","700","984","148","1072","46","48","700","984","148","matching"
"friendly","친구 · 자유 대전","icon-back-48","assets/placed/75eff27796b699b40d.png","assets/icons/back.png","","972","749","34","34","1137","47","","","","",""
"friendly","친구 · 자유 대전","panel-49","assets/placed/4405b4a78e9acda39f.png","assets/ui/panel-cream.png","","48","870","984","148","902","48","","","","",""
"friendly","친구 · 자유 대전","icon-cat-50","assets/placed/6a68873531ce746268.png","assets/icons/cat.png","","72","902","72","72","946","49","","","","",""
"friendly","친구 · 자유 대전","text-51","assets/text/b6ab20b0c335e6367e.png","","친구 목록","168","890","814","51","979","50","","","","",""
"friendly","친구 · 자유 대전","text-52","assets/text/7fed6a14494acd400e.png","","접속 중인 친구를 초대해요","168","943","834","39","938","51","","","","",""
"friendly","친구 · 자유 대전","row-hit-53","","","","48","870","984","148","902","52","48","870","984","148","friends"
"friendly","친구 · 자유 대전","icon-back-54","assets/placed/75eff27796b699b40d.png","assets/icons/back.png","","972","919","34","34","967","53","","","","",""
"matching","상대를 찾고 있어요","background-1","assets/placed/f13521a79c0180a52b.png","assets/backgrounds/workshop.png","","0","0","1080","1920","0","0","","","","",""
"matching","상대를 찾고 있어요","scrim-3","assets/placed/55540868acf5004fc2.png","assets/ui/panel-dark.png","","0","0","1080","1920","0","1","","","","",""
"matching","상대를 찾고 있어요","modal-4","assets/placed/5849297e598a0962d1.png","assets/ui/panel-cream.png","","80","380","920","1110","430","2","","","","",""
"matching","상대를 찾고 있어요","text-5","assets/text/cfa09d5b2d85ac46c4.png","","상대를 찾고 있어요","128","426","760","66","1428","3","","","","",""
"matching","상대를 찾고 있어요","button-6","assets/placed/f91cecc34197c96b80.png","assets/ui/button-cream-normal.png","","886","418","70","70","1432","4","855","387","132","132","workshop"
"matching","상대를 찾고 있어요","icon-close-7","assets/placed/817461fe4c2257e48c.png","assets/icons/close.png","","893","419","56","56","1445","5","","","","",""
"matching","상대를 찾고 있어요","text-8","assets/text/8ee5e28edcb425dabb.png","","비슷한 점수의 상대와 연결합니다","128","500","760","42","1378","6","","","","",""
"matching","상대를 찾고 있어요","icon-sword-9","assets/placed/df2d2b340fc6611277.png","assets/icons/sword.png","","428","576","224","224","1120","7","","","","",""
"matching","상대를 찾고 있어요","text-10","assets/text/0b54c76fe6ec8d31da.png","","00:18","150","850","780","47","1023","8","","","","",""
"matching","상대를 찾고 있어요","text-11","assets/text/bcc75b473e5649f5b9.png","","내 트로피 1,280","149","919","780","47","954","9","","","","",""
"matching","상대를 찾고 있어요","text-12","assets/text/b5216c38a3e764e55e.png","","예상 대기 시간 30초","150","988","780","47","885","10","","","","",""
"matching","상대를 찾고 있어요","button-13","assets/placed/0646388a9dbce20e3a.png","assets/ui/button-yellow-normal.png","","136","1178","808","100","642","11","136","1162","808","132","battle-pvp"
"matching","상대를 찾고 있어요","text-14","assets/text/4ce59a5821ed9ce1e1.png","","매칭 화면 미리보기","153","1196","776","48","676","12","","","","",""
"matching","상대를 찾고 있어요","button-15","assets/placed/84b006e00a2f7bb200.png","assets/ui/button-cream-normal.png","","136","1302","808","100","518","13","136","1286","808","132","arena"
"matching","상대를 찾고 있어요","text-16","assets/text/1755335690cc904524.png","","매칭 취소","152","1320","776","48","552","14","","","","",""
"ranking","대전 랭킹","background","assets/placed/348bc5b287f1eee990.png","assets/backgrounds/town.png","","0","0","1080","1920","0","0","","","","",""
"ranking","대전 랭킹","panel-cream-1","assets/placed/aeea6a9162ecca60be.png","assets/ui/panel-cream.png","","28","24","332","84","1812","1","","","","",""
"ranking","대전 랭킹","energy-2","assets/placed/9fa198e8f4245dbd0f.png","assets/icons/energy.png","","45","39","54","54","1827","2","","","","",""
"ranking","대전 랭킹","label-3","assets/text/fcf0369b63d5e3ae8c.png","","40/50","113","41","225","48","1831","3","","","","",""
"ranking","대전 랭킹","panel-cream-4","assets/placed/aeea6a9162ecca60be.png","assets/ui/panel-cream.png","","374","24","332","84","1812","4","","","","",""
"ranking","대전 랭킹","gold-5","assets/placed/0274a23a232ef47921.png","assets/icons/gold.png","","391","39","54","54","1827","5","","","","",""
"ranking","대전 랭킹","label-6","assets/text/2aaefa170c707ca330.png","","12,500","459","41","225","48","1831","6","","","","",""
"ranking","대전 랭킹","panel-cream-7","assets/placed/aeea6a9162ecca60be.png","assets/ui/panel-cream.png","","720","24","332","84","1812","7","","","","",""
"ranking","대전 랭킹","gem-8","assets/placed/e238412bd856f270d9.png","assets/icons/gem.png","","737","39","54","54","1827","8","","","","",""
"ranking","대전 랭킹","label-9","assets/text/04bf6b0176ade687be.png","","320","805","41","225","48","1831","9","","","","",""
"ranking","대전 랭킹","title-banner-10","assets/placed/c7e44287f5565b282a.png","assets/ui/title-banner.png","","150","123","780","135","1662","10","","","","",""
"ranking","대전 랭킹","label-11","assets/text/a32ec4fbf82f5f0f4f.png","","대전 랭킹","184","157","714","72","1691","11","","","","",""
"ranking","대전 랭킹","button-cream-normal-12","assets/placed/54145a8c7dc277b074.png","assets/ui/button-cream-normal.png","","28","140","92","92","1688","12","28","140","92","92","modes"
"ranking","대전 랭킹","back-13","assets/placed/684b7bc9151e735643.png","assets/icons/back.png","","47","152","54","54","1714","13","","","","",""
"ranking","대전 랭킹","button-cream-normal-14","assets/placed/54145a8c7dc277b074.png","assets/ui/button-cream-normal.png","","960","140","92","92","1688","14","960","140","92","92","settings"
"ranking","대전 랭킹","gear-15","assets/placed/df1483c483c132da85.png","assets/icons/gear.png","","979","151","54","54","1715","15","","","","",""
"ranking","대전 랭킹","panel-cream-16","assets/placed/01ac4c2ebc83c43078.png","assets/ui/panel-cream.png","","18","1746","1044","157","17","16","","","","",""
"ranking","대전 랭킹","forge-17","assets/placed/bab1d6a5f417a1bb97.png","assets/icons/forge.png","","98","1767","70","70","83","17","","","","",""
"ranking","대전 랭킹","label-18","assets/text/38a971f1dc000a8df5.png","","대장간","449","1803","182","47","70","18","","","","",""
"ranking","대전 랭킹","nav-workshop","","","","33","1754","198","140","26","19","33","1754","198","140","workshop"
"ranking","대전 랭킹","cat-20","assets/placed/164bb5461c096b7f70.png","assets/icons/cat.png","","301","1767","70","70","83","20","","","","",""
"ranking","대전 랭킹","label-21","assets/text/7536732c62c51e71e3.png","","고양이","450","1803","182","47","70","21","","","","",""
"ranking","대전 랭킹","nav-cats","","","","237","1754","198","140","26","22","237","1754","198","140","cats"
"ranking","대전 랭킹","sword-23","assets/placed/efffa4b7a4db7016a9.png","assets/icons/sword.png","","505","1767","70","70","83","23","","","","",""
"ranking","대전 랭킹","label-24","assets/text/36750979eee5d3d31f.png","","전투","449","1803","182","47","70","24","","","","",""
"ranking","대전 랭킹","nav-modes","","","","441","1754","198","140","26","25","441","1754","198","140","modes"
"ranking","대전 랭킹","shop-26","assets/placed/08eaabb2f272930ef7.png","assets/icons/shop.png","","710","1767","70","70","83","26","","","","",""
"ranking","대전 랭킹","label-27","assets/text/1ceb9aa500e58ff2c1.png","","상점","450","1803","182","47","70","27","","","","",""
"ranking","대전 랭킹","nav-shop","","","","645","1754","198","140","26","28","645","1754","198","140","shop"
"ranking","대전 랭킹","panel-mint-29","assets/placed/781a57819a38fb1e94.png","assets/ui/panel-mint.png","","849","1755","198","139","26","29","","","","",""
"ranking","대전 랭킹","trophy-30","assets/placed/1d1c0284cd20ff4bd8.png","assets/icons/trophy.png","","914","1767","70","70","83","30","","","","",""
"ranking","대전 랭킹","label-31","assets/text/585230f47c36d6fa4b.png","","랭킹","858","1803","182","47","70","31","","","","",""
"ranking","대전 랭킹","nav-ranking","","","","849","1754","198","140","26","32","849","1754","198","140","ranking"
"ranking","대전 랭킹","ranking-content-button-33","assets/placed/fda2fbf8115782f1b9.png","assets/ui/button-mint-normal.png","","48","278","318","82","1560","33","48","253","318","132",""
"ranking","대전 랭킹","ranking-content-text-34","assets/text/cbcd0a893449768118.png","","전체","65","287","286","48","1585","34","","","","",""
"ranking","대전 랭킹","ranking-content-button-35","assets/placed/c91c38b96ae935da3e.png","assets/ui/button-cream-normal.png","","376","278","318","82","1560","35","376","253","318","132",""
"ranking","대전 랭킹","ranking-content-text-36","assets/text/392bbeda37f6533728.png","","친구","392","288","286","48","1584","36","","","","",""
"ranking","대전 랭킹","ranking-content-button-37","assets/placed/c91c38b96ae935da3e.png","assets/ui/button-cream-normal.png","","704","278","318","82","1560","37","704","253","318","132",""
"ranking","대전 랭킹","ranking-content-text-38","assets/text/bb95425f848d9eff58.png","","지역","721","288","286","48","1584","38","","","","",""
"ranking","대전 랭킹","ranking-content-button-39","assets/placed/f459f9b215820c486e.png","assets/ui/button-cream-normal.png","","736","378","296","78","1464","39","736","351","296","132","ranking-types"
"ranking","대전 랭킹","ranking-content-text-40","assets/text/efb41f8907459d18ec.png","","랭킹 종류","752","386","264","48","1486","40","","","","",""
"ranking","대전 랭킹","subtitle-back-ranking-content-text-41","assets/placed/58ceaa5b4f282ef83c.png","assets/ui/panel-cream.png","","56","384","618","76","1460","41","","","","",""
"ranking","대전 랭킹","ranking-content-text-41","assets/text/82759f7b1cdbd5bc84.png","","시즌 01","70","392","590","63","1465","42","","","","",""
"ranking","대전 랭킹","shadow-ranking-content-cat-tank-42","assets/placed/be30390fb07e105bff.png","assets/ui/ground-shadow.png","","123","784","188","31","1105","43","","","","",""
"ranking","대전 랭킹","ranking-content-cat-tank-42","assets/placed/a35030099b1e4a49a0.png","assets/characters/cat-tank.png","","90","547","254","254","1119","44","","","","",""
"ranking","대전 랭킹","ranking-content-panel-43","assets/placed/165dbbda7e9c803a4a.png","assets/ui/panel-lavender.png","","90","771","252","157","992","45","","","","",""
"ranking","대전 랭킹","ranking-content-text-44","assets/text/b783aaeb2210811003.png","","2","106","811","222","78","1031","46","","","","",""
"ranking","대전 랭킹","ranking-content-text-45","assets/text/0932cff2e0d253ad17.png","","달빛냥","95","828","242","42","1050","47","","","","",""
"ranking","대전 랭킹","shadow-ranking-content-cat-warrior-46","assets/placed/be30390fb07e105bff.png","assets/ui/ground-shadow.png","","447","720","188","31","1169","48","","","","",""
"ranking","대전 랭킹","ranking-content-cat-warrior-46","assets/placed/8cab299bd017535aa5.png","assets/characters/cat-warrior.png","","414","483","254","254","1183","49","","","","",""
"ranking","대전 랭킹","ranking-content-panel-47","assets/placed/7ced75c3bf5b99ca7e.png","assets/ui/panel-peach.png","","414","707","252","157","1056","50","","","","",""
"ranking","대전 랭킹","ranking-content-text-48","assets/text/3c5542185425d94df9.png","","1","429","746","222","78","1096","51","","","","",""
"ranking","대전 랭킹","ranking-content-text-49","assets/text/b2ae9daa9c8b3a0ead.png","","냥이대장","419","764","242","42","1114","52","","","","",""
"ranking","대전 랭킹","shadow-ranking-content-cat-archer-50","assets/placed/be30390fb07e105bff.png","assets/ui/ground-shadow.png","","771","784","188","31","1105","53","","","","",""
"ranking","대전 랭킹","ranking-content-cat-archer-50","assets/placed/42e68661a303191efd.png","assets/characters/cat-archer.png","","738","547","254","254","1119","54","","","","",""
"ranking","대전 랭킹","ranking-content-panel-51","assets/placed/7ced75c3bf5b99ca7e.png","assets/ui/panel-peach.png","","738","771","252","157","992","55","","","","",""
"ranking","대전 랭킹","ranking-content-text-52","assets/text/2f2b16bdd1b5f8e3e7.png","","3","754","810","222","78","1032","56","","","","",""
"ranking","대전 랭킹","ranking-content-text-53","assets/text/e3e715adcd127bce07.png","","호박냥","743","828","242","42","1050","57","","","","",""
"ranking","대전 랭킹","ranking-content-panel-54","assets/placed/5bfd5f1ea84dccf122.png","assets/ui/panel-cream.png","","48","988","984","120","812","58","","","","",""
"ranking","대전 랭킹","ranking-content-text-55","assets/text/96a385c3ccb79521b8.png","","4","78","1019","65","53","848","59","","","","",""
"ranking","대전 랭킹","ranking-content-cat-warrior-56","assets/placed/24d32613bc05d3bbb4.png","assets/characters/cat-warrior.png","","160","992","103","103","825","60","","","","",""
"ranking","대전 랭킹","ranking-content-text-57","assets/text/3ae61c2d81bf1841c7.png","","구름냥","300","1022","380","48","850","61","","","","",""
"ranking","대전 랭킹","ranking-content-text-58","assets/text/d46bad8fc20f2994f3.png","","2100 트로피","650","1025","328","41","854","62","","","","",""
"ranking","대전 랭킹","ranking-content-rank-hit-59","","","","48","988","984","120","812","63","48","988","984","120","ranking-profile"
"ranking","대전 랭킹","ranking-content-panel-60","assets/placed/5bfd5f1ea84dccf122.png","assets/ui/panel-cream.png","","48","1124","984","120","676","64","","","","",""
"ranking","대전 랭킹","ranking-content-text-61","assets/text/ead2dab25aadfa8c75.png","","5","78","1155","65","53","712","65","","","","",""
"ranking","대전 랭킹","ranking-content-cat-tank-62","assets/placed/0b2052d1573831aa6b.png","assets/characters/cat-tank.png","","160","1128","103","103","689","66","","","","",""
"ranking","대전 랭킹","ranking-content-text-63","assets/text/5e3839886c9c5345b4.png","","별빛냥","300","1158","380","48","714","67","","","","",""
"ranking","대전 랭킹","ranking-content-text-64","assets/text/1df768a4616638c4f9.png","","1980 트로피","650","1161","328","41","718","68","","","","",""
"ranking","대전 랭킹","ranking-content-rank-hit-65","","","","48","1124","984","120","676","69","48","1124","984","120","ranking-profile"
"ranking","대전 랭킹","ranking-content-panel-66","assets/placed/5bfd5f1ea84dccf122.png","assets/ui/panel-cream.png","","48","1260","984","120","540","70","","","","",""
"ranking","대전 랭킹","ranking-content-text-67","assets/text/f673473d1febbfe88e.png","","6","78","1291","65","53","576","71","","","","",""
"ranking","대전 랭킹","ranking-content-cat-archer-68","assets/placed/0bc240b719841fb688.png","assets/characters/cat-archer.png","","160","1264","103","103","553","72","","","","",""
"ranking","대전 랭킹","ranking-content-text-69","assets/text/ffcff12e1961ebb7ef.png","","고등어냥","300","1294","380","48","578","73","","","","",""
"ranking","대전 랭킹","ranking-content-text-70","assets/text/be46eb886d7c2f2e17.png","","1920 트로피","650","1297","328","41","582","74","","","","",""
"ranking","대전 랭킹","ranking-content-rank-hit-71","","","","48","1260","984","120","540","75","48","1260","984","120","ranking-profile"
"ranking","대전 랭킹","ranking-content-panel-72","assets/placed/5bfd5f1ea84dccf122.png","assets/ui/panel-cream.png","","48","1396","984","120","404","76","","","","",""
"ranking","대전 랭킹","ranking-content-text-73","assets/text/ebb1956743a4a2588a.png","","7","78","1427","65","53","440","77","","","","",""
"ranking","대전 랭킹","ranking-content-cat-healer-74","assets/placed/be4945e8a4ad496a45.png","assets/characters/cat-healer.png","","160","1400","103","103","417","78","","","","",""
"ranking","대전 랭킹","ranking-content-text-75","assets/text/5e34a7a98755529917.png","","초코냥","300","1430","380","48","442","79","","","","",""
"ranking","대전 랭킹","ranking-content-text-76","assets/text/9a1c88c7f832f87b62.png","","1850 트로피","650","1433","328","41","446","80","","","","",""
"ranking","대전 랭킹","ranking-content-rank-hit-77","","","","48","1396","984","120","404","81","48","1396","984","120","ranking-profile"
"ranking","대전 랭킹","ranking-content-panel-78","assets/placed/bcc90dce4bde1f4c65.png","assets/ui/panel-mint.png","","48","1552","984","128","240","82","","","","",""
"ranking","대전 랭킹","ranking-content-text-79","assets/text/43585524d24fef304a.png","","내 순위 128","80","1591","390","51","278","83","","","","",""
"ranking","대전 랭킹","ranking-content-text-80","assets/text/1f1f524066c55f727d.png","","머지집사 · 1,280","500","1595","480","45","280","84","","","","",""
"ranking-team","팀 대전 랭킹","background-1","assets/placed/348bc5b287f1eee990.png","assets/backgrounds/town.png","","0","0","1080","1920","0","0","","","","",""
"ranking-team","팀 대전 랭킹","resource-bar-3","assets/placed/67b2bb1183ebc40ed1.png","assets/ui/panel-cream.png","","30","28","1020","90","1802","1","","","","",""
"ranking-team","팀 대전 랭킹","title-bar-4","assets/placed/21cf35d5dcee417b8d.png","assets/ui/panel-cream.png","","30","128","1020","104","1688","2","","","","",""
"ranking-team","팀 대전 랭킹","icon-energy-5","assets/placed/9fa198e8f4245dbd0f.png","assets/icons/energy.png","","52","43","54","54","1823","3","","","","",""
"ranking-team","팀 대전 랭킹","text-6","assets/text/4f65a133e0ebec885a.png","","40/50","113","50","195","47","1823","4","","","","",""
"ranking-team","팀 대전 랭킹","icon-gold-7","assets/placed/0274a23a232ef47921.png","assets/icons/gold.png","","368","43","54","54","1823","5","","","","",""
"ranking-team","팀 대전 랭킹","text-8","assets/text/ed149040bb71721e2c.png","","12,500","429","50","195","47","1823","6","","","","",""
"ranking-team","팀 대전 랭킹","icon-gem-9","assets/placed/e238412bd856f270d9.png","assets/icons/gem.png","","684","43","54","54","1823","7","","","","",""
"ranking-team","팀 대전 랭킹","text-10","assets/text/b710de3b8f0ad3e447.png","","320","745","50","195","47","1823","8","","","","",""
"ranking-team","팀 대전 랭킹","button-11","assets/placed/a55e725f8d802af4a0.png","assets/ui/button-cream-normal.png","","38","138","76","76","1706","9","10","110","132","132","modes"
"ranking-team","팀 대전 랭킹","icon-back-12","assets/placed/dc05be2a4b9c6fda0c.png","assets/icons/back.png","","48","141","56","56","1723","10","","","","",""
"ranking-team","팀 대전 랭킹","text-13","assets/text/8166773f087357cabe.png","","팀 대전 랭킹","138","143","742","65","1712","11","","","","",""
"ranking-team","팀 대전 랭킹","button-14","assets/placed/a55e725f8d802af4a0.png","assets/ui/button-cream-normal.png","","958","138","76","76","1706","12","930","110","132","132","settings"
"ranking-team","팀 대전 랭킹","icon-gear-15","assets/placed/71b09a6dc991d6f600.png","assets/icons/gear.png","","968","141","56","56","1723","13","","","","",""
"ranking-team","팀 대전 랭킹","bottom-nav-16","assets/placed/8a8204f9fa1fc6115b.png","assets/ui/panel-cream.png","","24","1734","1032","160","26","14","","","","",""
"ranking-team","팀 대전 랭킹","nav-hit-17","","","","39","1743","190","139","38","15","39","1743","190","139","workshop"
"ranking-team","팀 대전 랭킹","icon-forge-18","assets/placed/12ef2fd983b0f617f0.png","assets/icons/forge.png","","105","1753","60","60","107","16","","","","",""
"ranking-team","팀 대전 랭킹","text-19","assets/text/0d36b2df9353d9a6a4.png","","대장간","452","1792","180","44","84","17","","","","",""
"ranking-team","팀 대전 랭킹","nav-hit-20","","","","243","1743","190","139","38","18","243","1743","190","139","cats"
"ranking-team","팀 대전 랭킹","icon-cat-21","assets/placed/75618a37a684a9366c.png","assets/icons/cat.png","","308","1753","60","60","107","19","","","","",""
"ranking-team","팀 대전 랭킹","text-22","assets/text/b2c2d20f3863ead9e4.png","","고양이","453","1792","180","44","84","20","","","","",""
"ranking-team","팀 대전 랭킹","nav-hit-23","","","","447","1743","190","139","38","21","447","1743","190","139","modes"
"ranking-team","팀 대전 랭킹","icon-sword-24","assets/placed/2f37f0487b559d4738.png","assets/icons/sword.png","","512","1753","60","60","107","22","","","","",""
"ranking-team","팀 대전 랭킹","text-25","assets/text/37a71f4045908e9a35.png","","전투","452","1792","180","44","84","23","","","","",""
"ranking-team","팀 대전 랭킹","nav-hit-26","","","","651","1743","190","139","38","24","651","1743","190","139","shop"
"ranking-team","팀 대전 랭킹","icon-shop-27","assets/placed/48f9aabd0f0ed93c20.png","assets/icons/shop.png","","716","1753","60","60","107","25","","","","",""
"ranking-team","팀 대전 랭킹","text-28","assets/text/e93cf34436b725b2bc.png","","상점","453","1792","180","44","84","26","","","","",""
"ranking-team","팀 대전 랭킹","active-tab-29","assets/placed/f669ab757bc5fc9425.png","assets/ui/panel-mint.png","","855","1744","190","135","41","27","","","","",""
"ranking-team","팀 대전 랭킹","nav-hit-30","","","","855","1743","190","139","38","28","855","1743","190","139","ranking"
"ranking-team","팀 대전 랭킹","icon-trophy-31","assets/placed/f021e42cfce953f174.png","assets/icons/trophy.png","","920","1753","60","60","107","29","","","","",""
"ranking-team","팀 대전 랭킹","text-32","assets/text/ae295d719fe151b0fc.png","","랭킹","861","1790","180","44","86","30","","","","",""
"ranking-team","팀 대전 랭킹","button-33","assets/placed/fda2fbf8115782f1b9.png","assets/ui/button-mint-normal.png","","48","250","318","82","1588","31","48","225","318","132",""
"ranking-team","팀 대전 랭킹","text-34","assets/text/cbcd0a893449768118.png","","전체","65","259","286","48","1613","32","","","","",""
"ranking-team","팀 대전 랭킹","button-35","assets/placed/c91c38b96ae935da3e.png","assets/ui/button-cream-normal.png","","376","250","318","82","1588","33","376","225","318","132",""
"ranking-team","팀 대전 랭킹","text-36","assets/text/392bbeda37f6533728.png","","친구","392","260","286","48","1612","34","","","","",""
"ranking-team","팀 대전 랭킹","button-37","assets/placed/c91c38b96ae935da3e.png","assets/ui/button-cream-normal.png","","704","250","318","82","1588","35","704","225","318","132",""
"ranking-team","팀 대전 랭킹","text-38","assets/text/bb95425f848d9eff58.png","","지역","721","260","286","48","1612","36","","","","",""
"ranking-team","팀 대전 랭킹","button-39","assets/placed/f459f9b215820c486e.png","assets/ui/button-cream-normal.png","","736","350","296","78","1492","37","736","323","296","132","ranking-types"
"ranking-team","팀 대전 랭킹","text-40","assets/text/efb41f8907459d18ec.png","","랭킹 종류","752","358","264","48","1514","38","","","","",""
"ranking-team","팀 대전 랭킹","subtitle-back-text-41","assets/placed/58ceaa5b4f282ef83c.png","assets/ui/panel-cream.png","","56","356","618","76","1488","39","","","","",""
"ranking-team","팀 대전 랭킹","text-41","assets/text/82759f7b1cdbd5bc84.png","","시즌 01","70","364","590","63","1493","40","","","","",""
"ranking-team","팀 대전 랭킹","shadow-cat-tank-42","assets/placed/be30390fb07e105bff.png","assets/ui/ground-shadow.png","","123","756","188","31","1133","41","","","","",""
"ranking-team","팀 대전 랭킹","cat-tank-42","assets/placed/a35030099b1e4a49a0.png","assets/characters/cat-tank.png","","90","519","254","254","1147","42","","","","",""
"ranking-team","팀 대전 랭킹","panel-43","assets/placed/165dbbda7e9c803a4a.png","assets/ui/panel-lavender.png","","90","743","252","157","1020","43","","","","",""
"ranking-team","팀 대전 랭킹","text-44","assets/text/b783aaeb2210811003.png","","2","106","783","222","78","1059","44","","","","",""
"ranking-team","팀 대전 랭킹","text-45","assets/text/0932cff2e0d253ad17.png","","달빛냥","95","800","242","42","1078","45","","","","",""
"ranking-team","팀 대전 랭킹","shadow-cat-warrior-46","assets/placed/be30390fb07e105bff.png","assets/ui/ground-shadow.png","","447","692","188","31","1197","46","","","","",""
"ranking-team","팀 대전 랭킹","cat-warrior-46","assets/placed/8cab299bd017535aa5.png","assets/characters/cat-warrior.png","","414","455","254","254","1211","47","","","","",""
"ranking-team","팀 대전 랭킹","panel-47","assets/placed/7ced75c3bf5b99ca7e.png","assets/ui/panel-peach.png","","414","679","252","157","1084","48","","","","",""
"ranking-team","팀 대전 랭킹","text-48","assets/text/3c5542185425d94df9.png","","1","429","718","222","78","1124","49","","","","",""
"ranking-team","팀 대전 랭킹","text-49","assets/text/b2ae9daa9c8b3a0ead.png","","냥이대장","419","736","242","42","1142","50","","","","",""
"ranking-team","팀 대전 랭킹","shadow-cat-archer-50","assets/placed/be30390fb07e105bff.png","assets/ui/ground-shadow.png","","771","756","188","31","1133","51","","","","",""
"ranking-team","팀 대전 랭킹","cat-archer-50","assets/placed/42e68661a303191efd.png","assets/characters/cat-archer.png","","738","519","254","254","1147","52","","","","",""
"ranking-team","팀 대전 랭킹","panel-51","assets/placed/7ced75c3bf5b99ca7e.png","assets/ui/panel-peach.png","","738","743","252","157","1020","53","","","","",""
"ranking-team","팀 대전 랭킹","text-52","assets/text/2f2b16bdd1b5f8e3e7.png","","3","754","782","222","78","1060","54","","","","",""
"ranking-team","팀 대전 랭킹","text-53","assets/text/e3e715adcd127bce07.png","","호박냥","743","800","242","42","1078","55","","","","",""
"ranking-team","팀 대전 랭킹","panel-54","assets/placed/5bfd5f1ea84dccf122.png","assets/ui/panel-cream.png","","48","960","984","120","840","56","","","","",""
"ranking-team","팀 대전 랭킹","text-55","assets/text/96a385c3ccb79521b8.png","","4","78","991","65","53","876","57","","","","",""
"ranking-team","팀 대전 랭킹","cat-warrior-56","assets/placed/24d32613bc05d3bbb4.png","assets/characters/cat-warrior.png","","160","964","103","103","853","58","","","","",""
"ranking-team","팀 대전 랭킹","text-57","assets/text/3ae61c2d81bf1841c7.png","","구름냥","300","994","380","48","878","59","","","","",""
"ranking-team","팀 대전 랭킹","text-58","assets/text/d52ee9e171fe281071.png","","2100 팀 트로피","650","997","328","41","882","60","","","","",""
"ranking-team","팀 대전 랭킹","rank-hit-59","","","","48","960","984","120","840","61","48","960","984","120","ranking-profile"
"ranking-team","팀 대전 랭킹","panel-60","assets/placed/5bfd5f1ea84dccf122.png","assets/ui/panel-cream.png","","48","1096","984","120","704","62","","","","",""
"ranking-team","팀 대전 랭킹","text-61","assets/text/ead2dab25aadfa8c75.png","","5","78","1127","65","53","740","63","","","","",""
"ranking-team","팀 대전 랭킹","cat-tank-62","assets/placed/0b2052d1573831aa6b.png","assets/characters/cat-tank.png","","160","1100","103","103","717","64","","","","",""
"ranking-team","팀 대전 랭킹","text-63","assets/text/5e3839886c9c5345b4.png","","별빛냥","300","1130","380","48","742","65","","","","",""
"ranking-team","팀 대전 랭킹","text-64","assets/text/9132d7ddbee969b27f.png","","1980 팀 트로피","650","1133","328","41","746","66","","","","",""
"ranking-team","팀 대전 랭킹","rank-hit-65","","","","48","1096","984","120","704","67","48","1096","984","120","ranking-profile"
"ranking-team","팀 대전 랭킹","panel-66","assets/placed/5bfd5f1ea84dccf122.png","assets/ui/panel-cream.png","","48","1232","984","120","568","68","","","","",""
"ranking-team","팀 대전 랭킹","text-67","assets/text/f673473d1febbfe88e.png","","6","78","1263","65","53","604","69","","","","",""
"ranking-team","팀 대전 랭킹","cat-archer-68","assets/placed/0bc240b719841fb688.png","assets/characters/cat-archer.png","","160","1236","103","103","581","70","","","","",""
"ranking-team","팀 대전 랭킹","text-69","assets/text/ffcff12e1961ebb7ef.png","","고등어냥","300","1266","380","48","606","71","","","","",""
"ranking-team","팀 대전 랭킹","text-70","assets/text/503b8cc53fb5aac95d.png","","1920 팀 트로피","650","1269","328","41","610","72","","","","",""
"ranking-team","팀 대전 랭킹","rank-hit-71","","","","48","1232","984","120","568","73","48","1232","984","120","ranking-profile"
"ranking-team","팀 대전 랭킹","panel-72","assets/placed/5bfd5f1ea84dccf122.png","assets/ui/panel-cream.png","","48","1368","984","120","432","74","","","","",""
"ranking-team","팀 대전 랭킹","text-73","assets/text/ebb1956743a4a2588a.png","","7","78","1399","65","53","468","75","","","","",""
"ranking-team","팀 대전 랭킹","cat-healer-74","assets/placed/be4945e8a4ad496a45.png","assets/characters/cat-healer.png","","160","1372","103","103","445","76","","","","",""
"ranking-team","팀 대전 랭킹","text-75","assets/text/5e34a7a98755529917.png","","초코냥","300","1402","380","48","470","77","","","","",""
"ranking-team","팀 대전 랭킹","text-76","assets/text/01dbe9da36be6a0cae.png","","1850 팀 트로피","650","1405","328","41","474","78","","","","",""
"ranking-team","팀 대전 랭킹","rank-hit-77","","","","48","1368","984","120","432","79","48","1368","984","120","ranking-profile"
"ranking-team","팀 대전 랭킹","panel-78","assets/placed/bcc90dce4bde1f4c65.png","assets/ui/panel-mint.png","","48","1524","984","128","268","80","","","","",""
"ranking-team","팀 대전 랭킹","text-79","assets/text/43585524d24fef304a.png","","내 순위 128","80","1563","390","51","306","81","","","","",""
"ranking-team","팀 대전 랭킹","text-80","assets/text/1f1f524066c55f727d.png","","머지집사 · 1,280","500","1567","480","45","308","82","","","","",""
"ranking-boss","월드보스 랭킹","background-1","assets/placed/348bc5b287f1eee990.png","assets/backgrounds/town.png","","0","0","1080","1920","0","0","","","","",""
"ranking-boss","월드보스 랭킹","resource-bar-3","assets/placed/67b2bb1183ebc40ed1.png","assets/ui/panel-cream.png","","30","28","1020","90","1802","1","","","","",""
"ranking-boss","월드보스 랭킹","title-bar-4","assets/placed/21cf35d5dcee417b8d.png","assets/ui/panel-cream.png","","30","128","1020","104","1688","2","","","","",""
"ranking-boss","월드보스 랭킹","icon-energy-5","assets/placed/9fa198e8f4245dbd0f.png","assets/icons/energy.png","","52","43","54","54","1823","3","","","","",""
"ranking-boss","월드보스 랭킹","text-6","assets/text/4f65a133e0ebec885a.png","","40/50","113","50","195","47","1823","4","","","","",""
"ranking-boss","월드보스 랭킹","icon-gold-7","assets/placed/0274a23a232ef47921.png","assets/icons/gold.png","","368","43","54","54","1823","5","","","","",""
"ranking-boss","월드보스 랭킹","text-8","assets/text/ed149040bb71721e2c.png","","12,500","429","50","195","47","1823","6","","","","",""
"ranking-boss","월드보스 랭킹","icon-gem-9","assets/placed/e238412bd856f270d9.png","assets/icons/gem.png","","684","43","54","54","1823","7","","","","",""
"ranking-boss","월드보스 랭킹","text-10","assets/text/b710de3b8f0ad3e447.png","","320","745","50","195","47","1823","8","","","","",""
"ranking-boss","월드보스 랭킹","button-11","assets/placed/a55e725f8d802af4a0.png","assets/ui/button-cream-normal.png","","38","138","76","76","1706","9","10","110","132","132","modes"
"ranking-boss","월드보스 랭킹","icon-back-12","assets/placed/dc05be2a4b9c6fda0c.png","assets/icons/back.png","","48","141","56","56","1723","10","","","","",""
"ranking-boss","월드보스 랭킹","text-13","assets/text/b449b4068b8e55a743.png","","월드보스 랭킹","138","143","742","65","1712","11","","","","",""
"ranking-boss","월드보스 랭킹","button-14","assets/placed/a55e725f8d802af4a0.png","assets/ui/button-cream-normal.png","","958","138","76","76","1706","12","930","110","132","132","settings"
"ranking-boss","월드보스 랭킹","icon-gear-15","assets/placed/71b09a6dc991d6f600.png","assets/icons/gear.png","","968","141","56","56","1723","13","","","","",""
"ranking-boss","월드보스 랭킹","bottom-nav-16","assets/placed/8a8204f9fa1fc6115b.png","assets/ui/panel-cream.png","","24","1734","1032","160","26","14","","","","",""
"ranking-boss","월드보스 랭킹","nav-hit-17","","","","39","1743","190","139","38","15","39","1743","190","139","workshop"
"ranking-boss","월드보스 랭킹","icon-forge-18","assets/placed/12ef2fd983b0f617f0.png","assets/icons/forge.png","","105","1753","60","60","107","16","","","","",""
"ranking-boss","월드보스 랭킹","text-19","assets/text/0d36b2df9353d9a6a4.png","","대장간","452","1792","180","44","84","17","","","","",""
"ranking-boss","월드보스 랭킹","nav-hit-20","","","","243","1743","190","139","38","18","243","1743","190","139","cats"
"ranking-boss","월드보스 랭킹","icon-cat-21","assets/placed/75618a37a684a9366c.png","assets/icons/cat.png","","308","1753","60","60","107","19","","","","",""
"ranking-boss","월드보스 랭킹","text-22","assets/text/b2c2d20f3863ead9e4.png","","고양이","453","1792","180","44","84","20","","","","",""
"ranking-boss","월드보스 랭킹","nav-hit-23","","","","447","1743","190","139","38","21","447","1743","190","139","modes"
"ranking-boss","월드보스 랭킹","icon-sword-24","assets/placed/2f37f0487b559d4738.png","assets/icons/sword.png","","512","1753","60","60","107","22","","","","",""
"ranking-boss","월드보스 랭킹","text-25","assets/text/37a71f4045908e9a35.png","","전투","452","1792","180","44","84","23","","","","",""
"ranking-boss","월드보스 랭킹","nav-hit-26","","","","651","1743","190","139","38","24","651","1743","190","139","shop"
"ranking-boss","월드보스 랭킹","icon-shop-27","assets/placed/48f9aabd0f0ed93c20.png","assets/icons/shop.png","","716","1753","60","60","107","25","","","","",""
"ranking-boss","월드보스 랭킹","text-28","assets/text/e93cf34436b725b2bc.png","","상점","453","1792","180","44","84","26","","","","",""
"ranking-boss","월드보스 랭킹","active-tab-29","assets/placed/f669ab757bc5fc9425.png","assets/ui/panel-mint.png","","855","1744","190","135","41","27","","","","",""
"ranking-boss","월드보스 랭킹","nav-hit-30","","","","855","1743","190","139","38","28","855","1743","190","139","ranking"
"ranking-boss","월드보스 랭킹","icon-trophy-31","assets/placed/f021e42cfce953f174.png","assets/icons/trophy.png","","920","1753","60","60","107","29","","","","",""
"ranking-boss","월드보스 랭킹","text-32","assets/text/ae295d719fe151b0fc.png","","랭킹","861","1790","180","44","86","30","","","","",""
"ranking-boss","월드보스 랭킹","button-33","assets/placed/fda2fbf8115782f1b9.png","assets/ui/button-mint-normal.png","","48","250","318","82","1588","31","48","225","318","132",""
"ranking-boss","월드보스 랭킹","text-34","assets/text/cbcd0a893449768118.png","","전체","65","259","286","48","1613","32","","","","",""
"ranking-boss","월드보스 랭킹","button-35","assets/placed/c91c38b96ae935da3e.png","assets/ui/button-cream-normal.png","","376","250","318","82","1588","33","376","225","318","132",""
"ranking-boss","월드보스 랭킹","text-36","assets/text/392bbeda37f6533728.png","","친구","392","260","286","48","1612","34","","","","",""
"ranking-boss","월드보스 랭킹","button-37","assets/placed/c91c38b96ae935da3e.png","assets/ui/button-cream-normal.png","","704","250","318","82","1588","35","704","225","318","132",""
"ranking-boss","월드보스 랭킹","text-38","assets/text/bb95425f848d9eff58.png","","지역","721","260","286","48","1612","36","","","","",""
"ranking-boss","월드보스 랭킹","button-39","assets/placed/f459f9b215820c486e.png","assets/ui/button-cream-normal.png","","736","350","296","78","1492","37","736","323","296","132","ranking-types"
"ranking-boss","월드보스 랭킹","text-40","assets/text/efb41f8907459d18ec.png","","랭킹 종류","752","358","264","48","1514","38","","","","",""
"ranking-boss","월드보스 랭킹","subtitle-back-text-41","assets/placed/58ceaa5b4f282ef83c.png","assets/ui/panel-cream.png","","56","356","618","76","1488","39","","","","",""
"ranking-boss","월드보스 랭킹","text-41","assets/text/82759f7b1cdbd5bc84.png","","시즌 01","70","364","590","63","1493","40","","","","",""
"ranking-boss","월드보스 랭킹","shadow-cat-tank-42","assets/placed/be30390fb07e105bff.png","assets/ui/ground-shadow.png","","123","756","188","31","1133","41","","","","",""
"ranking-boss","월드보스 랭킹","cat-tank-42","assets/placed/a35030099b1e4a49a0.png","assets/characters/cat-tank.png","","90","519","254","254","1147","42","","","","",""
"ranking-boss","월드보스 랭킹","panel-43","assets/placed/165dbbda7e9c803a4a.png","assets/ui/panel-lavender.png","","90","743","252","157","1020","43","","","","",""
"ranking-boss","월드보스 랭킹","text-44","assets/text/b783aaeb2210811003.png","","2","106","783","222","78","1059","44","","","","",""
"ranking-boss","월드보스 랭킹","text-45","assets/text/0932cff2e0d253ad17.png","","달빛냥","95","800","242","42","1078","45","","","","",""
"ranking-boss","월드보스 랭킹","shadow-cat-warrior-46","assets/placed/be30390fb07e105bff.png","assets/ui/ground-shadow.png","","447","692","188","31","1197","46","","","","",""
"ranking-boss","월드보스 랭킹","cat-warrior-46","assets/placed/8cab299bd017535aa5.png","assets/characters/cat-warrior.png","","414","455","254","254","1211","47","","","","",""
"ranking-boss","월드보스 랭킹","panel-47","assets/placed/7ced75c3bf5b99ca7e.png","assets/ui/panel-peach.png","","414","679","252","157","1084","48","","","","",""
"ranking-boss","월드보스 랭킹","text-48","assets/text/3c5542185425d94df9.png","","1","429","718","222","78","1124","49","","","","",""
"ranking-boss","월드보스 랭킹","text-49","assets/text/b2ae9daa9c8b3a0ead.png","","냥이대장","419","736","242","42","1142","50","","","","",""
"ranking-boss","월드보스 랭킹","shadow-cat-archer-50","assets/placed/be30390fb07e105bff.png","assets/ui/ground-shadow.png","","771","756","188","31","1133","51","","","","",""
"ranking-boss","월드보스 랭킹","cat-archer-50","assets/placed/42e68661a303191efd.png","assets/characters/cat-archer.png","","738","519","254","254","1147","52","","","","",""
"ranking-boss","월드보스 랭킹","panel-51","assets/placed/7ced75c3bf5b99ca7e.png","assets/ui/panel-peach.png","","738","743","252","157","1020","53","","","","",""
"ranking-boss","월드보스 랭킹","text-52","assets/text/2f2b16bdd1b5f8e3e7.png","","3","754","782","222","78","1060","54","","","","",""
"ranking-boss","월드보스 랭킹","text-53","assets/text/e3e715adcd127bce07.png","","호박냥","743","800","242","42","1078","55","","","","",""
"ranking-boss","월드보스 랭킹","panel-54","assets/placed/5bfd5f1ea84dccf122.png","assets/ui/panel-cream.png","","48","960","984","120","840","56","","","","",""
"ranking-boss","월드보스 랭킹","text-55","assets/text/96a385c3ccb79521b8.png","","4","78","991","65","53","876","57","","","","",""
"ranking-boss","월드보스 랭킹","cat-warrior-56","assets/placed/24d32613bc05d3bbb4.png","assets/characters/cat-warrior.png","","160","964","103","103","853","58","","","","",""
"ranking-boss","월드보스 랭킹","text-57","assets/text/3ae61c2d81bf1841c7.png","","구름냥","300","994","380","48","878","59","","","","",""
"ranking-boss","월드보스 랭킹","text-58","assets/text/235c16b03d28a6da37.png","","2100 피해","650","997","328","41","882","60","","","","",""
"ranking-boss","월드보스 랭킹","rank-hit-59","","","","48","960","984","120","840","61","48","960","984","120","ranking-profile"
"ranking-boss","월드보스 랭킹","panel-60","assets/placed/5bfd5f1ea84dccf122.png","assets/ui/panel-cream.png","","48","1096","984","120","704","62","","","","",""
"ranking-boss","월드보스 랭킹","text-61","assets/text/ead2dab25aadfa8c75.png","","5","78","1127","65","53","740","63","","","","",""
"ranking-boss","월드보스 랭킹","cat-tank-62","assets/placed/0b2052d1573831aa6b.png","assets/characters/cat-tank.png","","160","1100","103","103","717","64","","","","",""
"ranking-boss","월드보스 랭킹","text-63","assets/text/5e3839886c9c5345b4.png","","별빛냥","300","1130","380","48","742","65","","","","",""
"ranking-boss","월드보스 랭킹","text-64","assets/text/93b5e9c833c16a5350.png","","1980 피해","650","1133","328","41","746","66","","","","",""
"ranking-boss","월드보스 랭킹","rank-hit-65","","","","48","1096","984","120","704","67","48","1096","984","120","ranking-profile"
"ranking-boss","월드보스 랭킹","panel-66","assets/placed/5bfd5f1ea84dccf122.png","assets/ui/panel-cream.png","","48","1232","984","120","568","68","","","","",""
"ranking-boss","월드보스 랭킹","text-67","assets/text/f673473d1febbfe88e.png","","6","78","1263","65","53","604","69","","","","",""
"ranking-boss","월드보스 랭킹","cat-archer-68","assets/placed/0bc240b719841fb688.png","assets/characters/cat-archer.png","","160","1236","103","103","581","70","","","","",""
"ranking-boss","월드보스 랭킹","text-69","assets/text/ffcff12e1961ebb7ef.png","","고등어냥","300","1266","380","48","606","71","","","","",""
"ranking-boss","월드보스 랭킹","text-70","assets/text/93aa342b31db0a8f5c.png","","1920 피해","650","1269","328","41","610","72","","","","",""
"ranking-boss","월드보스 랭킹","rank-hit-71","","","","48","1232","984","120","568","73","48","1232","984","120","ranking-profile"
"ranking-boss","월드보스 랭킹","panel-72","assets/placed/5bfd5f1ea84dccf122.png","assets/ui/panel-cream.png","","48","1368","984","120","432","74","","","","",""
"ranking-boss","월드보스 랭킹","text-73","assets/text/ebb1956743a4a2588a.png","","7","78","1399","65","53","468","75","","","","",""
"ranking-boss","월드보스 랭킹","cat-healer-74","assets/placed/be4945e8a4ad496a45.png","assets/characters/cat-healer.png","","160","1372","103","103","445","76","","","","",""
"ranking-boss","월드보스 랭킹","text-75","assets/text/5e34a7a98755529917.png","","초코냥","300","1402","380","48","470","77","","","","",""
"ranking-boss","월드보스 랭킹","text-76","assets/text/f3d6d44589076ea6a8.png","","1850 피해","650","1405","328","41","474","78","","","","",""
"ranking-boss","월드보스 랭킹","rank-hit-77","","","","48","1368","984","120","432","79","48","1368","984","120","ranking-profile"
"ranking-boss","월드보스 랭킹","panel-78","assets/placed/bcc90dce4bde1f4c65.png","assets/ui/panel-mint.png","","48","1524","984","128","268","80","","","","",""
"ranking-boss","월드보스 랭킹","text-79","assets/text/43585524d24fef304a.png","","내 순위 128","80","1563","390","51","306","81","","","","",""
"ranking-boss","월드보스 랭킹","text-80","assets/text/1f1f524066c55f727d.png","","머지집사 · 1,280","500","1567","480","45","308","82","","","","",""
"ranking-tower","무한의 탑 랭킹","background-1","assets/placed/348bc5b287f1eee990.png","assets/backgrounds/town.png","","0","0","1080","1920","0","0","","","","",""
"ranking-tower","무한의 탑 랭킹","resource-bar-3","assets/placed/67b2bb1183ebc40ed1.png","assets/ui/panel-cream.png","","30","28","1020","90","1802","1","","","","",""
"ranking-tower","무한의 탑 랭킹","title-bar-4","assets/placed/21cf35d5dcee417b8d.png","assets/ui/panel-cream.png","","30","128","1020","104","1688","2","","","","",""
"ranking-tower","무한의 탑 랭킹","icon-energy-5","assets/placed/9fa198e8f4245dbd0f.png","assets/icons/energy.png","","52","43","54","54","1823","3","","","","",""
"ranking-tower","무한의 탑 랭킹","text-6","assets/text/4f65a133e0ebec885a.png","","40/50","113","50","195","47","1823","4","","","","",""
"ranking-tower","무한의 탑 랭킹","icon-gold-7","assets/placed/0274a23a232ef47921.png","assets/icons/gold.png","","368","43","54","54","1823","5","","","","",""
"ranking-tower","무한의 탑 랭킹","text-8","assets/text/ed149040bb71721e2c.png","","12,500","429","50","195","47","1823","6","","","","",""
"ranking-tower","무한의 탑 랭킹","icon-gem-9","assets/placed/e238412bd856f270d9.png","assets/icons/gem.png","","684","43","54","54","1823","7","","","","",""
"ranking-tower","무한의 탑 랭킹","text-10","assets/text/b710de3b8f0ad3e447.png","","320","745","50","195","47","1823","8","","","","",""
"ranking-tower","무한의 탑 랭킹","button-11","assets/placed/a55e725f8d802af4a0.png","assets/ui/button-cream-normal.png","","38","138","76","76","1706","9","10","110","132","132","modes"
"ranking-tower","무한의 탑 랭킹","icon-back-12","assets/placed/dc05be2a4b9c6fda0c.png","assets/icons/back.png","","48","141","56","56","1723","10","","","","",""
"ranking-tower","무한의 탑 랭킹","text-13","assets/text/b755d4e839b7159389.png","","무한의 탑 랭킹","138","143","742","65","1712","11","","","","",""
"ranking-tower","무한의 탑 랭킹","button-14","assets/placed/a55e725f8d802af4a0.png","assets/ui/button-cream-normal.png","","958","138","76","76","1706","12","930","110","132","132","settings"
"ranking-tower","무한의 탑 랭킹","icon-gear-15","assets/placed/71b09a6dc991d6f600.png","assets/icons/gear.png","","968","141","56","56","1723","13","","","","",""
"ranking-tower","무한의 탑 랭킹","bottom-nav-16","assets/placed/8a8204f9fa1fc6115b.png","assets/ui/panel-cream.png","","24","1734","1032","160","26","14","","","","",""
"ranking-tower","무한의 탑 랭킹","nav-hit-17","","","","39","1743","190","139","38","15","39","1743","190","139","workshop"
"ranking-tower","무한의 탑 랭킹","icon-forge-18","assets/placed/12ef2fd983b0f617f0.png","assets/icons/forge.png","","105","1753","60","60","107","16","","","","",""
"ranking-tower","무한의 탑 랭킹","text-19","assets/text/0d36b2df9353d9a6a4.png","","대장간","452","1792","180","44","84","17","","","","",""
"ranking-tower","무한의 탑 랭킹","nav-hit-20","","","","243","1743","190","139","38","18","243","1743","190","139","cats"
"ranking-tower","무한의 탑 랭킹","icon-cat-21","assets/placed/75618a37a684a9366c.png","assets/icons/cat.png","","308","1753","60","60","107","19","","","","",""
"ranking-tower","무한의 탑 랭킹","text-22","assets/text/b2c2d20f3863ead9e4.png","","고양이","453","1792","180","44","84","20","","","","",""
"ranking-tower","무한의 탑 랭킹","nav-hit-23","","","","447","1743","190","139","38","21","447","1743","190","139","modes"
"ranking-tower","무한의 탑 랭킹","icon-sword-24","assets/placed/2f37f0487b559d4738.png","assets/icons/sword.png","","512","1753","60","60","107","22","","","","",""
"ranking-tower","무한의 탑 랭킹","text-25","assets/text/37a71f4045908e9a35.png","","전투","452","1792","180","44","84","23","","","","",""
"ranking-tower","무한의 탑 랭킹","nav-hit-26","","","","651","1743","190","139","38","24","651","1743","190","139","shop"
"ranking-tower","무한의 탑 랭킹","icon-shop-27","assets/placed/48f9aabd0f0ed93c20.png","assets/icons/shop.png","","716","1753","60","60","107","25","","","","",""
"ranking-tower","무한의 탑 랭킹","text-28","assets/text/e93cf34436b725b2bc.png","","상점","453","1792","180","44","84","26","","","","",""
"ranking-tower","무한의 탑 랭킹","active-tab-29","assets/placed/f669ab757bc5fc9425.png","assets/ui/panel-mint.png","","855","1744","190","135","41","27","","","","",""
"ranking-tower","무한의 탑 랭킹","nav-hit-30","","","","855","1743","190","139","38","28","855","1743","190","139","ranking"
"ranking-tower","무한의 탑 랭킹","icon-trophy-31","assets/placed/f021e42cfce953f174.png","assets/icons/trophy.png","","920","1753","60","60","107","29","","","","",""
"ranking-tower","무한의 탑 랭킹","text-32","assets/text/ae295d719fe151b0fc.png","","랭킹","861","1790","180","44","86","30","","","","",""
"ranking-tower","무한의 탑 랭킹","button-33","assets/placed/fda2fbf8115782f1b9.png","assets/ui/button-mint-normal.png","","48","250","318","82","1588","31","48","225","318","132",""
"ranking-tower","무한의 탑 랭킹","text-34","assets/text/cbcd0a893449768118.png","","전체","65","259","286","48","1613","32","","","","",""
"ranking-tower","무한의 탑 랭킹","button-35","assets/placed/c91c38b96ae935da3e.png","assets/ui/button-cream-normal.png","","376","250","318","82","1588","33","376","225","318","132",""
"ranking-tower","무한의 탑 랭킹","text-36","assets/text/392bbeda37f6533728.png","","친구","392","260","286","48","1612","34","","","","",""
"ranking-tower","무한의 탑 랭킹","button-37","assets/placed/c91c38b96ae935da3e.png","assets/ui/button-cream-normal.png","","704","250","318","82","1588","35","704","225","318","132",""
"ranking-tower","무한의 탑 랭킹","text-38","assets/text/bb95425f848d9eff58.png","","지역","721","260","286","48","1612","36","","","","",""
"ranking-tower","무한의 탑 랭킹","button-39","assets/placed/f459f9b215820c486e.png","assets/ui/button-cream-normal.png","","736","350","296","78","1492","37","736","323","296","132","ranking-types"
"ranking-tower","무한의 탑 랭킹","text-40","assets/text/efb41f8907459d18ec.png","","랭킹 종류","752","358","264","48","1514","38","","","","",""
"ranking-tower","무한의 탑 랭킹","subtitle-back-text-41","assets/placed/58ceaa5b4f282ef83c.png","assets/ui/panel-cream.png","","56","356","618","76","1488","39","","","","",""
"ranking-tower","무한의 탑 랭킹","text-41","assets/text/82759f7b1cdbd5bc84.png","","시즌 01","70","364","590","63","1493","40","","","","",""
"ranking-tower","무한의 탑 랭킹","shadow-cat-tank-42","assets/placed/be30390fb07e105bff.png","assets/ui/ground-shadow.png","","123","756","188","31","1133","41","","","","",""
"ranking-tower","무한의 탑 랭킹","cat-tank-42","assets/placed/a35030099b1e4a49a0.png","assets/characters/cat-tank.png","","90","519","254","254","1147","42","","","","",""
"ranking-tower","무한의 탑 랭킹","panel-43","assets/placed/165dbbda7e9c803a4a.png","assets/ui/panel-lavender.png","","90","743","252","157","1020","43","","","","",""
"ranking-tower","무한의 탑 랭킹","text-44","assets/text/b783aaeb2210811003.png","","2","106","783","222","78","1059","44","","","","",""
"ranking-tower","무한의 탑 랭킹","text-45","assets/text/0932cff2e0d253ad17.png","","달빛냥","95","800","242","42","1078","45","","","","",""
"ranking-tower","무한의 탑 랭킹","shadow-cat-warrior-46","assets/placed/be30390fb07e105bff.png","assets/ui/ground-shadow.png","","447","692","188","31","1197","46","","","","",""
"ranking-tower","무한의 탑 랭킹","cat-warrior-46","assets/placed/8cab299bd017535aa5.png","assets/characters/cat-warrior.png","","414","455","254","254","1211","47","","","","",""
"ranking-tower","무한의 탑 랭킹","panel-47","assets/placed/7ced75c3bf5b99ca7e.png","assets/ui/panel-peach.png","","414","679","252","157","1084","48","","","","",""
"ranking-tower","무한의 탑 랭킹","text-48","assets/text/3c5542185425d94df9.png","","1","429","718","222","78","1124","49","","","","",""
"ranking-tower","무한의 탑 랭킹","text-49","assets/text/b2ae9daa9c8b3a0ead.png","","냥이대장","419","736","242","42","1142","50","","","","",""
"ranking-tower","무한의 탑 랭킹","shadow-cat-archer-50","assets/placed/be30390fb07e105bff.png","assets/ui/ground-shadow.png","","771","756","188","31","1133","51","","","","",""
"ranking-tower","무한의 탑 랭킹","cat-archer-50","assets/placed/42e68661a303191efd.png","assets/characters/cat-archer.png","","738","519","254","254","1147","52","","","","",""
"ranking-tower","무한의 탑 랭킹","panel-51","assets/placed/7ced75c3bf5b99ca7e.png","assets/ui/panel-peach.png","","738","743","252","157","1020","53","","","","",""
"ranking-tower","무한의 탑 랭킹","text-52","assets/text/2f2b16bdd1b5f8e3e7.png","","3","754","782","222","78","1060","54","","","","",""
"ranking-tower","무한의 탑 랭킹","text-53","assets/text/e3e715adcd127bce07.png","","호박냥","743","800","242","42","1078","55","","","","",""
"ranking-tower","무한의 탑 랭킹","panel-54","assets/placed/5bfd5f1ea84dccf122.png","assets/ui/panel-cream.png","","48","960","984","120","840","56","","","","",""
"ranking-tower","무한의 탑 랭킹","text-55","assets/text/96a385c3ccb79521b8.png","","4","78","991","65","53","876","57","","","","",""
"ranking-tower","무한의 탑 랭킹","cat-warrior-56","assets/placed/24d32613bc05d3bbb4.png","assets/characters/cat-warrior.png","","160","964","103","103","853","58","","","","",""
"ranking-tower","무한의 탑 랭킹","text-57","assets/text/3ae61c2d81bf1841c7.png","","구름냥","300","994","380","48","878","59","","","","",""
"ranking-tower","무한의 탑 랭킹","text-58","assets/text/ea1d6cd12947c2b512.png","","2100 층","650","997","328","41","882","60","","","","",""
"ranking-tower","무한의 탑 랭킹","rank-hit-59","","","","48","960","984","120","840","61","48","960","984","120","ranking-profile"
"ranking-tower","무한의 탑 랭킹","panel-60","assets/placed/5bfd5f1ea84dccf122.png","assets/ui/panel-cream.png","","48","1096","984","120","704","62","","","","",""
"ranking-tower","무한의 탑 랭킹","text-61","assets/text/ead2dab25aadfa8c75.png","","5","78","1127","65","53","740","63","","","","",""
"ranking-tower","무한의 탑 랭킹","cat-tank-62","assets/placed/0b2052d1573831aa6b.png","assets/characters/cat-tank.png","","160","1100","103","103","717","64","","","","",""
"ranking-tower","무한의 탑 랭킹","text-63","assets/text/5e3839886c9c5345b4.png","","별빛냥","300","1130","380","48","742","65","","","","",""
"ranking-tower","무한의 탑 랭킹","text-64","assets/text/1bd1d27a06af2e1d9d.png","","1980 층","650","1133","328","41","746","66","","","","",""
"ranking-tower","무한의 탑 랭킹","rank-hit-65","","","","48","1096","984","120","704","67","48","1096","984","120","ranking-profile"
"ranking-tower","무한의 탑 랭킹","panel-66","assets/placed/5bfd5f1ea84dccf122.png","assets/ui/panel-cream.png","","48","1232","984","120","568","68","","","","",""
"ranking-tower","무한의 탑 랭킹","text-67","assets/text/f673473d1febbfe88e.png","","6","78","1263","65","53","604","69","","","","",""
"ranking-tower","무한의 탑 랭킹","cat-archer-68","assets/placed/0bc240b719841fb688.png","assets/characters/cat-archer.png","","160","1236","103","103","581","70","","","","",""
"ranking-tower","무한의 탑 랭킹","text-69","assets/text/ffcff12e1961ebb7ef.png","","고등어냥","300","1266","380","48","606","71","","","","",""
"ranking-tower","무한의 탑 랭킹","text-70","assets/text/5ada243b1d9c61fa65.png","","1920 층","650","1269","328","41","610","72","","","","",""
"ranking-tower","무한의 탑 랭킹","rank-hit-71","","","","48","1232","984","120","568","73","48","1232","984","120","ranking-profile"
"ranking-tower","무한의 탑 랭킹","panel-72","assets/placed/5bfd5f1ea84dccf122.png","assets/ui/panel-cream.png","","48","1368","984","120","432","74","","","","",""
"ranking-tower","무한의 탑 랭킹","text-73","assets/text/ebb1956743a4a2588a.png","","7","78","1399","65","53","468","75","","","","",""
"ranking-tower","무한의 탑 랭킹","cat-healer-74","assets/placed/be4945e8a4ad496a45.png","assets/characters/cat-healer.png","","160","1372","103","103","445","76","","","","",""
"ranking-tower","무한의 탑 랭킹","text-75","assets/text/5e34a7a98755529917.png","","초코냥","300","1402","380","48","470","77","","","","",""
"ranking-tower","무한의 탑 랭킹","text-76","assets/text/157e97192f3e839f61.png","","1850 층","650","1405","328","41","474","78","","","","",""
"ranking-tower","무한의 탑 랭킹","rank-hit-77","","","","48","1368","984","120","432","79","48","1368","984","120","ranking-profile"
"ranking-tower","무한의 탑 랭킹","panel-78","assets/placed/bcc90dce4bde1f4c65.png","assets/ui/panel-mint.png","","48","1524","984","128","268","80","","","","",""
"ranking-tower","무한의 탑 랭킹","text-79","assets/text/43585524d24fef304a.png","","내 순위 128","80","1563","390","51","306","81","","","","",""
"ranking-tower","무한의 탑 랭킹","text-80","assets/text/1f1f524066c55f727d.png","","머지집사 · 1,280","500","1567","480","45","308","82","","","","",""
"ranking-power","전투력 랭킹","background-1","assets/placed/348bc5b287f1eee990.png","assets/backgrounds/town.png","","0","0","1080","1920","0","0","","","","",""
"ranking-power","전투력 랭킹","resource-bar-3","assets/placed/67b2bb1183ebc40ed1.png","assets/ui/panel-cream.png","","30","28","1020","90","1802","1","","","","",""
"ranking-power","전투력 랭킹","title-bar-4","assets/placed/21cf35d5dcee417b8d.png","assets/ui/panel-cream.png","","30","128","1020","104","1688","2","","","","",""
"ranking-power","전투력 랭킹","icon-energy-5","assets/placed/9fa198e8f4245dbd0f.png","assets/icons/energy.png","","52","43","54","54","1823","3","","","","",""
"ranking-power","전투력 랭킹","text-6","assets/text/4f65a133e0ebec885a.png","","40/50","113","50","195","47","1823","4","","","","",""
"ranking-power","전투력 랭킹","icon-gold-7","assets/placed/0274a23a232ef47921.png","assets/icons/gold.png","","368","43","54","54","1823","5","","","","",""
"ranking-power","전투력 랭킹","text-8","assets/text/ed149040bb71721e2c.png","","12,500","429","50","195","47","1823","6","","","","",""
"ranking-power","전투력 랭킹","icon-gem-9","assets/placed/e238412bd856f270d9.png","assets/icons/gem.png","","684","43","54","54","1823","7","","","","",""
"ranking-power","전투력 랭킹","text-10","assets/text/b710de3b8f0ad3e447.png","","320","745","50","195","47","1823","8","","","","",""
"ranking-power","전투력 랭킹","button-11","assets/placed/a55e725f8d802af4a0.png","assets/ui/button-cream-normal.png","","38","138","76","76","1706","9","10","110","132","132","modes"
"ranking-power","전투력 랭킹","icon-back-12","assets/placed/dc05be2a4b9c6fda0c.png","assets/icons/back.png","","48","141","56","56","1723","10","","","","",""
"ranking-power","전투력 랭킹","text-13","assets/text/6bd67b64402aec46c1.png","","전투력 랭킹","138","143","742","65","1712","11","","","","",""
"ranking-power","전투력 랭킹","button-14","assets/placed/a55e725f8d802af4a0.png","assets/ui/button-cream-normal.png","","958","138","76","76","1706","12","930","110","132","132","settings"
"ranking-power","전투력 랭킹","icon-gear-15","assets/placed/71b09a6dc991d6f600.png","assets/icons/gear.png","","968","141","56","56","1723","13","","","","",""
"ranking-power","전투력 랭킹","bottom-nav-16","assets/placed/8a8204f9fa1fc6115b.png","assets/ui/panel-cream.png","","24","1734","1032","160","26","14","","","","",""
"ranking-power","전투력 랭킹","nav-hit-17","","","","39","1743","190","139","38","15","39","1743","190","139","workshop"
"ranking-power","전투력 랭킹","icon-forge-18","assets/placed/12ef2fd983b0f617f0.png","assets/icons/forge.png","","105","1753","60","60","107","16","","","","",""
"ranking-power","전투력 랭킹","text-19","assets/text/0d36b2df9353d9a6a4.png","","대장간","452","1792","180","44","84","17","","","","",""
"ranking-power","전투력 랭킹","nav-hit-20","","","","243","1743","190","139","38","18","243","1743","190","139","cats"
"ranking-power","전투력 랭킹","icon-cat-21","assets/placed/75618a37a684a9366c.png","assets/icons/cat.png","","308","1753","60","60","107","19","","","","",""
"ranking-power","전투력 랭킹","text-22","assets/text/b2c2d20f3863ead9e4.png","","고양이","453","1792","180","44","84","20","","","","",""
"ranking-power","전투력 랭킹","nav-hit-23","","","","447","1743","190","139","38","21","447","1743","190","139","modes"
"ranking-power","전투력 랭킹","icon-sword-24","assets/placed/2f37f0487b559d4738.png","assets/icons/sword.png","","512","1753","60","60","107","22","","","","",""
"ranking-power","전투력 랭킹","text-25","assets/text/37a71f4045908e9a35.png","","전투","452","1792","180","44","84","23","","","","",""
"ranking-power","전투력 랭킹","nav-hit-26","","","","651","1743","190","139","38","24","651","1743","190","139","shop"
"ranking-power","전투력 랭킹","icon-shop-27","assets/placed/48f9aabd0f0ed93c20.png","assets/icons/shop.png","","716","1753","60","60","107","25","","","","",""
"ranking-power","전투력 랭킹","text-28","assets/text/e93cf34436b725b2bc.png","","상점","453","1792","180","44","84","26","","","","",""
"ranking-power","전투력 랭킹","active-tab-29","assets/placed/f669ab757bc5fc9425.png","assets/ui/panel-mint.png","","855","1744","190","135","41","27","","","","",""
"ranking-power","전투력 랭킹","nav-hit-30","","","","855","1743","190","139","38","28","855","1743","190","139","ranking"
"ranking-power","전투력 랭킹","icon-trophy-31","assets/placed/f021e42cfce953f174.png","assets/icons/trophy.png","","920","1753","60","60","107","29","","","","",""
"ranking-power","전투력 랭킹","text-32","assets/text/ae295d719fe151b0fc.png","","랭킹","861","1790","180","44","86","30","","","","",""
"ranking-power","전투력 랭킹","button-33","assets/placed/fda2fbf8115782f1b9.png","assets/ui/button-mint-normal.png","","48","250","318","82","1588","31","48","225","318","132",""
"ranking-power","전투력 랭킹","text-34","assets/text/cbcd0a893449768118.png","","전체","65","259","286","48","1613","32","","","","",""
"ranking-power","전투력 랭킹","button-35","assets/placed/c91c38b96ae935da3e.png","assets/ui/button-cream-normal.png","","376","250","318","82","1588","33","376","225","318","132",""
"ranking-power","전투력 랭킹","text-36","assets/text/392bbeda37f6533728.png","","친구","392","260","286","48","1612","34","","","","",""
"ranking-power","전투력 랭킹","button-37","assets/placed/c91c38b96ae935da3e.png","assets/ui/button-cream-normal.png","","704","250","318","82","1588","35","704","225","318","132",""
"ranking-power","전투력 랭킹","text-38","assets/text/bb95425f848d9eff58.png","","지역","721","260","286","48","1612","36","","","","",""
"ranking-power","전투력 랭킹","button-39","assets/placed/f459f9b215820c486e.png","assets/ui/button-cream-normal.png","","736","350","296","78","1492","37","736","323","296","132","ranking-types"
"ranking-power","전투력 랭킹","text-40","assets/text/efb41f8907459d18ec.png","","랭킹 종류","752","358","264","48","1514","38","","","","",""
"ranking-power","전투력 랭킹","subtitle-back-text-41","assets/placed/58ceaa5b4f282ef83c.png","assets/ui/panel-cream.png","","56","356","618","76","1488","39","","","","",""
"ranking-power","전투력 랭킹","text-41","assets/text/82759f7b1cdbd5bc84.png","","시즌 01","70","364","590","63","1493","40","","","","",""
"ranking-power","전투력 랭킹","shadow-cat-tank-42","assets/placed/be30390fb07e105bff.png","assets/ui/ground-shadow.png","","123","756","188","31","1133","41","","","","",""
"ranking-power","전투력 랭킹","cat-tank-42","assets/placed/a35030099b1e4a49a0.png","assets/characters/cat-tank.png","","90","519","254","254","1147","42","","","","",""
"ranking-power","전투력 랭킹","panel-43","assets/placed/165dbbda7e9c803a4a.png","assets/ui/panel-lavender.png","","90","743","252","157","1020","43","","","","",""
"ranking-power","전투력 랭킹","text-44","assets/text/b783aaeb2210811003.png","","2","106","783","222","78","1059","44","","","","",""
"ranking-power","전투력 랭킹","text-45","assets/text/0932cff2e0d253ad17.png","","달빛냥","95","800","242","42","1078","45","","","","",""
"ranking-power","전투력 랭킹","shadow-cat-warrior-46","assets/placed/be30390fb07e105bff.png","assets/ui/ground-shadow.png","","447","692","188","31","1197","46","","","","",""
"ranking-power","전투력 랭킹","cat-warrior-46","assets/placed/8cab299bd017535aa5.png","assets/characters/cat-warrior.png","","414","455","254","254","1211","47","","","","",""
"ranking-power","전투력 랭킹","panel-47","assets/placed/7ced75c3bf5b99ca7e.png","assets/ui/panel-peach.png","","414","679","252","157","1084","48","","","","",""
"ranking-power","전투력 랭킹","text-48","assets/text/3c5542185425d94df9.png","","1","429","718","222","78","1124","49","","","","",""
"ranking-power","전투력 랭킹","text-49","assets/text/b2ae9daa9c8b3a0ead.png","","냥이대장","419","736","242","42","1142","50","","","","",""
"ranking-power","전투력 랭킹","shadow-cat-archer-50","assets/placed/be30390fb07e105bff.png","assets/ui/ground-shadow.png","","771","756","188","31","1133","51","","","","",""
"ranking-power","전투력 랭킹","cat-archer-50","assets/placed/42e68661a303191efd.png","assets/characters/cat-archer.png","","738","519","254","254","1147","52","","","","",""
"ranking-power","전투력 랭킹","panel-51","assets/placed/7ced75c3bf5b99ca7e.png","assets/ui/panel-peach.png","","738","743","252","157","1020","53","","","","",""
"ranking-power","전투력 랭킹","text-52","assets/text/2f2b16bdd1b5f8e3e7.png","","3","754","782","222","78","1060","54","","","","",""
"ranking-power","전투력 랭킹","text-53","assets/text/e3e715adcd127bce07.png","","호박냥","743","800","242","42","1078","55","","","","",""
"ranking-power","전투력 랭킹","panel-54","assets/placed/5bfd5f1ea84dccf122.png","assets/ui/panel-cream.png","","48","960","984","120","840","56","","","","",""
"ranking-power","전투력 랭킹","text-55","assets/text/96a385c3ccb79521b8.png","","4","78","991","65","53","876","57","","","","",""
"ranking-power","전투력 랭킹","cat-warrior-56","assets/placed/24d32613bc05d3bbb4.png","assets/characters/cat-warrior.png","","160","964","103","103","853","58","","","","",""
"ranking-power","전투력 랭킹","text-57","assets/text/3ae61c2d81bf1841c7.png","","구름냥","300","994","380","48","878","59","","","","",""
"ranking-power","전투력 랭킹","text-58","assets/text/3d7404146bf9fddead.png","","2100 전투력","650","997","328","41","882","60","","","","",""
"ranking-power","전투력 랭킹","rank-hit-59","","","","48","960","984","120","840","61","48","960","984","120","ranking-profile"
"ranking-power","전투력 랭킹","panel-60","assets/placed/5bfd5f1ea84dccf122.png","assets/ui/panel-cream.png","","48","1096","984","120","704","62","","","","",""
"ranking-power","전투력 랭킹","text-61","assets/text/ead2dab25aadfa8c75.png","","5","78","1127","65","53","740","63","","","","",""
"ranking-power","전투력 랭킹","cat-tank-62","assets/placed/0b2052d1573831aa6b.png","assets/characters/cat-tank.png","","160","1100","103","103","717","64","","","","",""
"ranking-power","전투력 랭킹","text-63","assets/text/5e3839886c9c5345b4.png","","별빛냥","300","1130","380","48","742","65","","","","",""
"ranking-power","전투력 랭킹","text-64","assets/text/33ca68ff6b6e527a31.png","","1980 전투력","650","1133","328","41","746","66","","","","",""
"ranking-power","전투력 랭킹","rank-hit-65","","","","48","1096","984","120","704","67","48","1096","984","120","ranking-profile"
"ranking-power","전투력 랭킹","panel-66","assets/placed/5bfd5f1ea84dccf122.png","assets/ui/panel-cream.png","","48","1232","984","120","568","68","","","","",""
"ranking-power","전투력 랭킹","text-67","assets/text/f673473d1febbfe88e.png","","6","78","1263","65","53","604","69","","","","",""
"ranking-power","전투력 랭킹","cat-archer-68","assets/placed/0bc240b719841fb688.png","assets/characters/cat-archer.png","","160","1236","103","103","581","70","","","","",""
"ranking-power","전투력 랭킹","text-69","assets/text/ffcff12e1961ebb7ef.png","","고등어냥","300","1266","380","48","606","71","","","","",""
"ranking-power","전투력 랭킹","text-70","assets/text/6ad7e301fa1a0a6071.png","","1920 전투력","650","1269","328","41","610","72","","","","",""
"ranking-power","전투력 랭킹","rank-hit-71","","","","48","1232","984","120","568","73","48","1232","984","120","ranking-profile"
"ranking-power","전투력 랭킹","panel-72","assets/placed/5bfd5f1ea84dccf122.png","assets/ui/panel-cream.png","","48","1368","984","120","432","74","","","","",""
"ranking-power","전투력 랭킹","text-73","assets/text/ebb1956743a4a2588a.png","","7","78","1399","65","53","468","75","","","","",""
"ranking-power","전투력 랭킹","cat-healer-74","assets/placed/be4945e8a4ad496a45.png","assets/characters/cat-healer.png","","160","1372","103","103","445","76","","","","",""
"ranking-power","전투력 랭킹","text-75","assets/text/5e34a7a98755529917.png","","초코냥","300","1402","380","48","470","77","","","","",""
"ranking-power","전투력 랭킹","text-76","assets/text/7ff3d100c918fcce91.png","","1850 전투력","650","1405","328","41","474","78","","","","",""
"ranking-power","전투력 랭킹","rank-hit-77","","","","48","1368","984","120","432","79","48","1368","984","120","ranking-profile"
"ranking-power","전투력 랭킹","panel-78","assets/placed/bcc90dce4bde1f4c65.png","assets/ui/panel-mint.png","","48","1524","984","128","268","80","","","","",""
"ranking-power","전투력 랭킹","text-79","assets/text/43585524d24fef304a.png","","내 순위 128","80","1563","390","51","306","81","","","","",""
"ranking-power","전투력 랭킹","text-80","assets/text/1f1f524066c55f727d.png","","머지집사 · 1,280","500","1567","480","45","308","82","","","","",""
"ranking-types","랭킹 선택","background-1","assets/placed/348bc5b287f1eee990.png","assets/backgrounds/town.png","","0","0","1080","1920","0","0","","","","",""
"ranking-types","랭킹 선택","resource-bar-3","assets/placed/67b2bb1183ebc40ed1.png","assets/ui/panel-cream.png","","30","28","1020","90","1802","1","","","","",""
"ranking-types","랭킹 선택","title-bar-4","assets/placed/21cf35d5dcee417b8d.png","assets/ui/panel-cream.png","","30","128","1020","104","1688","2","","","","",""
"ranking-types","랭킹 선택","icon-energy-5","assets/placed/9fa198e8f4245dbd0f.png","assets/icons/energy.png","","52","43","54","54","1823","3","","","","",""
"ranking-types","랭킹 선택","text-6","assets/text/4f65a133e0ebec885a.png","","40/50","113","50","195","47","1823","4","","","","",""
"ranking-types","랭킹 선택","icon-gold-7","assets/placed/0274a23a232ef47921.png","assets/icons/gold.png","","368","43","54","54","1823","5","","","","",""
"ranking-types","랭킹 선택","text-8","assets/text/ed149040bb71721e2c.png","","12,500","429","50","195","47","1823","6","","","","",""
"ranking-types","랭킹 선택","icon-gem-9","assets/placed/e238412bd856f270d9.png","assets/icons/gem.png","","684","43","54","54","1823","7","","","","",""
"ranking-types","랭킹 선택","text-10","assets/text/b710de3b8f0ad3e447.png","","320","745","50","195","47","1823","8","","","","",""
"ranking-types","랭킹 선택","button-11","assets/placed/a55e725f8d802af4a0.png","assets/ui/button-cream-normal.png","","38","138","76","76","1706","9","10","110","132","132","ranking"
"ranking-types","랭킹 선택","icon-back-12","assets/placed/dc05be2a4b9c6fda0c.png","assets/icons/back.png","","48","141","56","56","1723","10","","","","",""
"ranking-types","랭킹 선택","text-13","assets/text/559494cec2c96282dc.png","","랭킹 선택","138","143","742","65","1712","11","","","","",""
"ranking-types","랭킹 선택","button-14","assets/placed/a55e725f8d802af4a0.png","assets/ui/button-cream-normal.png","","958","138","76","76","1706","12","930","110","132","132","settings"
"ranking-types","랭킹 선택","icon-gear-15","assets/placed/71b09a6dc991d6f600.png","assets/icons/gear.png","","968","141","56","56","1723","13","","","","",""
"ranking-types","랭킹 선택","bottom-nav-16","assets/placed/8a8204f9fa1fc6115b.png","assets/ui/panel-cream.png","","24","1734","1032","160","26","14","","","","",""
"ranking-types","랭킹 선택","nav-hit-17","","","","39","1743","190","139","38","15","39","1743","190","139","workshop"
"ranking-types","랭킹 선택","icon-forge-18","assets/placed/12ef2fd983b0f617f0.png","assets/icons/forge.png","","105","1753","60","60","107","16","","","","",""
"ranking-types","랭킹 선택","text-19","assets/text/0d36b2df9353d9a6a4.png","","대장간","452","1792","180","44","84","17","","","","",""
"ranking-types","랭킹 선택","nav-hit-20","","","","243","1743","190","139","38","18","243","1743","190","139","cats"
"ranking-types","랭킹 선택","icon-cat-21","assets/placed/75618a37a684a9366c.png","assets/icons/cat.png","","308","1753","60","60","107","19","","","","",""
"ranking-types","랭킹 선택","text-22","assets/text/b2c2d20f3863ead9e4.png","","고양이","453","1792","180","44","84","20","","","","",""
"ranking-types","랭킹 선택","nav-hit-23","","","","447","1743","190","139","38","21","447","1743","190","139","modes"
"ranking-types","랭킹 선택","icon-sword-24","assets/placed/2f37f0487b559d4738.png","assets/icons/sword.png","","512","1753","60","60","107","22","","","","",""
"ranking-types","랭킹 선택","text-25","assets/text/37a71f4045908e9a35.png","","전투","452","1792","180","44","84","23","","","","",""
"ranking-types","랭킹 선택","nav-hit-26","","","","651","1743","190","139","38","24","651","1743","190","139","shop"
"ranking-types","랭킹 선택","icon-shop-27","assets/placed/48f9aabd0f0ed93c20.png","assets/icons/shop.png","","716","1753","60","60","107","25","","","","",""
"ranking-types","랭킹 선택","text-28","assets/text/e93cf34436b725b2bc.png","","상점","453","1792","180","44","84","26","","","","",""
"ranking-types","랭킹 선택","active-tab-29","assets/placed/f669ab757bc5fc9425.png","assets/ui/panel-mint.png","","855","1744","190","135","41","27","","","","",""
"ranking-types","랭킹 선택","nav-hit-30","","","","855","1743","190","139","38","28","855","1743","190","139","ranking"
"ranking-types","랭킹 선택","icon-trophy-31","assets/placed/f021e42cfce953f174.png","assets/icons/trophy.png","","920","1753","60","60","107","29","","","","",""
"ranking-types","랭킹 선택","text-32","assets/text/ae295d719fe151b0fc.png","","랭킹","861","1790","180","44","86","30","","","","",""
"ranking-types","랭킹 선택","panel-33","assets/placed/4405b4a78e9acda39f.png","assets/ui/panel-cream.png","","48","260","984","148","1512","31","","","","",""
"ranking-types","랭킹 선택","icon-sword-34","assets/placed/4ed079920ced162053.png","assets/icons/sword.png","","72","292","72","72","1556","32","","","","",""
"ranking-types","랭킹 선택","text-35","assets/text/054adb39f17aae5e63.png","","대전 랭킹","168","280","814","51","1589","33","","","","",""
"ranking-types","랭킹 선택","text-36","assets/text/a88ceba0e03acf16e9.png","","시즌 트로피","168","333","834","39","1548","34","","","","",""
"ranking-types","랭킹 선택","row-hit-37","","","","48","260","984","148","1512","35","48","260","984","148","ranking"
"ranking-types","랭킹 선택","icon-back-38","assets/placed/75eff27796b699b40d.png","assets/icons/back.png","","972","309","34","34","1577","36","","","","",""
"ranking-types","랭킹 선택","panel-39","assets/placed/4405b4a78e9acda39f.png","assets/ui/panel-cream.png","","48","430","984","148","1342","37","","","","",""
"ranking-types","랭킹 선택","icon-people-40","assets/placed/822023bb977e95c4d0.png","assets/icons/people.png","","72","462","72","72","1386","38","","","","",""
"ranking-types","랭킹 선택","text-41","assets/text/1c6123f25eb6d1cc5e.png","","팀 대전 랭킹","168","450","814","51","1419","39","","","","",""
"ranking-types","랭킹 선택","text-42","assets/text/6a1fa7358d64873da6.png","","팀 트로피","168","503","834","39","1378","40","","","","",""
"ranking-types","랭킹 선택","row-hit-43","","","","48","430","984","148","1342","41","48","430","984","148","ranking-team"
"ranking-types","랭킹 선택","icon-back-44","assets/placed/75eff27796b699b40d.png","assets/icons/back.png","","972","479","34","34","1407","42","","","","",""
"ranking-types","랭킹 선택","panel-45","assets/placed/4405b4a78e9acda39f.png","assets/ui/panel-cream.png","","48","600","984","148","1172","43","","","","",""
"ranking-types","랭킹 선택","icon-crown-46","assets/placed/e36c334847dae64c48.png","assets/icons/crown.png","","72","632","72","72","1216","44","","","","",""
"ranking-types","랭킹 선택","text-47","assets/text/a64a556b1d6ed99f31.png","","월드보스 랭킹","168","620","814","51","1249","45","","","","",""
"ranking-types","랭킹 선택","text-48","assets/text/521f447b750d5df186.png","","주간 누적 피해","168","673","834","39","1208","46","","","","",""
"ranking-types","랭킹 선택","row-hit-49","","","","48","600","984","148","1172","47","48","600","984","148","ranking-boss"
"ranking-types","랭킹 선택","icon-back-50","assets/placed/75eff27796b699b40d.png","assets/icons/back.png","","972","649","34","34","1237","48","","","","",""
"ranking-types","랭킹 선택","panel-51","assets/placed/4405b4a78e9acda39f.png","assets/ui/panel-cream.png","","48","770","984","148","1002","49","","","","",""
"ranking-types","랭킹 선택","icon-trophy-52","assets/placed/bfdc290d6960908a18.png","assets/icons/trophy.png","","72","802","72","72","1046","50","","","","",""
"ranking-types","랭킹 선택","text-53","assets/text/f3f3f75beae2a8afc0.png","","무한의 탑 랭킹","168","790","814","51","1079","51","","","","",""
"ranking-types","랭킹 선택","text-54","assets/text/7777751e16b90368ea.png","","주간 최고 도달 층","168","843","834","39","1038","52","","","","",""
"ranking-types","랭킹 선택","row-hit-55","","","","48","770","984","148","1002","53","48","770","984","148","ranking-tower"
"ranking-types","랭킹 선택","icon-back-56","assets/placed/75eff27796b699b40d.png","assets/icons/back.png","","972","819","34","34","1067","54","","","","",""
"ranking-types","랭킹 선택","panel-57","assets/placed/4405b4a78e9acda39f.png","assets/ui/panel-cream.png","","48","940","984","148","832","55","","","","",""
"ranking-types","랭킹 선택","icon-star-58","assets/placed/dabcc98c00c0b5e5ef.png","assets/icons/star.png","","72","972","72","72","876","56","","","","",""
"ranking-types","랭킹 선택","text-59","assets/text/06691aa175f14a7b55.png","","전투력 랭킹","168","960","814","51","909","57","","","","",""
"ranking-types","랭킹 선택","text-60","assets/text/34b2b1a9bb687669e1.png","","계정 총 전투력","168","1013","834","39","868","58","","","","",""
"ranking-types","랭킹 선택","row-hit-61","","","","48","940","984","148","832","59","48","940","984","148","ranking-power"
"ranking-types","랭킹 선택","icon-back-62","assets/placed/75eff27796b699b40d.png","assets/icons/back.png","","972","989","34","34","897","60","","","","",""
"ranking-profile","집사 프로필","background-1","assets/placed/348bc5b287f1eee990.png","assets/backgrounds/town.png","","0","0","1080","1920","0","0","","","","",""
"ranking-profile","집사 프로필","resource-bar-3","assets/placed/67b2bb1183ebc40ed1.png","assets/ui/panel-cream.png","","30","28","1020","90","1802","1","","","","",""
"ranking-profile","집사 프로필","title-bar-4","assets/placed/21cf35d5dcee417b8d.png","assets/ui/panel-cream.png","","30","128","1020","104","1688","2","","","","",""
"ranking-profile","집사 프로필","icon-energy-5","assets/placed/9fa198e8f4245dbd0f.png","assets/icons/energy.png","","52","43","54","54","1823","3","","","","",""
"ranking-profile","집사 프로필","text-6","assets/text/4f65a133e0ebec885a.png","","40/50","113","50","195","47","1823","4","","","","",""
"ranking-profile","집사 프로필","icon-gold-7","assets/placed/0274a23a232ef47921.png","assets/icons/gold.png","","368","43","54","54","1823","5","","","","",""
"ranking-profile","집사 프로필","text-8","assets/text/ed149040bb71721e2c.png","","12,500","429","50","195","47","1823","6","","","","",""
"ranking-profile","집사 프로필","icon-gem-9","assets/placed/e238412bd856f270d9.png","assets/icons/gem.png","","684","43","54","54","1823","7","","","","",""
"ranking-profile","집사 프로필","text-10","assets/text/b710de3b8f0ad3e447.png","","320","745","50","195","47","1823","8","","","","",""
"ranking-profile","집사 프로필","button-11","assets/placed/a55e725f8d802af4a0.png","assets/ui/button-cream-normal.png","","38","138","76","76","1706","9","10","110","132","132","ranking"
"ranking-profile","집사 프로필","icon-back-12","assets/placed/dc05be2a4b9c6fda0c.png","assets/icons/back.png","","48","141","56","56","1723","10","","","","",""
"ranking-profile","집사 프로필","text-13","assets/text/a164feb8318a18a89e.png","","집사 프로필","138","143","742","65","1712","11","","","","",""
"ranking-profile","집사 프로필","button-14","assets/placed/a55e725f8d802af4a0.png","assets/ui/button-cream-normal.png","","958","138","76","76","1706","12","930","110","132","132","settings"
"ranking-profile","집사 프로필","icon-gear-15","assets/placed/71b09a6dc991d6f600.png","assets/icons/gear.png","","968","141","56","56","1723","13","","","","",""
"ranking-profile","집사 프로필","bottom-nav-16","assets/placed/8a8204f9fa1fc6115b.png","assets/ui/panel-cream.png","","24","1734","1032","160","26","14","","","","",""
"ranking-profile","집사 프로필","nav-hit-17","","","","39","1743","190","139","38","15","39","1743","190","139","workshop"
"ranking-profile","집사 프로필","icon-forge-18","assets/placed/12ef2fd983b0f617f0.png","assets/icons/forge.png","","105","1753","60","60","107","16","","","","",""
"ranking-profile","집사 프로필","text-19","assets/text/0d36b2df9353d9a6a4.png","","대장간","452","1792","180","44","84","17","","","","",""
"ranking-profile","집사 프로필","nav-hit-20","","","","243","1743","190","139","38","18","243","1743","190","139","cats"
"ranking-profile","집사 프로필","icon-cat-21","assets/placed/75618a37a684a9366c.png","assets/icons/cat.png","","308","1753","60","60","107","19","","","","",""
"ranking-profile","집사 프로필","text-22","assets/text/b2c2d20f3863ead9e4.png","","고양이","453","1792","180","44","84","20","","","","",""
"ranking-profile","집사 프로필","nav-hit-23","","","","447","1743","190","139","38","21","447","1743","190","139","modes"
"ranking-profile","집사 프로필","icon-sword-24","assets/placed/2f37f0487b559d4738.png","assets/icons/sword.png","","512","1753","60","60","107","22","","","","",""
"ranking-profile","집사 프로필","text-25","assets/text/37a71f4045908e9a35.png","","전투","452","1792","180","44","84","23","","","","",""
"ranking-profile","집사 프로필","nav-hit-26","","","","651","1743","190","139","38","24","651","1743","190","139","shop"
"ranking-profile","집사 프로필","icon-shop-27","assets/placed/48f9aabd0f0ed93c20.png","assets/icons/shop.png","","716","1753","60","60","107","25","","","","",""
"ranking-profile","집사 프로필","text-28","assets/text/e93cf34436b725b2bc.png","","상점","453","1792","180","44","84","26","","","","",""
"ranking-profile","집사 프로필","active-tab-29","assets/placed/f669ab757bc5fc9425.png","assets/ui/panel-mint.png","","855","1744","190","135","41","27","","","","",""
"ranking-profile","집사 프로필","nav-hit-30","","","","855","1743","190","139","38","28","855","1743","190","139","ranking"
"ranking-profile","집사 프로필","icon-trophy-31","assets/placed/f021e42cfce953f174.png","assets/icons/trophy.png","","920","1753","60","60","107","29","","","","",""
"ranking-profile","집사 프로필","text-32","assets/text/ae295d719fe151b0fc.png","","랭킹","861","1790","180","44","86","30","","","","",""
"ranking-profile","집사 프로필","panel-33","assets/placed/13fdae704bc07e4965.png","assets/ui/panel-mint.png","","48","250","984","365","1305","31","","","","",""
"ranking-profile","집사 프로필","text-34","assets/text/f6ef9a0a693b52a6a6.png","","달빛냥","82","280","600","65","1575","32","","","","",""
"ranking-profile","집사 프로필","text-35","assets/text/ce5dd612892d437153.png","","실버 발톱 II · 전투력 3,450","82","342","650","42","1536","33","","","","",""
"ranking-profile","집사 프로필","shadow-cat-archer-36","assets/placed/29cf6c496bb3e07a5b.png","assets/ui/ground-shadow.png","","686","593","207","31","1296","34","","","","",""
"ranking-profile","집사 프로필","cat-archer-36","assets/placed/1bdbb853bd03e74c95.png","assets/characters/cat-archer.png","","650","330","280","280","1310","35","","","","",""
"ranking-profile","집사 프로필","subtitle-back-text-37","assets/placed/b480c09427c3adad9d.png","assets/ui/panel-cream.png","","40","652","778","66","1202","36","","","","",""
"ranking-profile","집사 프로필","text-37","assets/text/4a5413e0af3f60db20.png","","출전 고양이","54","660","750","53","1207","37","","","","",""
"ranking-profile","집사 프로필","panel-38","assets/placed/86ef5f8034c43bdc33.png","assets/ui/panel-cream.png","","48","740","984","375","805","38","","","","",""
"ranking-profile","집사 프로필","shadow-cat-archer-39","assets/placed/de53213d1f347eb5f3.png","assets/ui/ground-shadow.png","","169","1031","211","31","858","39","","","","",""
"ranking-profile","집사 프로필","cat-archer-39","assets/placed/c5736b98f7b655ae1b.png","assets/characters/cat-archer.png","","132","763","285","285","872","40","","","","",""
"ranking-profile","집사 프로필","shadow-cat-healer-40","assets/placed/de53213d1f347eb5f3.png","assets/ui/ground-shadow.png","","683","1031","211","31","858","41","","","","",""
"ranking-profile","집사 프로필","cat-healer-40","assets/placed/67c9b23fd873de0f0e.png","assets/characters/cat-healer.png","","646","763","285","285","872","42","","","","",""
"ranking-profile","집사 프로필","text-41","assets/text/b9944efdcfc9ff6368.png","","궁사냥이 Lv.22","80","1040","400","42","838","43","","","","",""
"ranking-profile","집사 프로필","text-42","assets/text/c794d6b12c92d071c0.png","","성직냥이 Lv.20","584","1040","400","42","838","44","","","","",""
"ranking-profile","집사 프로필","panel-43","assets/placed/4405b4a78e9acda39f.png","assets/ui/panel-cream.png","","48","1150","984","148","622","45","","","","",""
"ranking-profile","집사 프로필","icon-sword-44","assets/placed/4ed079920ced162053.png","assets/icons/sword.png","","72","1182","72","72","666","46","","","","",""
"ranking-profile","집사 프로필","text-45","assets/text/6c1b8a627bc7db2e34.png","","장비 구성","168","1170","814","51","699","47","","","","",""
"ranking-profile","집사 프로필","text-46","assets/text/814b574740d16d3e62.png","","활 숙련 Lv.12 · 소모품 숙련 Lv.10","168","1223","834","39","658","48","","","","",""
"ranking-profile","집사 프로필","button-47","assets/placed/b49845e6f39d61fc37.png","assets/ui/button-yellow-normal.png","","48","1390","984","110","420","49","48","1379","984","132","squad"
"ranking-profile","집사 프로필","text-48","assets/text/26482ceff678fd9041.png","","편성 따라 하기","65","1412","952","48","460","50","","","","",""
"ranking-profile","집사 프로필","button-49","assets/placed/0b43a922229604e831.png","assets/ui/button-mint-normal.png","","48","1540","984","104","276","51","48","1526","984","132","friends"
"ranking-profile","집사 프로필","text-50","assets/text/96b05f741f2b64578f.png","","친구 추가","64","1558","952","48","314","52","","","","",""
"season-rewards","시즌 보상","background-1","assets/placed/348bc5b287f1eee990.png","assets/backgrounds/town.png","","0","0","1080","1920","0","0","","","","",""
"season-rewards","시즌 보상","resource-bar-3","assets/placed/67b2bb1183ebc40ed1.png","assets/ui/panel-cream.png","","30","28","1020","90","1802","1","","","","",""
"season-rewards","시즌 보상","title-bar-4","assets/placed/21cf35d5dcee417b8d.png","assets/ui/panel-cream.png","","30","128","1020","104","1688","2","","","","",""
"season-rewards","시즌 보상","icon-energy-5","assets/placed/9fa198e8f4245dbd0f.png","assets/icons/energy.png","","52","43","54","54","1823","3","","","","",""
"season-rewards","시즌 보상","text-6","assets/text/4f65a133e0ebec885a.png","","40/50","113","50","195","47","1823","4","","","","",""
"season-rewards","시즌 보상","icon-gold-7","assets/placed/0274a23a232ef47921.png","assets/icons/gold.png","","368","43","54","54","1823","5","","","","",""
"season-rewards","시즌 보상","text-8","assets/text/ed149040bb71721e2c.png","","12,500","429","50","195","47","1823","6","","","","",""
"season-rewards","시즌 보상","icon-gem-9","assets/placed/e238412bd856f270d9.png","assets/icons/gem.png","","684","43","54","54","1823","7","","","","",""
"season-rewards","시즌 보상","text-10","assets/text/b710de3b8f0ad3e447.png","","320","745","50","195","47","1823","8","","","","",""
"season-rewards","시즌 보상","button-11","assets/placed/a55e725f8d802af4a0.png","assets/ui/button-cream-normal.png","","38","138","76","76","1706","9","10","110","132","132","ranking"
"season-rewards","시즌 보상","icon-back-12","assets/placed/dc05be2a4b9c6fda0c.png","assets/icons/back.png","","48","141","56","56","1723","10","","","","",""
"season-rewards","시즌 보상","text-13","assets/text/7d885272c17e59d965.png","","시즌 보상","138","143","742","65","1712","11","","","","",""
"season-rewards","시즌 보상","button-14","assets/placed/a55e725f8d802af4a0.png","assets/ui/button-cream-normal.png","","958","138","76","76","1706","12","930","110","132","132","settings"
"season-rewards","시즌 보상","icon-gear-15","assets/placed/71b09a6dc991d6f600.png","assets/icons/gear.png","","968","141","56","56","1723","13","","","","",""
"season-rewards","시즌 보상","bottom-nav-16","assets/placed/8a8204f9fa1fc6115b.png","assets/ui/panel-cream.png","","24","1734","1032","160","26","14","","","","",""
"season-rewards","시즌 보상","nav-hit-17","","","","39","1743","190","139","38","15","39","1743","190","139","workshop"
"season-rewards","시즌 보상","icon-forge-18","assets/placed/12ef2fd983b0f617f0.png","assets/icons/forge.png","","105","1753","60","60","107","16","","","","",""
"season-rewards","시즌 보상","text-19","assets/text/0d36b2df9353d9a6a4.png","","대장간","452","1792","180","44","84","17","","","","",""
"season-rewards","시즌 보상","nav-hit-20","","","","243","1743","190","139","38","18","243","1743","190","139","cats"
"season-rewards","시즌 보상","icon-cat-21","assets/placed/75618a37a684a9366c.png","assets/icons/cat.png","","308","1753","60","60","107","19","","","","",""
"season-rewards","시즌 보상","text-22","assets/text/b2c2d20f3863ead9e4.png","","고양이","453","1792","180","44","84","20","","","","",""
"season-rewards","시즌 보상","nav-hit-23","","","","447","1743","190","139","38","21","447","1743","190","139","modes"
"season-rewards","시즌 보상","icon-sword-24","assets/placed/2f37f0487b559d4738.png","assets/icons/sword.png","","512","1753","60","60","107","22","","","","",""
"season-rewards","시즌 보상","text-25","assets/text/37a71f4045908e9a35.png","","전투","452","1792","180","44","84","23","","","","",""
"season-rewards","시즌 보상","nav-hit-26","","","","651","1743","190","139","38","24","651","1743","190","139","shop"
"season-rewards","시즌 보상","icon-shop-27","assets/placed/48f9aabd0f0ed93c20.png","assets/icons/shop.png","","716","1753","60","60","107","25","","","","",""
"season-rewards","시즌 보상","text-28","assets/text/e93cf34436b725b2bc.png","","상점","453","1792","180","44","84","26","","","","",""
"season-rewards","시즌 보상","active-tab-29","assets/placed/f669ab757bc5fc9425.png","assets/ui/panel-mint.png","","855","1744","190","135","41","27","","","","",""
"season-rewards","시즌 보상","nav-hit-30","","","","855","1743","190","139","38","28","855","1743","190","139","ranking"
"season-rewards","시즌 보상","icon-trophy-31","assets/placed/f021e42cfce953f174.png","assets/icons/trophy.png","","920","1753","60","60","107","29","","","","",""
"season-rewards","시즌 보상","text-32","assets/text/ae295d719fe151b0fc.png","","랭킹","861","1790","180","44","86","30","","","","",""
"season-rewards","시즌 보상","panel-33","assets/placed/5628fdfe4dc1f8fb52.png","assets/ui/panel-peach.png","","48","248","984","250","1422","31","","","","",""
"season-rewards","시즌 보상","text-34","assets/text/54f7d61d9ad83430ad.png","","우리의 발자국이 기록돼요","82","278","600","65","1577","32","","","","",""
"season-rewards","시즌 보상","text-35","assets/text/4e776e202429bc7292.png","","종료까지 24일","82","340","650","42","1538","33","","","","",""
"season-rewards","시즌 보상","shadow-cat-warrior-36","assets/placed/29cf6c496bb3e07a5b.png","assets/ui/ground-shadow.png","","686","591","207","31","1298","34","","","","",""
"season-rewards","시즌 보상","cat-warrior-36","assets/placed/78a48d2eec5b30a5ad.png","assets/characters/cat-warrior.png","","650","328","280","280","1312","35","","","","",""
"season-rewards","시즌 보상","panel-37","assets/placed/4405b4a78e9acda39f.png","assets/ui/panel-cream.png","","48","530","984","148","1242","36","","","","",""
"season-rewards","시즌 보상","icon-trophy-38","assets/placed/bfdc290d6960908a18.png","assets/icons/trophy.png","","72","562","72","72","1286","37","","","","",""
"season-rewards","시즌 보상","text-39","assets/text/62b26e576ad73514e2.png","","현재 티어 · 실버 발톱 II","168","550","814","51","1319","38","","","","",""
"season-rewards","시즌 보상","text-40","assets/text/2174cf36bdb3448186.png","","시즌 종료 시 보상 지급","168","603","834","39","1278","39","","","","",""
"season-rewards","시즌 보상","panel-41","assets/placed/4405b4a78e9acda39f.png","assets/ui/panel-cream.png","","48","700","984","148","1072","40","","","","",""
"season-rewards","시즌 보상","icon-chest-42","assets/placed/39275b559de057d382.png","assets/icons/chest.png","","72","732","72","72","1116","41","","","","",""
"season-rewards","시즌 보상","text-43","assets/text/bd24b5eb3e0d883a8a.png","","이번 시즌 보상","168","720","814","51","1149","42","","","","",""
"season-rewards","시즌 보상","text-44","assets/text/998cb56fd1cbb585ba.png","","골드 15,000 · 보석 300 · 칭호","168","773","834","39","1108","43","","","","",""
"season-rewards","시즌 보상","row-hit-45","","","","48","700","984","148","1072","44","48","700","984","148","reward"
"season-rewards","시즌 보상","icon-back-46","assets/placed/75eff27796b699b40d.png","assets/icons/back.png","","972","749","34","34","1137","45","","","","",""
"season-rewards","시즌 보상","panel-47","assets/placed/4405b4a78e9acda39f.png","assets/ui/panel-cream.png","","48","870","984","148","902","46","","","","",""
"season-rewards","시즌 보상","icon-star-48","assets/placed/dabcc98c00c0b5e5ef.png","assets/icons/star.png","","72","902","72","72","946","47","","","","",""
"season-rewards","시즌 보상","text-49","assets/text/bf7131477c18298c51.png","","다음 티어 · 골드 발톱","168","890","814","51","979","48","","","","",""
"season-rewards","시즌 보상","text-50","assets/text/fe9b05ecfee952a5ab.png","","트로피 220점 더 모으면 승급","168","943","834","39","938","49","","","","",""
"season-rewards","시즌 보상","panel-51","assets/placed/4405b4a78e9acda39f.png","assets/ui/panel-cream.png","","48","1040","984","148","732","50","","","","",""
"season-rewards","시즌 보상","icon-scroll-52","assets/placed/56090674ff40ae1ed2.png","assets/icons/scroll.png","","72","1072","72","72","776","51","","","","",""
"season-rewards","시즌 보상","text-53","assets/text/edf22d2306e03444c0.png","","시즌 규칙","168","1060","814","51","809","52","","","","",""
"season-rewards","시즌 보상","text-54","assets/text/d85fa8e2dccdb1b94d.png","","6주 운영 · 종료 시 트로피 약 70%로 조정","168","1113","834","39","768","53","","","","",""
"shop","냥냥 상점","background","assets/placed/534bbd4e6d9b708053.png","assets/backgrounds/shop.png","","0","0","1080","1920","0","0","","","","",""
"shop","냥냥 상점","panel-cream-1","assets/placed/aeea6a9162ecca60be.png","assets/ui/panel-cream.png","","28","24","332","84","1812","1","","","","",""
"shop","냥냥 상점","energy-2","assets/placed/9fa198e8f4245dbd0f.png","assets/icons/energy.png","","45","39","54","54","1827","2","","","","",""
"shop","냥냥 상점","label-3","assets/text/fcf0369b63d5e3ae8c.png","","40/50","113","41","225","48","1831","3","","","","",""
"shop","냥냥 상점","panel-cream-4","assets/placed/aeea6a9162ecca60be.png","assets/ui/panel-cream.png","","374","24","332","84","1812","4","","","","",""
"shop","냥냥 상점","gold-5","assets/placed/0274a23a232ef47921.png","assets/icons/gold.png","","391","39","54","54","1827","5","","","","",""
"shop","냥냥 상점","label-6","assets/text/2aaefa170c707ca330.png","","12,500","459","41","225","48","1831","6","","","","",""
"shop","냥냥 상점","panel-cream-7","assets/placed/aeea6a9162ecca60be.png","assets/ui/panel-cream.png","","720","24","332","84","1812","7","","","","",""
"shop","냥냥 상점","gem-8","assets/placed/e238412bd856f270d9.png","assets/icons/gem.png","","737","39","54","54","1827","8","","","","",""
"shop","냥냥 상점","label-9","assets/text/04bf6b0176ade687be.png","","320","805","41","225","48","1831","9","","","","",""
"shop","냥냥 상점","title-banner-10","assets/placed/c7e44287f5565b282a.png","assets/ui/title-banner.png","","150","123","780","135","1662","10","","","","",""
"shop","냥냥 상점","label-11","assets/text/cc0e0925b0f1b39857.png","","냥냥 상점","184","157","714","72","1691","11","","","","",""
"shop","냥냥 상점","button-cream-normal-12","assets/placed/54145a8c7dc277b074.png","assets/ui/button-cream-normal.png","","28","140","92","92","1688","12","28","140","92","92","modes"
"shop","냥냥 상점","back-13","assets/placed/684b7bc9151e735643.png","assets/icons/back.png","","47","152","54","54","1714","13","","","","",""
"shop","냥냥 상점","button-cream-normal-14","assets/placed/54145a8c7dc277b074.png","assets/ui/button-cream-normal.png","","960","140","92","92","1688","14","960","140","92","92","settings"
"shop","냥냥 상점","gear-15","assets/placed/df1483c483c132da85.png","assets/icons/gear.png","","979","151","54","54","1715","15","","","","",""
"shop","냥냥 상점","panel-cream-16","assets/placed/01ac4c2ebc83c43078.png","assets/ui/panel-cream.png","","18","1746","1044","157","17","16","","","","",""
"shop","냥냥 상점","forge-17","assets/placed/bab1d6a5f417a1bb97.png","assets/icons/forge.png","","98","1767","70","70","83","17","","","","",""
"shop","냥냥 상점","label-18","assets/text/38a971f1dc000a8df5.png","","대장간","449","1803","182","47","70","18","","","","",""
"shop","냥냥 상점","nav-workshop","","","","33","1754","198","140","26","19","33","1754","198","140","workshop"
"shop","냥냥 상점","cat-20","assets/placed/164bb5461c096b7f70.png","assets/icons/cat.png","","301","1767","70","70","83","20","","","","",""
"shop","냥냥 상점","label-21","assets/text/7536732c62c51e71e3.png","","고양이","450","1803","182","47","70","21","","","","",""
"shop","냥냥 상점","nav-cats","","","","237","1754","198","140","26","22","237","1754","198","140","cats"
"shop","냥냥 상점","sword-23","assets/placed/efffa4b7a4db7016a9.png","assets/icons/sword.png","","505","1767","70","70","83","23","","","","",""
"shop","냥냥 상점","label-24","assets/text/36750979eee5d3d31f.png","","전투","449","1803","182","47","70","24","","","","",""
"shop","냥냥 상점","nav-modes","","","","441","1754","198","140","26","25","441","1754","198","140","modes"
"shop","냥냥 상점","panel-mint-26","assets/placed/781a57819a38fb1e94.png","assets/ui/panel-mint.png","","645","1755","198","139","26","26","","","","",""
"shop","냥냥 상점","shop-27","assets/placed/08eaabb2f272930ef7.png","assets/icons/shop.png","","710","1767","70","70","83","27","","","","",""
"shop","냥냥 상점","label-28","assets/text/1ceb9aa500e58ff2c1.png","","상점","654","1803","182","47","70","28","","","","",""
"shop","냥냥 상점","nav-shop","","","","645","1754","198","140","26","29","645","1754","198","140","shop"
"shop","냥냥 상점","trophy-30","assets/placed/1d1c0284cd20ff4bd8.png","assets/icons/trophy.png","","914","1767","70","70","83","30","","","","",""
"shop","냥냥 상점","label-31","assets/text/585230f47c36d6fa4b.png","","랭킹","450","1803","182","47","70","31","","","","",""
"shop","냥냥 상점","nav-ranking","","","","849","1754","198","140","26","32","849","1754","198","140","ranking"
"shop","냥냥 상점","subtitle-back-label-33","assets/placed/d834dbef1a88d655d3.png","assets/ui/panel-cream.png","","86","271","908","61","1588","33","","","","",""
"shop","냥냥 상점","label-33","assets/text/ee7435ce7e7757a0cd.png","","오늘의 작은 선물을 만나보세요","100","279","880","48","1593","34","","","","",""
"shop","냥냥 상점","shadow-cat-smith-34","assets/placed/9c0e2faa5dffcc26b9.png","assets/ui/ground-shadow.png","","400","697","283","31","1192","35","","","","",""
"shop","냥냥 상점","cat-smith-34","assets/placed/9e77db37ff21a7ef6f.png","assets/characters/cat-smith.png","","350","354","383","360","1206","36","","","","",""
"shop","냥냥 상점","panel-peach-35","assets/placed/18a4ab2f405ee6c501.png","assets/ui/panel-peach.png","","45","735","990","205","980","37","","","","",""
"shop","냥냥 상점","chest-36","assets/placed/07d9443e1e2e4e3868.png","assets/icons/chest.png","","65","760","151","151","1009","38","","","","",""
"shop","냥냥 상점","label-37","assets/text/6a353b25520d21bb99.png","","일일 무료 상자","242","765","700","61","1094","39","","","","",""
"shop","냥냥 상점","label-38","assets/text/a7ce645b6ef3d41552.png","","오늘의 재료 선물","244","829","494","47","1044","40","","","","",""
"shop","냥냥 상점","button-yellow-normal-39","assets/placed/9eefcb62a45125deec.png","assets/ui/button-yellow-normal.png","","791","821","212","87","1012","41","791","821","212","87","reward"
"shop","냥냥 상점","label-40","assets/text/327ab3f811a2777543.png","","받기","810","833","176","52","1035","42","","","","",""
"shop","냥냥 상점","panel-lavender-41","assets/placed/c79aed32158a63a855.png","assets/ui/panel-lavender.png","","45","977","318","399","544","43","","","","",""
"shop","냥냥 상점","gem-42","assets/placed/36cb594e737f20e085.png","assets/icons/gem.png","","109","1020","190","190","710","44","","","","",""
"shop","냥냥 상점","label-43","assets/text/cc001eda22b31fe96f.png","","보석","66","1211","278","58","651","45","","","","",""
"shop","냥냥 상점","button-yellow-normal-44","assets/placed/ddf2fcf57d23f1b10a.png","assets/ui/button-yellow-normal.png","","69","1281","270","80","559","46","69","1281","270","80","gems"
"shop","냥냥 상점","label-45","assets/text/f2406dac8301914069.png","","바로 가기","88","1291","234","52","577","47","","","","",""
"shop","냥냥 상점","panel-mint-46","assets/placed/102f45cf4c54dd766a.png","assets/ui/panel-mint.png","","381","977","318","399","544","48","","","","",""
"shop","냥냥 상점","cat-47","assets/placed/62b3065ed8fd0fe428.png","assets/icons/cat.png","","445","1020","190","190","710","49","","","","",""
"shop","냥냥 상점","label-48","assets/text/3387f921a87096e6af.png","","스킨","402","1211","278","58","651","50","","","","",""
"shop","냥냥 상점","button-yellow-normal-49","assets/placed/ddf2fcf57d23f1b10a.png","assets/ui/button-yellow-normal.png","","405","1281","270","80","559","51","405","1281","270","80","skins"
"shop","냥냥 상점","label-50","assets/text/f2406dac8301914069.png","","바로 가기","424","1291","234","52","577","52","","","","",""
"shop","냥냥 상점","panel-peach-51","assets/placed/119e0dca179660e35e.png","assets/ui/panel-peach.png","","717","977","318","399","544","53","","","","",""
"shop","냥냥 상점","item-consumable-8-gold-churu-52","assets/placed/5490d30132c7ac5f7d.png","assets/items/item-consumable-8-gold-churu.png","","781","1020","190","190","710","54","","","","",""
"shop","냥냥 상점","label-53","assets/text/2ab3cdc60d6908f216.png","","츄르 구독","737","1211","278","58","651","55","","","","",""
"shop","냥냥 상점","button-yellow-normal-54","assets/placed/ddf2fcf57d23f1b10a.png","assets/ui/button-yellow-normal.png","","741","1281","270","80","559","56","741","1281","270","80","subscription"
"shop","냥냥 상점","label-55","assets/text/f2406dac8301914069.png","","바로 가기","760","1291","234","52","577","57","","","","",""
"shop","냥냥 상점","button-cream-normal-56","assets/placed/7e5733f4bae7ad662b.png","assets/ui/button-cream-normal.png","","45","1425","476","105","390","58","45","1425","476","105","pass"
"shop","냥냥 상점","ticket-57","assets/placed/eb56516fa36d323d87.png","assets/icons/ticket.png","","185","1442","54","54","424","59","","","","",""
"shop","냥냥 상점","label-58","assets/text/605804d27680602115.png","","시즌 패스","129","1445","378","52","423","60","","","","",""
"shop","냥냥 상점","button-mint-normal-59","assets/placed/f0de1883ba0c79ce12.png","assets/ui/button-mint-normal.png","","547","1425","488","105","390","61","547","1425","488","105","mode-shop"
"shop","냥냥 상점","shop-60","assets/placed/63ba9731f4da111bd0.png","assets/icons/shop.png","","695","1441","54","54","425","62","","","","",""
"shop","냥냥 상점","label-61","assets/text/5fbe2a134d5b827e51.png","","교환 상점","629","1444","390","52","424","63","","","","",""
"shop","냥냥 상점","button-yellow-normal-62","assets/placed/15fc72336df45e24e0.png","assets/ui/button-yellow-normal.png","","45","1573","990","116","231","64","45","1573","990","116","packages"
"shop","냥냥 상점","chest-63","assets/placed/2db35ff235702ae8f1.png","assets/icons/chest.png","","382","1595","54","54","271","65","","","","",""
"shop","냥냥 상점","label-64","assets/text/72e06e6e93d4940311.png","","패키지 · 광고 제거","129","1598","892","52","270","66","","","","",""
"gems","보석 충전","background-1","assets/placed/534bbd4e6d9b708053.png","assets/backgrounds/shop.png","","0","0","1080","1920","0","0","","","","",""
"gems","보석 충전","resource-bar-3","assets/placed/67b2bb1183ebc40ed1.png","assets/ui/panel-cream.png","","30","28","1020","90","1802","1","","","","",""
"gems","보석 충전","title-bar-4","assets/placed/21cf35d5dcee417b8d.png","assets/ui/panel-cream.png","","30","128","1020","104","1688","2","","","","",""
"gems","보석 충전","icon-energy-5","assets/placed/9fa198e8f4245dbd0f.png","assets/icons/energy.png","","52","43","54","54","1823","3","","","","",""
"gems","보석 충전","text-6","assets/text/4f65a133e0ebec885a.png","","40/50","113","50","195","47","1823","4","","","","",""
"gems","보석 충전","icon-gold-7","assets/placed/0274a23a232ef47921.png","assets/icons/gold.png","","368","43","54","54","1823","5","","","","",""
"gems","보석 충전","text-8","assets/text/ed149040bb71721e2c.png","","12,500","429","50","195","47","1823","6","","","","",""
"gems","보석 충전","icon-gem-9","assets/placed/e238412bd856f270d9.png","assets/icons/gem.png","","684","43","54","54","1823","7","","","","",""
"gems","보석 충전","text-10","assets/text/b710de3b8f0ad3e447.png","","320","745","50","195","47","1823","8","","","","",""
"gems","보석 충전","button-11","assets/placed/a55e725f8d802af4a0.png","assets/ui/button-cream-normal.png","","38","138","76","76","1706","9","10","110","132","132","shop"
"gems","보석 충전","icon-back-12","assets/placed/dc05be2a4b9c6fda0c.png","assets/icons/back.png","","48","141","56","56","1723","10","","","","",""
"gems","보석 충전","text-13","assets/text/66318c6c10ad1be0d6.png","","보석 충전","138","143","742","65","1712","11","","","","",""
"gems","보석 충전","button-14","assets/placed/a55e725f8d802af4a0.png","assets/ui/button-cream-normal.png","","958","138","76","76","1706","12","930","110","132","132","settings"
"gems","보석 충전","icon-gear-15","assets/placed/71b09a6dc991d6f600.png","assets/icons/gear.png","","968","141","56","56","1723","13","","","","",""
"gems","보석 충전","bottom-nav-16","assets/placed/8a8204f9fa1fc6115b.png","assets/ui/panel-cream.png","","24","1734","1032","160","26","14","","","","",""
"gems","보석 충전","nav-hit-17","","","","39","1743","190","139","38","15","39","1743","190","139","workshop"
"gems","보석 충전","icon-forge-18","assets/placed/12ef2fd983b0f617f0.png","assets/icons/forge.png","","105","1753","60","60","107","16","","","","",""
"gems","보석 충전","text-19","assets/text/0d36b2df9353d9a6a4.png","","대장간","452","1792","180","44","84","17","","","","",""
"gems","보석 충전","nav-hit-20","","","","243","1743","190","139","38","18","243","1743","190","139","cats"
"gems","보석 충전","icon-cat-21","assets/placed/75618a37a684a9366c.png","assets/icons/cat.png","","308","1753","60","60","107","19","","","","",""
"gems","보석 충전","text-22","assets/text/b2c2d20f3863ead9e4.png","","고양이","453","1792","180","44","84","20","","","","",""
"gems","보석 충전","nav-hit-23","","","","447","1743","190","139","38","21","447","1743","190","139","modes"
"gems","보석 충전","icon-sword-24","assets/placed/2f37f0487b559d4738.png","assets/icons/sword.png","","512","1753","60","60","107","22","","","","",""
"gems","보석 충전","text-25","assets/text/37a71f4045908e9a35.png","","전투","452","1792","180","44","84","23","","","","",""
"gems","보석 충전","active-tab-26","assets/placed/f669ab757bc5fc9425.png","assets/ui/panel-mint.png","","651","1744","190","135","41","24","","","","",""
"gems","보석 충전","nav-hit-27","","","","651","1743","190","139","38","25","651","1743","190","139","shop"
"gems","보석 충전","icon-shop-28","assets/placed/48f9aabd0f0ed93c20.png","assets/icons/shop.png","","716","1753","60","60","107","26","","","","",""
"gems","보석 충전","text-29","assets/text/e93cf34436b725b2bc.png","","상점","657","1790","180","44","86","27","","","","",""
"gems","보석 충전","nav-hit-30","","","","855","1743","190","139","38","28","855","1743","190","139","ranking"
"gems","보석 충전","icon-trophy-31","assets/placed/f021e42cfce953f174.png","assets/icons/trophy.png","","920","1753","60","60","107","29","","","","",""
"gems","보석 충전","text-32","assets/text/ae295d719fe151b0fc.png","","랭킹","453","1792","180","44","84","30","","","","",""
"gems","보석 충전","subtitle-back-text-33","assets/placed/1937ea147561f4deb6.png","assets/ui/panel-cream.png","","52","254","958","63","1603","31","","","","",""
"gems","보석 충전","text-33","assets/text/bd1bd8d1a14cf50437.png","","필요한 만큼, 반짝이는 보석","66","262","930","50","1608","32","","","","",""
"gems","보석 충전","panel-34","assets/placed/e301632a7a30fdb829.png","assets/ui/panel-lavender.png","","48","350","482","386","1184","33","","","","",""
"gems","보석 충전","icon-gem-35","assets/placed/24d08bcc3395477d5a.png","assets/icons/gem.png","","204","380","165","165","1375","34","","","","",""
"gems","보석 충전","text-36","assets/text/a915bc34021d6a1233.png","","80 보석","69","553","442","54","1313","35","","","","",""
"gems","보석 충전","button-37","assets/placed/c878342e3e23d01b3c.png","assets/ui/button-yellow-normal.png","","74","626","430","86","1208","36","74","603","430","132","purchase"
"gems","보석 충전","text-38","assets/text/2f288ed8d6b7519f7d.png","","₩1,200","91","635","398","48","1237","37","","","","",""
"gems","보석 충전","panel-39","assets/placed/e301632a7a30fdb829.png","assets/ui/panel-lavender.png","","550","350","482","386","1184","38","","","","",""
"gems","보석 충전","icon-gem-40","assets/placed/24d08bcc3395477d5a.png","assets/icons/gem.png","","706","380","165","165","1375","39","","","","",""
"gems","보석 충전","text-41","assets/text/954b52b4f4d29884da.png","","400 보석","572","553","442","54","1313","40","","","","",""
"gems","보석 충전","button-42","assets/placed/c878342e3e23d01b3c.png","assets/ui/button-yellow-normal.png","","576","626","430","86","1208","41","576","603","430","132","purchase"
"gems","보석 충전","text-43","assets/text/f99cac5bb9e000c5a2.png","","₩5,900","593","635","398","48","1237","42","","","","",""
"gems","보석 충전","panel-44","assets/placed/e301632a7a30fdb829.png","assets/ui/panel-lavender.png","","48","762","482","386","772","43","","","","",""
"gems","보석 충전","icon-gem-45","assets/placed/24d08bcc3395477d5a.png","assets/icons/gem.png","","204","792","165","165","963","44","","","","",""
"gems","보석 충전","text-46","assets/text/67294042e750b9342c.png","","850 보석","69","965","442","54","901","45","","","","",""
"gems","보석 충전","button-47","assets/placed/c878342e3e23d01b3c.png","assets/ui/button-yellow-normal.png","","74","1038","430","86","796","46","74","1015","430","132","purchase"
"gems","보석 충전","text-48","assets/text/6de7d3b6b43895f3cd.png","","₩11,000","91","1047","398","48","825","47","","","","",""
"gems","보석 충전","panel-49","assets/placed/e301632a7a30fdb829.png","assets/ui/panel-lavender.png","","550","762","482","386","772","48","","","","",""
"gems","보석 충전","icon-gem-50","assets/placed/24d08bcc3395477d5a.png","assets/icons/gem.png","","706","792","165","165","963","49","","","","",""
"gems","보석 충전","text-51","assets/text/f9865ff5a5869eeff2.png","","2,400 보석","571","965","442","54","901","50","","","","",""
"gems","보석 충전","button-52","assets/placed/c878342e3e23d01b3c.png","assets/ui/button-yellow-normal.png","","576","1038","430","86","796","51","576","1015","430","132","purchase"
"gems","보석 충전","text-53","assets/text/5d547d81ca60a00577.png","","₩33,000","593","1047","398","48","825","52","","","","",""
"gems","보석 충전","panel-54","assets/placed/e301632a7a30fdb829.png","assets/ui/panel-lavender.png","","48","1174","482","386","360","53","","","","",""
"gems","보석 충전","icon-gem-55","assets/placed/24d08bcc3395477d5a.png","assets/icons/gem.png","","204","1204","165","165","551","54","","","","",""
"gems","보석 충전","text-56","assets/text/a53562d1c3210f0d54.png","","4,500 보석","70","1377","442","54","489","55","","","","",""
"gems","보석 충전","button-57","assets/placed/c878342e3e23d01b3c.png","assets/ui/button-yellow-normal.png","","74","1450","430","86","384","56","74","1427","430","132","purchase"
"gems","보석 충전","text-58","assets/text/9abc44ebe286d166c2.png","","₩55,000","91","1459","398","48","413","57","","","","",""
"gems","보석 충전","panel-59","assets/placed/e301632a7a30fdb829.png","assets/ui/panel-lavender.png","","550","1174","482","386","360","58","","","","",""
"gems","보석 충전","icon-gem-60","assets/placed/24d08bcc3395477d5a.png","assets/icons/gem.png","","706","1204","165","165","551","59","","","","",""
"gems","보석 충전","text-61","assets/text/3bcb4e2b3d168703e1.png","","10,000 보석","570","1377","442","54","489","60","","","","",""
"gems","보석 충전","button-62","assets/placed/c878342e3e23d01b3c.png","assets/ui/button-yellow-normal.png","","576","1450","430","86","384","61","576","1427","430","132","purchase"
"gems","보석 충전","text-63","assets/text/b6a52f02a754b7bf17.png","","₩119,000","593","1459","398","48","413","62","","","","",""
"gems","보석 충전","subtitle-back-text-64","assets/placed/3561bd166851703498.png","assets/ui/panel-cream.png","","46","1622","988","52","246","63","","","","",""
"gems","보석 충전","text-64","assets/text/81aee0a174873f7507.png","","가격·구성은 기획 검토용 샘플입니다","60","1629","960","39","252","64","","","","",""
"skins","스킨 옷장","background-1","assets/placed/348bc5b287f1eee990.png","assets/backgrounds/town.png","","0","0","1080","1920","0","0","","","","",""
"skins","스킨 옷장","resource-bar-3","assets/placed/67b2bb1183ebc40ed1.png","assets/ui/panel-cream.png","","30","28","1020","90","1802","1","","","","",""
"skins","스킨 옷장","title-bar-4","assets/placed/21cf35d5dcee417b8d.png","assets/ui/panel-cream.png","","30","128","1020","104","1688","2","","","","",""
"skins","스킨 옷장","icon-energy-5","assets/placed/9fa198e8f4245dbd0f.png","assets/icons/energy.png","","52","43","54","54","1823","3","","","","",""
"skins","스킨 옷장","text-6","assets/text/4f65a133e0ebec885a.png","","40/50","113","50","195","47","1823","4","","","","",""
"skins","스킨 옷장","icon-gold-7","assets/placed/0274a23a232ef47921.png","assets/icons/gold.png","","368","43","54","54","1823","5","","","","",""
"skins","스킨 옷장","text-8","assets/text/ed149040bb71721e2c.png","","12,500","429","50","195","47","1823","6","","","","",""
"skins","스킨 옷장","icon-gem-9","assets/placed/e238412bd856f270d9.png","assets/icons/gem.png","","684","43","54","54","1823","7","","","","",""
"skins","스킨 옷장","text-10","assets/text/b710de3b8f0ad3e447.png","","320","745","50","195","47","1823","8","","","","",""
"skins","스킨 옷장","button-11","assets/placed/a55e725f8d802af4a0.png","assets/ui/button-cream-normal.png","","38","138","76","76","1706","9","10","110","132","132","shop"
"skins","스킨 옷장","icon-back-12","assets/placed/dc05be2a4b9c6fda0c.png","assets/icons/back.png","","48","141","56","56","1723","10","","","","",""
"skins","스킨 옷장","text-13","assets/text/9688c34658ff915b5f.png","","스킨 옷장","138","143","742","65","1712","11","","","","",""
"skins","스킨 옷장","button-14","assets/placed/a55e725f8d802af4a0.png","assets/ui/button-cream-normal.png","","958","138","76","76","1706","12","930","110","132","132","settings"
"skins","스킨 옷장","icon-gear-15","assets/placed/71b09a6dc991d6f600.png","assets/icons/gear.png","","968","141","56","56","1723","13","","","","",""
"skins","스킨 옷장","bottom-nav-16","assets/placed/8a8204f9fa1fc6115b.png","assets/ui/panel-cream.png","","24","1734","1032","160","26","14","","","","",""
"skins","스킨 옷장","nav-hit-17","","","","39","1743","190","139","38","15","39","1743","190","139","workshop"
"skins","스킨 옷장","icon-forge-18","assets/placed/12ef2fd983b0f617f0.png","assets/icons/forge.png","","105","1753","60","60","107","16","","","","",""
"skins","스킨 옷장","text-19","assets/text/0d36b2df9353d9a6a4.png","","대장간","452","1792","180","44","84","17","","","","",""
"skins","스킨 옷장","nav-hit-20","","","","243","1743","190","139","38","18","243","1743","190","139","cats"
"skins","스킨 옷장","icon-cat-21","assets/placed/75618a37a684a9366c.png","assets/icons/cat.png","","308","1753","60","60","107","19","","","","",""
"skins","스킨 옷장","text-22","assets/text/b2c2d20f3863ead9e4.png","","고양이","453","1792","180","44","84","20","","","","",""
"skins","스킨 옷장","nav-hit-23","","","","447","1743","190","139","38","21","447","1743","190","139","modes"
"skins","스킨 옷장","icon-sword-24","assets/placed/2f37f0487b559d4738.png","assets/icons/sword.png","","512","1753","60","60","107","22","","","","",""
"skins","스킨 옷장","text-25","assets/text/37a71f4045908e9a35.png","","전투","452","1792","180","44","84","23","","","","",""
"skins","스킨 옷장","active-tab-26","assets/placed/f669ab757bc5fc9425.png","assets/ui/panel-mint.png","","651","1744","190","135","41","24","","","","",""
"skins","스킨 옷장","nav-hit-27","","","","651","1743","190","139","38","25","651","1743","190","139","shop"
"skins","스킨 옷장","icon-shop-28","assets/placed/48f9aabd0f0ed93c20.png","assets/icons/shop.png","","716","1753","60","60","107","26","","","","",""
"skins","스킨 옷장","text-29","assets/text/e93cf34436b725b2bc.png","","상점","657","1790","180","44","86","27","","","","",""
"skins","스킨 옷장","nav-hit-30","","","","855","1743","190","139","38","28","855","1743","190","139","ranking"
"skins","스킨 옷장","icon-trophy-31","assets/placed/f021e42cfce953f174.png","assets/icons/trophy.png","","920","1753","60","60","107","29","","","","",""
"skins","스킨 옷장","text-32","assets/text/ae295d719fe151b0fc.png","","랭킹","453","1792","180","44","84","30","","","","",""
"skins","스킨 옷장","button-33","assets/placed/fda2fbf8115782f1b9.png","assets/ui/button-mint-normal.png","","48","250","318","82","1588","31","48","225","318","132",""
"skins","스킨 옷장","text-34","assets/text/cb80923c105731ae8f.png","","고양이","65","259","286","48","1613","32","","","","",""
"skins","스킨 옷장","button-35","assets/placed/c91c38b96ae935da3e.png","assets/ui/button-cream-normal.png","","376","250","318","82","1588","33","376","225","318","132",""
"skins","스킨 옷장","text-36","assets/text/37f1e95ce4c3d99652.png","","대장간","391","260","286","48","1612","34","","","","",""
"skins","스킨 옷장","button-37","assets/placed/c91c38b96ae935da3e.png","assets/ui/button-cream-normal.png","","704","250","318","82","1588","35","704","225","318","132",""
"skins","스킨 옷장","text-38","assets/text/1ce1e458ce327e4b3b.png","","보급 레일","721","260","286","48","1612","36","","","","",""
"skins","스킨 옷장","panel-39","assets/placed/83da3203aa5b545f16.png","assets/ui/panel-peach.png","","48","382","482","550","988","37","","","","",""
"skins","스킨 옷장","shadow-cat-warrior-40","assets/placed/ea6630f46e8e8201db.png","assets/ui/ground-shadow.png","","171","713","237","31","1176","38","","","","",""
"skins","스킨 옷장","cat-warrior-40","assets/placed/136009ae8d122c5c4c.png","assets/characters/cat-warrior.png","","129","410","320","320","1190","39","","","","",""
"skins","스킨 옷장","text-41","assets/text/af78cef37f2a38f60d.png","","빨간 목도리","69","748","442","50","1122","40","","","","",""
"skins","스킨 옷장","button-42","assets/placed/f7b99f32a956e5569c.png","assets/ui/button-yellow-normal.png","","76","826","426","82","1012","41","76","801","426","132","skin-detail"
"skins","스킨 옷장","text-43","assets/text/cb10b6f5ca91f999f1.png","","상세 보기","93","836","394","48","1036","42","","","","",""
"skins","스킨 옷장","panel-44","assets/placed/df2d4937ea558184ce.png","assets/ui/panel-lavender.png","","550","382","482","550","988","43","","","","",""
"skins","스킨 옷장","shadow-cat-tank-45","assets/placed/ea6630f46e8e8201db.png","assets/ui/ground-shadow.png","","673","713","237","31","1176","44","","","","",""
"skins","스킨 옷장","cat-tank-45","assets/placed/b51e9044c1628e1f76.png","assets/characters/cat-tank.png","","631","410","320","320","1190","45","","","","",""
"skins","스킨 옷장","text-46","assets/text/eda7d31ca992212762.png","","포근한 수호자","570","748","442","50","1122","46","","","","",""
"skins","스킨 옷장","button-47","assets/placed/f7b99f32a956e5569c.png","assets/ui/button-yellow-normal.png","","578","826","426","82","1012","47","578","801","426","132","skin-detail"
"skins","스킨 옷장","text-48","assets/text/cb10b6f5ca91f999f1.png","","상세 보기","595","836","394","48","1036","48","","","","",""
"skins","스킨 옷장","panel-49","assets/placed/538a974bc51af9c5a3.png","assets/ui/panel-mint.png","","48","962","482","550","408","49","","","","",""
"skins","스킨 옷장","shadow-cat-archer-50","assets/placed/ea6630f46e8e8201db.png","assets/ui/ground-shadow.png","","171","1293","237","31","596","50","","","","",""
"skins","스킨 옷장","cat-archer-50","assets/placed/2b57028d552b31731e.png","assets/characters/cat-archer.png","","129","990","320","320","610","51","","","","",""
"skins","스킨 옷장","text-51","assets/text/d0442113deb9492e7c.png","","숲의 친구","68","1328","442","50","542","52","","","","",""
"skins","스킨 옷장","button-52","assets/placed/f7b99f32a956e5569c.png","assets/ui/button-yellow-normal.png","","76","1406","426","82","432","53","76","1381","426","132","skin-detail"
"skins","스킨 옷장","text-53","assets/text/cb10b6f5ca91f999f1.png","","상세 보기","93","1416","394","48","456","54","","","","",""
"skins","스킨 옷장","panel-54","assets/placed/df2d4937ea558184ce.png","assets/ui/panel-lavender.png","","550","962","482","550","408","55","","","","",""
"skins","스킨 옷장","shadow-cat-healer-55","assets/placed/ea6630f46e8e8201db.png","assets/ui/ground-shadow.png","","673","1293","237","31","596","56","","","","",""
"skins","스킨 옷장","cat-healer-55","assets/placed/799ae715028b5d4541.png","assets/characters/cat-healer.png","","631","990","320","320","610","57","","","","",""
"skins","스킨 옷장","text-56","assets/text/1a97abd0a42e2af5b3.png","","봄날의 치유사","570","1328","442","50","542","58","","","","",""
"skins","스킨 옷장","button-57","assets/placed/f7b99f32a956e5569c.png","assets/ui/button-yellow-normal.png","","578","1406","426","82","432","59","578","1381","426","132","skin-detail"
"skins","스킨 옷장","text-58","assets/text/cb10b6f5ca91f999f1.png","","상세 보기","595","1416","394","48","456","60","","","","",""
"skins","스킨 옷장","button-59","assets/placed/ba11d72c26790e41ba.png","assets/ui/button-cream-normal.png","","48","1588","984","104","228","61","48","1574","984","132","skin-draw"
"skins","스킨 옷장","icon-star-60","assets/placed/4cfea85aa171ee2207.png","assets/icons/star.png","","442","1604","56","56","260","62","","","","",""
"skins","스킨 옷장","text-61","assets/text/cdfb52a604d87fe0f6.png","","스킨 뽑기","134","1607","886","48","265","63","","","","",""
"skin-detail","포근한 수호자","background-1","assets/placed/f13521a79c0180a52b.png","assets/backgrounds/workshop.png","","0","0","1080","1920","0","0","","","","",""
"skin-detail","포근한 수호자","scrim-3","assets/placed/55540868acf5004fc2.png","assets/ui/panel-dark.png","","0","0","1080","1920","0","1","","","","",""
"skin-detail","포근한 수호자","modal-4","assets/placed/5849297e598a0962d1.png","assets/ui/panel-cream.png","","80","380","920","1110","430","2","","","","",""
"skin-detail","포근한 수호자","text-5","assets/text/23767aafb046bfa0be.png","","포근한 수호자","128","426","760","66","1428","3","","","","",""
"skin-detail","포근한 수호자","button-6","assets/placed/f91cecc34197c96b80.png","assets/ui/button-cream-normal.png","","886","418","70","70","1432","4","855","387","132","132","workshop"
"skin-detail","포근한 수호자","icon-close-7","assets/placed/817461fe4c2257e48c.png","assets/icons/close.png","","893","419","56","56","1445","5","","","","",""
"skin-detail","포근한 수호자","text-8","assets/text/38270c50c80f7e7b93.png","","외형 전용 · 능력치 변화 없음","128","500","760","42","1378","6","","","","",""
"skin-detail","포근한 수호자","icon-cat-9","assets/placed/1bda2384fdfb45511b.png","assets/icons/cat.png","","428","576","224","224","1120","7","","","","",""
"skin-detail","포근한 수호자","text-10","assets/text/3943beeb9b3e805c4d.png","","뚱냥이 전용 스킨","151","850","780","47","1023","8","","","","",""
"skin-detail","포근한 수호자","text-11","assets/text/f3d5b19f3495f3719c.png","","₩2,500 · 구매 확인 후 적용","151","919","780","47","954","9","","","","",""
"skin-detail","포근한 수호자","button-12","assets/placed/0646388a9dbce20e3a.png","assets/ui/button-yellow-normal.png","","136","1178","808","100","642","10","136","1162","808","132","purchase"
"skin-detail","포근한 수호자","text-13","assets/text/5430d29e003d601289.png","","구매하기","153","1196","776","48","676","11","","","","",""
"skin-detail","포근한 수호자","button-14","assets/placed/84b006e00a2f7bb200.png","assets/ui/button-cream-normal.png","","136","1302","808","100","518","12","136","1286","808","132","skins"
"skin-detail","포근한 수호자","text-15","assets/text/d7f3f656f435a7507b.png","","스킨 목록","152","1320","776","48","552","13","","","","",""
"skin-draw","스킨 뽑기","background-1","assets/placed/348bc5b287f1eee990.png","assets/backgrounds/town.png","","0","0","1080","1920","0","0","","","","",""
"skin-draw","스킨 뽑기","resource-bar-3","assets/placed/67b2bb1183ebc40ed1.png","assets/ui/panel-cream.png","","30","28","1020","90","1802","1","","","","",""
"skin-draw","스킨 뽑기","title-bar-4","assets/placed/21cf35d5dcee417b8d.png","assets/ui/panel-cream.png","","30","128","1020","104","1688","2","","","","",""
"skin-draw","스킨 뽑기","icon-energy-5","assets/placed/9fa198e8f4245dbd0f.png","assets/icons/energy.png","","52","43","54","54","1823","3","","","","",""
"skin-draw","스킨 뽑기","text-6","assets/text/4f65a133e0ebec885a.png","","40/50","113","50","195","47","1823","4","","","","",""
"skin-draw","스킨 뽑기","icon-gold-7","assets/placed/0274a23a232ef47921.png","assets/icons/gold.png","","368","43","54","54","1823","5","","","","",""
"skin-draw","스킨 뽑기","text-8","assets/text/ed149040bb71721e2c.png","","12,500","429","50","195","47","1823","6","","","","",""
"skin-draw","스킨 뽑기","icon-gem-9","assets/placed/e238412bd856f270d9.png","assets/icons/gem.png","","684","43","54","54","1823","7","","","","",""
"skin-draw","스킨 뽑기","text-10","assets/text/b710de3b8f0ad3e447.png","","320","745","50","195","47","1823","8","","","","",""
"skin-draw","스킨 뽑기","button-11","assets/placed/a55e725f8d802af4a0.png","assets/ui/button-cream-normal.png","","38","138","76","76","1706","9","10","110","132","132","skins"
"skin-draw","스킨 뽑기","icon-back-12","assets/placed/dc05be2a4b9c6fda0c.png","assets/icons/back.png","","48","141","56","56","1723","10","","","","",""
"skin-draw","스킨 뽑기","text-13","assets/text/e5cef237897e88091c.png","","스킨 뽑기","138","143","742","65","1712","11","","","","",""
"skin-draw","스킨 뽑기","button-14","assets/placed/a55e725f8d802af4a0.png","assets/ui/button-cream-normal.png","","958","138","76","76","1706","12","930","110","132","132","settings"
"skin-draw","스킨 뽑기","icon-gear-15","assets/placed/71b09a6dc991d6f600.png","assets/icons/gear.png","","968","141","56","56","1723","13","","","","",""
"skin-draw","스킨 뽑기","bottom-nav-16","assets/placed/8a8204f9fa1fc6115b.png","assets/ui/panel-cream.png","","24","1734","1032","160","26","14","","","","",""
"skin-draw","스킨 뽑기","nav-hit-17","","","","39","1743","190","139","38","15","39","1743","190","139","workshop"
"skin-draw","스킨 뽑기","icon-forge-18","assets/placed/12ef2fd983b0f617f0.png","assets/icons/forge.png","","105","1753","60","60","107","16","","","","",""
"skin-draw","스킨 뽑기","text-19","assets/text/0d36b2df9353d9a6a4.png","","대장간","452","1792","180","44","84","17","","","","",""
"skin-draw","스킨 뽑기","nav-hit-20","","","","243","1743","190","139","38","18","243","1743","190","139","cats"
"skin-draw","스킨 뽑기","icon-cat-21","assets/placed/75618a37a684a9366c.png","assets/icons/cat.png","","308","1753","60","60","107","19","","","","",""
"skin-draw","스킨 뽑기","text-22","assets/text/b2c2d20f3863ead9e4.png","","고양이","453","1792","180","44","84","20","","","","",""
"skin-draw","스킨 뽑기","nav-hit-23","","","","447","1743","190","139","38","21","447","1743","190","139","modes"
"skin-draw","스킨 뽑기","icon-sword-24","assets/placed/2f37f0487b559d4738.png","assets/icons/sword.png","","512","1753","60","60","107","22","","","","",""
"skin-draw","스킨 뽑기","text-25","assets/text/37a71f4045908e9a35.png","","전투","452","1792","180","44","84","23","","","","",""
"skin-draw","스킨 뽑기","active-tab-26","assets/placed/f669ab757bc5fc9425.png","assets/ui/panel-mint.png","","651","1744","190","135","41","24","","","","",""
"skin-draw","스킨 뽑기","nav-hit-27","","","","651","1743","190","139","38","25","651","1743","190","139","shop"
"skin-draw","스킨 뽑기","icon-shop-28","assets/placed/48f9aabd0f0ed93c20.png","assets/icons/shop.png","","716","1753","60","60","107","26","","","","",""
"skin-draw","스킨 뽑기","text-29","assets/text/e93cf34436b725b2bc.png","","상점","657","1790","180","44","86","27","","","","",""
"skin-draw","스킨 뽑기","nav-hit-30","","","","855","1743","190","139","38","28","855","1743","190","139","ranking"
"skin-draw","스킨 뽑기","icon-trophy-31","assets/placed/f021e42cfce953f174.png","assets/icons/trophy.png","","920","1753","60","60","107","29","","","","",""
"skin-draw","스킨 뽑기","text-32","assets/text/ae295d719fe151b0fc.png","","랭킹","453","1792","180","44","84","30","","","","",""
"skin-draw","스킨 뽑기","panel-33","assets/placed/d94c833aad028f1f36.png","assets/ui/panel-lavender.png","","48","250","984","555","1115","31","","","","",""
"skin-draw","스킨 뽑기","text-34","assets/text/326e225b842ea68266.png","","나만의 특별한 냥이","82","280","600","65","1575","32","","","","",""
"skin-draw","스킨 뽑기","text-35","assets/text/d88bddc40568adc6b9.png","","능력치 아이템은 나오지 않아요","82","342","650","42","1536","33","","","","",""
"skin-draw","스킨 뽑기","shadow-cat-wizard-36","assets/placed/29cf6c496bb3e07a5b.png","assets/ui/ground-shadow.png","","686","778","207","31","1111","34","","","","",""
"skin-draw","스킨 뽑기","cat-wizard-36","assets/placed/f8259eb6bf69703a0c.png","assets/characters/cat-wizard.png","","650","515","280","280","1125","35","","","","",""
"skin-draw","스킨 뽑기","panel-37","assets/placed/4405b4a78e9acda39f.png","assets/ui/panel-cream.png","","48","856","984","148","916","36","","","","",""
"skin-draw","스킨 뽑기","icon-star-38","assets/placed/dabcc98c00c0b5e5ef.png","assets/icons/star.png","","72","888","72","72","960","37","","","","",""
"skin-draw","스킨 뽑기","text-39","assets/text/d1ff50b3410470ef18.png","","확정 지급까지","168","876","814","51","993","38","","","","",""
"skin-draw","스킨 뽑기","text-40","assets/text/7ce36819e3cf7e6360.png","","8 / 30회 · 시안용 예시","168","929","834","39","952","39","","","","",""
"skin-draw","스킨 뽑기","panel-41","assets/placed/4405b4a78e9acda39f.png","assets/ui/panel-cream.png","","48","1038","984","148","734","40","","","","",""
"skin-draw","스킨 뽑기","icon-scroll-42","assets/placed/56090674ff40ae1ed2.png","assets/icons/scroll.png","","72","1070","72","72","778","41","","","","",""
"skin-draw","스킨 뽑기","text-43","assets/text/c70818ccd6d5fb6cb8.png","","확률 안내","168","1058","814","51","811","42","","","","",""
"skin-draw","스킨 뽑기","text-44","assets/text/697f96db392c09447f.png","","등급별 확률과 상품 구성을 확인하세요","168","1111","834","39","770","43","","","","",""
"skin-draw","스킨 뽑기","row-hit-45","","","","48","1038","984","148","734","44","48","1038","984","148","probability"
"skin-draw","스킨 뽑기","icon-back-46","assets/placed/75eff27796b699b40d.png","assets/icons/back.png","","972","1087","34","34","799","45","","","","",""
"skin-draw","스킨 뽑기","button-47","assets/placed/e266d972441290a351.png","assets/ui/button-yellow-normal.png","","48","1330","476","116","474","46","48","1322","476","132","purchase"
"skin-draw","스킨 뽑기","text-48","assets/text/d63f2f4efb78ef08a7.png","","1회 · 보석 100","64","1355","444","48","517","47","","","","",""
"skin-draw","스킨 뽑기","button-49","assets/placed/b1c58ea2bdf77700b8.png","assets/ui/button-mint-normal.png","","548","1330","484","116","474","48","548","1322","484","132","purchase"
"skin-draw","스킨 뽑기","text-50","assets/text/3f75f8bfaebb174101.png","","10회 · 보석 900","563","1353","452","48","519","49","","","","",""
"skin-draw","스킨 뽑기","subtitle-back-text-51","assets/placed/091407f7b0d3f2e31a.png","assets/ui/panel-cream.png","","51","1532","978","54","334","50","","","","",""
"skin-draw","스킨 뽑기","text-51","assets/text/836c2cee6d525b6026.png","","확률·천장·가격은 출시 전 확정이 필요합니다","65","1538","950","41","341","51","","","","",""
"probability","스킨 뽑기 확률","background-1","assets/placed/348bc5b287f1eee990.png","assets/backgrounds/town.png","","0","0","1080","1920","0","0","","","","",""
"probability","스킨 뽑기 확률","resource-bar-3","assets/placed/67b2bb1183ebc40ed1.png","assets/ui/panel-cream.png","","30","28","1020","90","1802","1","","","","",""
"probability","스킨 뽑기 확률","title-bar-4","assets/placed/21cf35d5dcee417b8d.png","assets/ui/panel-cream.png","","30","128","1020","104","1688","2","","","","",""
"probability","스킨 뽑기 확률","icon-energy-5","assets/placed/9fa198e8f4245dbd0f.png","assets/icons/energy.png","","52","43","54","54","1823","3","","","","",""
"probability","스킨 뽑기 확률","text-6","assets/text/4f65a133e0ebec885a.png","","40/50","113","50","195","47","1823","4","","","","",""
"probability","스킨 뽑기 확률","icon-gold-7","assets/placed/0274a23a232ef47921.png","assets/icons/gold.png","","368","43","54","54","1823","5","","","","",""
"probability","스킨 뽑기 확률","text-8","assets/text/ed149040bb71721e2c.png","","12,500","429","50","195","47","1823","6","","","","",""
"probability","스킨 뽑기 확률","icon-gem-9","assets/placed/e238412bd856f270d9.png","assets/icons/gem.png","","684","43","54","54","1823","7","","","","",""
"probability","스킨 뽑기 확률","text-10","assets/text/b710de3b8f0ad3e447.png","","320","745","50","195","47","1823","8","","","","",""
"probability","스킨 뽑기 확률","button-11","assets/placed/a55e725f8d802af4a0.png","assets/ui/button-cream-normal.png","","38","138","76","76","1706","9","10","110","132","132","skin-draw"
"probability","스킨 뽑기 확률","icon-back-12","assets/placed/dc05be2a4b9c6fda0c.png","assets/icons/back.png","","48","141","56","56","1723","10","","","","",""
"probability","스킨 뽑기 확률","text-13","assets/text/1ad2695c081c739ff4.png","","스킨 뽑기 확률","138","143","742","65","1712","11","","","","",""
"probability","스킨 뽑기 확률","button-14","assets/placed/a55e725f8d802af4a0.png","assets/ui/button-cream-normal.png","","958","138","76","76","1706","12","930","110","132","132","settings"
"probability","스킨 뽑기 확률","icon-gear-15","assets/placed/71b09a6dc991d6f600.png","assets/icons/gear.png","","968","141","56","56","1723","13","","","","",""
"probability","스킨 뽑기 확률","bottom-nav-16","assets/placed/8a8204f9fa1fc6115b.png","assets/ui/panel-cream.png","","24","1734","1032","160","26","14","","","","",""
"probability","스킨 뽑기 확률","nav-hit-17","","","","39","1743","190","139","38","15","39","1743","190","139","workshop"
"probability","스킨 뽑기 확률","icon-forge-18","assets/placed/12ef2fd983b0f617f0.png","assets/icons/forge.png","","105","1753","60","60","107","16","","","","",""
"probability","스킨 뽑기 확률","text-19","assets/text/0d36b2df9353d9a6a4.png","","대장간","452","1792","180","44","84","17","","","","",""
"probability","스킨 뽑기 확률","nav-hit-20","","","","243","1743","190","139","38","18","243","1743","190","139","cats"
"probability","스킨 뽑기 확률","icon-cat-21","assets/placed/75618a37a684a9366c.png","assets/icons/cat.png","","308","1753","60","60","107","19","","","","",""
"probability","스킨 뽑기 확률","text-22","assets/text/b2c2d20f3863ead9e4.png","","고양이","453","1792","180","44","84","20","","","","",""
"probability","스킨 뽑기 확률","nav-hit-23","","","","447","1743","190","139","38","21","447","1743","190","139","modes"
"probability","스킨 뽑기 확률","icon-sword-24","assets/placed/2f37f0487b559d4738.png","assets/icons/sword.png","","512","1753","60","60","107","22","","","","",""
"probability","스킨 뽑기 확률","text-25","assets/text/37a71f4045908e9a35.png","","전투","452","1792","180","44","84","23","","","","",""
"probability","스킨 뽑기 확률","active-tab-26","assets/placed/f669ab757bc5fc9425.png","assets/ui/panel-mint.png","","651","1744","190","135","41","24","","","","",""
"probability","스킨 뽑기 확률","nav-hit-27","","","","651","1743","190","139","38","25","651","1743","190","139","shop"
"probability","스킨 뽑기 확률","icon-shop-28","assets/placed/48f9aabd0f0ed93c20.png","assets/icons/shop.png","","716","1753","60","60","107","26","","","","",""
"probability","스킨 뽑기 확률","text-29","assets/text/e93cf34436b725b2bc.png","","상점","657","1790","180","44","86","27","","","","",""
"probability","스킨 뽑기 확률","nav-hit-30","","","","855","1743","190","139","38","28","855","1743","190","139","ranking"
"probability","스킨 뽑기 확률","icon-trophy-31","assets/placed/f021e42cfce953f174.png","assets/icons/trophy.png","","920","1753","60","60","107","29","","","","",""
"probability","스킨 뽑기 확률","text-32","assets/text/ae295d719fe151b0fc.png","","랭킹","453","1792","180","44","84","30","","","","",""
"probability","스킨 뽑기 확률","panel-33","assets/placed/4405b4a78e9acda39f.png","assets/ui/panel-cream.png","","48","260","984","148","1512","31","","","","",""
"probability","스킨 뽑기 확률","icon-cat-34","assets/placed/6a68873531ce746268.png","assets/icons/cat.png","","72","292","72","72","1556","32","","","","",""
"probability","스킨 뽑기 확률","text-35","assets/text/b762b65da13d4d6fcc.png","","일반 스킨","168","280","814","51","1589","33","","","","",""
"probability","스킨 뽑기 확률","text-36","assets/text/e40c29ae02777bfe60.png","","80% · UI 배치용 예시","168","333","834","39","1548","34","","","","",""
"probability","스킨 뽑기 확률","panel-37","assets/placed/4405b4a78e9acda39f.png","assets/ui/panel-cream.png","","48","430","984","148","1342","35","","","","",""
"probability","스킨 뽑기 확률","icon-star-38","assets/placed/dabcc98c00c0b5e5ef.png","assets/icons/star.png","","72","462","72","72","1386","36","","","","",""
"probability","스킨 뽑기 확률","text-39","assets/text/f264b7e2fde39c4453.png","","희귀 스킨","168","450","814","51","1419","37","","","","",""
"probability","스킨 뽑기 확률","text-40","assets/text/45a30f103d5edd93a8.png","","17% · UI 배치용 예시","168","503","834","39","1378","38","","","","",""
"probability","스킨 뽑기 확률","panel-41","assets/placed/4405b4a78e9acda39f.png","assets/ui/panel-cream.png","","48","600","984","148","1172","39","","","","",""
"probability","스킨 뽑기 확률","icon-crown-42","assets/placed/e36c334847dae64c48.png","assets/icons/crown.png","","72","632","72","72","1216","40","","","","",""
"probability","스킨 뽑기 확률","text-43","assets/text/075e04bce74d8043c8.png","","전설 스킨","168","620","814","51","1249","41","","","","",""
"probability","스킨 뽑기 확률","text-44","assets/text/b92c56969b5aa4a803.png","","3% · UI 배치용 예시","168","673","834","39","1208","42","","","","",""
"probability","스킨 뽑기 확률","panel-45","assets/placed/4405b4a78e9acda39f.png","assets/ui/panel-cream.png","","48","770","984","148","1002","43","","","","",""
"probability","스킨 뽑기 확률","icon-chest-46","assets/placed/39275b559de057d382.png","assets/icons/chest.png","","72","802","72","72","1046","44","","","","",""
"probability","스킨 뽑기 확률","text-47","assets/text/18f008701876b04fe4.png","","확정 지급","168","790","814","51","1079","45","","","","",""
"probability","스킨 뽑기 확률","text-48","assets/text/b19cbe77ae1bde36cd.png","","30회 이내 · 시안용 예시","168","843","834","39","1038","46","","","","",""
"probability","스킨 뽑기 확률","panel-49","assets/placed/4405b4a78e9acda39f.png","assets/ui/panel-cream.png","","48","940","984","148","832","47","","","","",""
"probability","스킨 뽑기 확률","icon-scroll-50","assets/placed/56090674ff40ae1ed2.png","assets/icons/scroll.png","","72","972","72","72","876","48","","","","",""
"probability","스킨 뽑기 확률","text-51","assets/text/6063e3f29d340cec3b.png","","유의사항","168","960","814","51","909","49","","","","",""
"probability","스킨 뽑기 확률","text-52","assets/text/d2b8c031bf819dd04e.png","","실제 운영 확률과 천장은 기획 확정 후 적용","168","1013","834","39","868","50","","","","",""
"subscription","월정액 츄르 구독","background-1","assets/placed/534bbd4e6d9b708053.png","assets/backgrounds/shop.png","","0","0","1080","1920","0","0","","","","",""
"subscription","월정액 츄르 구독","resource-bar-3","assets/placed/67b2bb1183ebc40ed1.png","assets/ui/panel-cream.png","","30","28","1020","90","1802","1","","","","",""
"subscription","월정액 츄르 구독","title-bar-4","assets/placed/21cf35d5dcee417b8d.png","assets/ui/panel-cream.png","","30","128","1020","104","1688","2","","","","",""
"subscription","월정액 츄르 구독","icon-energy-5","assets/placed/9fa198e8f4245dbd0f.png","assets/icons/energy.png","","52","43","54","54","1823","3","","","","",""
"subscription","월정액 츄르 구독","text-6","assets/text/4f65a133e0ebec885a.png","","40/50","113","50","195","47","1823","4","","","","",""
"subscription","월정액 츄르 구독","icon-gold-7","assets/placed/0274a23a232ef47921.png","assets/icons/gold.png","","368","43","54","54","1823","5","","","","",""
"subscription","월정액 츄르 구독","text-8","assets/text/ed149040bb71721e2c.png","","12,500","429","50","195","47","1823","6","","","","",""
"subscription","월정액 츄르 구독","icon-gem-9","assets/placed/e238412bd856f270d9.png","assets/icons/gem.png","","684","43","54","54","1823","7","","","","",""
"subscription","월정액 츄르 구독","text-10","assets/text/b710de3b8f0ad3e447.png","","320","745","50","195","47","1823","8","","","","",""
"subscription","월정액 츄르 구독","button-11","assets/placed/a55e725f8d802af4a0.png","assets/ui/button-cream-normal.png","","38","138","76","76","1706","9","10","110","132","132","shop"
"subscription","월정액 츄르 구독","icon-back-12","assets/placed/dc05be2a4b9c6fda0c.png","assets/icons/back.png","","48","141","56","56","1723","10","","","","",""
"subscription","월정액 츄르 구독","text-13","assets/text/ec55fb9ad65dd3f9e1.png","","월정액 츄르 구독","138","143","742","65","1712","11","","","","",""
"subscription","월정액 츄르 구독","button-14","assets/placed/a55e725f8d802af4a0.png","assets/ui/button-cream-normal.png","","958","138","76","76","1706","12","930","110","132","132","settings"
"subscription","월정액 츄르 구독","icon-gear-15","assets/placed/71b09a6dc991d6f600.png","assets/icons/gear.png","","968","141","56","56","1723","13","","","","",""
"subscription","월정액 츄르 구독","bottom-nav-16","assets/placed/8a8204f9fa1fc6115b.png","assets/ui/panel-cream.png","","24","1734","1032","160","26","14","","","","",""
"subscription","월정액 츄르 구독","nav-hit-17","","","","39","1743","190","139","38","15","39","1743","190","139","workshop"
"subscription","월정액 츄르 구독","icon-forge-18","assets/placed/12ef2fd983b0f617f0.png","assets/icons/forge.png","","105","1753","60","60","107","16","","","","",""
"subscription","월정액 츄르 구독","text-19","assets/text/0d36b2df9353d9a6a4.png","","대장간","452","1792","180","44","84","17","","","","",""
"subscription","월정액 츄르 구독","nav-hit-20","","","","243","1743","190","139","38","18","243","1743","190","139","cats"
"subscription","월정액 츄르 구독","icon-cat-21","assets/placed/75618a37a684a9366c.png","assets/icons/cat.png","","308","1753","60","60","107","19","","","","",""
"subscription","월정액 츄르 구독","text-22","assets/text/b2c2d20f3863ead9e4.png","","고양이","453","1792","180","44","84","20","","","","",""
"subscription","월정액 츄르 구독","nav-hit-23","","","","447","1743","190","139","38","21","447","1743","190","139","modes"
"subscription","월정액 츄르 구독","icon-sword-24","assets/placed/2f37f0487b559d4738.png","assets/icons/sword.png","","512","1753","60","60","107","22","","","","",""
"subscription","월정액 츄르 구독","text-25","assets/text/37a71f4045908e9a35.png","","전투","452","1792","180","44","84","23","","","","",""
"subscription","월정액 츄르 구독","active-tab-26","assets/placed/f669ab757bc5fc9425.png","assets/ui/panel-mint.png","","651","1744","190","135","41","24","","","","",""
"subscription","월정액 츄르 구독","nav-hit-27","","","","651","1743","190","139","38","25","651","1743","190","139","shop"
"subscription","월정액 츄르 구독","icon-shop-28","assets/placed/48f9aabd0f0ed93c20.png","assets/icons/shop.png","","716","1753","60","60","107","26","","","","",""
"subscription","월정액 츄르 구독","text-29","assets/text/e93cf34436b725b2bc.png","","상점","657","1790","180","44","86","27","","","","",""
"subscription","월정액 츄르 구독","nav-hit-30","","","","855","1743","190","139","38","28","855","1743","190","139","ranking"
"subscription","월정액 츄르 구독","icon-trophy-31","assets/placed/f021e42cfce953f174.png","assets/icons/trophy.png","","920","1753","60","60","107","29","","","","",""
"subscription","월정액 츄르 구독","text-32","assets/text/ae295d719fe151b0fc.png","","랭킹","453","1792","180","44","84","30","","","","",""
"subscription","월정액 츄르 구독","panel-33","assets/placed/5628fdfe4dc1f8fb52.png","assets/ui/panel-peach.png","","48","248","984","250","1422","31","","","","",""
"subscription","월정액 츄르 구독","text-34","assets/text/3079fe9a4eb6f1261c.png","","매일 만나는 작은 행복","82","278","600","65","1577","32","","","","",""
"subscription","월정액 츄르 구독","text-35","assets/text/54027d2414ed19b69a.png","","₩5,500 / 30일","82","340","650","42","1538","33","","","","",""
"subscription","월정액 츄르 구독","shadow-cat-healer-36","assets/placed/29cf6c496bb3e07a5b.png","assets/ui/ground-shadow.png","","686","591","207","31","1298","34","","","","",""
"subscription","월정액 츄르 구독","cat-healer-36","assets/placed/db12ea6e557da751c7.png","assets/characters/cat-healer.png","","650","328","280","280","1312","35","","","","",""
"subscription","월정액 츄르 구독","panel-37","assets/placed/4405b4a78e9acda39f.png","assets/ui/panel-cream.png","","48","530","984","148","1242","36","","","","",""
"subscription","월정액 츄르 구독","icon-gem-38","assets/placed/25d25aca1e6ac16788.png","assets/icons/gem.png","","72","562","72","72","1286","37","","","","",""
"subscription","월정액 츄르 구독","text-39","assets/text/61752a18520bf1ac66.png","","매일 보석 100","168","550","814","51","1319","38","","","","",""
"subscription","월정액 츄르 구독","text-40","assets/text/761b4f28a59ef47453.png","","30일 동안 매일 받는 선물","168","603","834","39","1278","39","","","","",""
"subscription","월정액 츄르 구독","panel-41","assets/placed/4405b4a78e9acda39f.png","assets/ui/panel-cream.png","","48","700","984","148","1072","40","","","","",""
"subscription","월정액 츄르 구독","icon-energy-42","assets/placed/21d7319266d98259e9.png","assets/icons/energy.png","","72","732","72","72","1116","41","","","","",""
"subscription","월정액 츄르 구독","text-43","assets/text/dde119a0fdb9f18053.png","","에너지 최대치 +20","168","720","814","51","1149","42","","","","",""
"subscription","월정액 츄르 구독","text-44","assets/text/79b95a3588fe7b7410.png","","더 오래 즐기는 모험","168","773","834","39","1108","43","","","","",""
"subscription","월정액 츄르 구독","panel-45","assets/placed/4405b4a78e9acda39f.png","assets/ui/panel-cream.png","","48","870","984","148","902","44","","","","",""
"subscription","월정액 츄르 구독","icon-clock-46","assets/placed/1d5f06daf7608e198d.png","assets/icons/clock.png","","72","902","72","72","946","45","","","","",""
"subscription","월정액 츄르 구독","text-47","assets/text/68c9ad2dcee317a57d.png","","방치 시간 +4시간","168","890","814","51","979","46","","","","",""
"subscription","월정액 츄르 구독","text-48","assets/text/e933aa4faea04b3948.png","","더 넉넉하게 쌓이는 보상","168","943","834","39","938","47","","","","",""
"subscription","월정액 츄르 구독","button-49","assets/placed/f52f9bb3142ddbb511.png","assets/ui/button-yellow-normal.png","","48","1504","984","116","300","48","48","1496","984","132","purchase"
"subscription","월정액 츄르 구독","text-50","assets/text/c2b92654085fb4274d.png","","구독하기 · ₩5,500","64","1527","952","48","345","49","","","","",""
"packages","패키지 상점","background-1","assets/placed/534bbd4e6d9b708053.png","assets/backgrounds/shop.png","","0","0","1080","1920","0","0","","","","",""
"packages","패키지 상점","resource-bar-3","assets/placed/67b2bb1183ebc40ed1.png","assets/ui/panel-cream.png","","30","28","1020","90","1802","1","","","","",""
"packages","패키지 상점","title-bar-4","assets/placed/21cf35d5dcee417b8d.png","assets/ui/panel-cream.png","","30","128","1020","104","1688","2","","","","",""
"packages","패키지 상점","icon-energy-5","assets/placed/9fa198e8f4245dbd0f.png","assets/icons/energy.png","","52","43","54","54","1823","3","","","","",""
"packages","패키지 상점","text-6","assets/text/4f65a133e0ebec885a.png","","40/50","113","50","195","47","1823","4","","","","",""
"packages","패키지 상점","icon-gold-7","assets/placed/0274a23a232ef47921.png","assets/icons/gold.png","","368","43","54","54","1823","5","","","","",""
"packages","패키지 상점","text-8","assets/text/ed149040bb71721e2c.png","","12,500","429","50","195","47","1823","6","","","","",""
"packages","패키지 상점","icon-gem-9","assets/placed/e238412bd856f270d9.png","assets/icons/gem.png","","684","43","54","54","1823","7","","","","",""
"packages","패키지 상점","text-10","assets/text/b710de3b8f0ad3e447.png","","320","745","50","195","47","1823","8","","","","",""
"packages","패키지 상점","button-11","assets/placed/a55e725f8d802af4a0.png","assets/ui/button-cream-normal.png","","38","138","76","76","1706","9","10","110","132","132","shop"
"packages","패키지 상점","icon-back-12","assets/placed/dc05be2a4b9c6fda0c.png","assets/icons/back.png","","48","141","56","56","1723","10","","","","",""
"packages","패키지 상점","text-13","assets/text/044fb7fae771031ca0.png","","패키지 상점","138","143","742","65","1712","11","","","","",""
"packages","패키지 상점","button-14","assets/placed/a55e725f8d802af4a0.png","assets/ui/button-cream-normal.png","","958","138","76","76","1706","12","930","110","132","132","settings"
"packages","패키지 상점","icon-gear-15","assets/placed/71b09a6dc991d6f600.png","assets/icons/gear.png","","968","141","56","56","1723","13","","","","",""
"packages","패키지 상점","bottom-nav-16","assets/placed/8a8204f9fa1fc6115b.png","assets/ui/panel-cream.png","","24","1734","1032","160","26","14","","","","",""
"packages","패키지 상점","nav-hit-17","","","","39","1743","190","139","38","15","39","1743","190","139","workshop"
"packages","패키지 상점","icon-forge-18","assets/placed/12ef2fd983b0f617f0.png","assets/icons/forge.png","","105","1753","60","60","107","16","","","","",""
"packages","패키지 상점","text-19","assets/text/0d36b2df9353d9a6a4.png","","대장간","452","1792","180","44","84","17","","","","",""
"packages","패키지 상점","nav-hit-20","","","","243","1743","190","139","38","18","243","1743","190","139","cats"
"packages","패키지 상점","icon-cat-21","assets/placed/75618a37a684a9366c.png","assets/icons/cat.png","","308","1753","60","60","107","19","","","","",""
"packages","패키지 상점","text-22","assets/text/b2c2d20f3863ead9e4.png","","고양이","453","1792","180","44","84","20","","","","",""
"packages","패키지 상점","nav-hit-23","","","","447","1743","190","139","38","21","447","1743","190","139","modes"
"packages","패키지 상점","icon-sword-24","assets/placed/2f37f0487b559d4738.png","assets/icons/sword.png","","512","1753","60","60","107","22","","","","",""
"packages","패키지 상점","text-25","assets/text/37a71f4045908e9a35.png","","전투","452","1792","180","44","84","23","","","","",""
"packages","패키지 상점","active-tab-26","assets/placed/f669ab757bc5fc9425.png","assets/ui/panel-mint.png","","651","1744","190","135","41","24","","","","",""
"packages","패키지 상점","nav-hit-27","","","","651","1743","190","139","38","25","651","1743","190","139","shop"
"packages","패키지 상점","icon-shop-28","assets/placed/48f9aabd0f0ed93c20.png","assets/icons/shop.png","","716","1753","60","60","107","26","","","","",""
"packages","패키지 상점","text-29","assets/text/e93cf34436b725b2bc.png","","상점","657","1790","180","44","86","27","","","","",""
"packages","패키지 상점","nav-hit-30","","","","855","1743","190","139","38","28","855","1743","190","139","ranking"
"packages","패키지 상점","icon-trophy-31","assets/placed/f021e42cfce953f174.png","assets/icons/trophy.png","","920","1753","60","60","107","29","","","","",""
"packages","패키지 상점","text-32","assets/text/ae295d719fe151b0fc.png","","랭킹","453","1792","180","44","84","30","","","","",""
"packages","패키지 상점","panel-33","assets/placed/c846af0aaaf7a6478b.png","assets/ui/panel-peach.png","","48","260","984","148","1512","31","","","","",""
"packages","패키지 상점","icon-chest-34","assets/placed/39275b559de057d382.png","assets/icons/chest.png","","72","292","72","72","1556","32","","","","",""
"packages","패키지 상점","text-35","assets/text/b3b41568bc0b63f8b3.png","","첫 구매 패키지 · ₩1,200","168","280","814","51","1589","33","","","","",""
"packages","패키지 상점","text-36","assets/text/2a9f254e2c4c8aee6a.png","","보석 300 · 한정 스킨 · 희귀 무기","168","333","834","39","1548","34","","","","",""
"packages","패키지 상점","row-hit-37","","","","48","260","984","148","1512","35","48","260","984","148","purchase"
"packages","패키지 상점","icon-back-38","assets/placed/75eff27796b699b40d.png","assets/icons/back.png","","972","309","34","34","1577","36","","","","",""
"packages","패키지 상점","panel-39","assets/placed/c8922e860fc6b2a6b3.png","assets/ui/panel-mint.png","","48","430","984","148","1342","37","","","","",""
"packages","패키지 상점","icon-play-40","assets/placed/adda7b6cc09f29efff.png","assets/icons/play.png","","72","462","72","72","1386","38","","","","",""
"packages","패키지 상점","text-41","assets/text/d200cd95057bb1247f.png","","광고 제거 · ₩5,900","168","450","814","51","1419","39","","","","",""
"packages","패키지 상점","text-42","assets/text/7b5819faa397f25be3.png","","전면 광고 제거 · 보상형 즉시 지급","168","503","834","39","1378","40","","","","",""
"packages","패키지 상점","row-hit-43","","","","48","430","984","148","1342","41","48","430","984","148","purchase"
"packages","패키지 상점","icon-back-44","assets/placed/75eff27796b699b40d.png","assets/icons/back.png","","972","479","34","34","1407","42","","","","",""
"packages","패키지 상점","panel-45","assets/placed/4405b4a78e9acda39f.png","assets/ui/panel-cream.png","","48","600","984","148","1172","43","","","","",""
"packages","패키지 상점","icon-forge-46","assets/placed/cc3109fb19ae684c0c.png","assets/icons/forge.png","","72","632","72","72","1216","44","","","","",""
"packages","패키지 상점","text-47","assets/text/691af3111b5dffe7f3.png","","성장 지원 · ₩3,300","168","620","814","51","1249","45","","","","",""
"packages","패키지 상점","text-48","assets/text/266f90dd55e799912f.png","","공방 성장 재료 묶음","168","673","834","39","1208","46","","","","",""
"packages","패키지 상점","row-hit-49","","","","48","600","984","148","1172","47","48","600","984","148","purchase"
"packages","패키지 상점","icon-back-50","assets/placed/75eff27796b699b40d.png","assets/icons/back.png","","972","649","34","34","1237","48","","","","",""
"packages","패키지 상점","panel-51","assets/placed/4405b4a78e9acda39f.png","assets/ui/panel-cream.png","","48","770","984","148","1002","49","","","","",""
"packages","패키지 상점","icon-cat-52","assets/placed/6a68873531ce746268.png","assets/icons/cat.png","","72","802","72","72","1046","50","","","","",""
"packages","패키지 상점","text-53","assets/text/91c929bfabab24a5c0.png","","이모티콘 팩 · ₩1,900","168","790","814","51","1079","51","","","","",""
"packages","패키지 상점","text-54","assets/text/571f4b34596b986243.png","","고양이 스티커 8종","168","843","834","39","1038","52","","","","",""
"packages","패키지 상점","row-hit-55","","","","48","770","984","148","1002","53","48","770","984","148","purchase"
"packages","패키지 상점","icon-back-56","assets/placed/75eff27796b699b40d.png","assets/icons/back.png","","972","819","34","34","1067","54","","","","",""
"mode-shop","교환 상점","background-1","assets/placed/534bbd4e6d9b708053.png","assets/backgrounds/shop.png","","0","0","1080","1920","0","0","","","","",""
"mode-shop","교환 상점","resource-bar-3","assets/placed/67b2bb1183ebc40ed1.png","assets/ui/panel-cream.png","","30","28","1020","90","1802","1","","","","",""
"mode-shop","교환 상점","title-bar-4","assets/placed/21cf35d5dcee417b8d.png","assets/ui/panel-cream.png","","30","128","1020","104","1688","2","","","","",""
"mode-shop","교환 상점","icon-energy-5","assets/placed/9fa198e8f4245dbd0f.png","assets/icons/energy.png","","52","43","54","54","1823","3","","","","",""
"mode-shop","교환 상점","text-6","assets/text/4f65a133e0ebec885a.png","","40/50","113","50","195","47","1823","4","","","","",""
"mode-shop","교환 상점","icon-gold-7","assets/placed/0274a23a232ef47921.png","assets/icons/gold.png","","368","43","54","54","1823","5","","","","",""
"mode-shop","교환 상점","text-8","assets/text/ed149040bb71721e2c.png","","12,500","429","50","195","47","1823","6","","","","",""
"mode-shop","교환 상점","icon-gem-9","assets/placed/e238412bd856f270d9.png","assets/icons/gem.png","","684","43","54","54","1823","7","","","","",""
"mode-shop","교환 상점","text-10","assets/text/b710de3b8f0ad3e447.png","","320","745","50","195","47","1823","8","","","","",""
"mode-shop","교환 상점","button-11","assets/placed/a55e725f8d802af4a0.png","assets/ui/button-cream-normal.png","","38","138","76","76","1706","9","10","110","132","132","shop"
"mode-shop","교환 상점","icon-back-12","assets/placed/dc05be2a4b9c6fda0c.png","assets/icons/back.png","","48","141","56","56","1723","10","","","","",""
"mode-shop","교환 상점","text-13","assets/text/2e448c68eae5632667.png","","교환 상점","138","143","742","65","1712","11","","","","",""
"mode-shop","교환 상점","button-14","assets/placed/a55e725f8d802af4a0.png","assets/ui/button-cream-normal.png","","958","138","76","76","1706","12","930","110","132","132","settings"
"mode-shop","교환 상점","icon-gear-15","assets/placed/71b09a6dc991d6f600.png","assets/icons/gear.png","","968","141","56","56","1723","13","","","","",""
"mode-shop","교환 상점","bottom-nav-16","assets/placed/8a8204f9fa1fc6115b.png","assets/ui/panel-cream.png","","24","1734","1032","160","26","14","","","","",""
"mode-shop","교환 상점","nav-hit-17","","","","39","1743","190","139","38","15","39","1743","190","139","workshop"
"mode-shop","교환 상점","icon-forge-18","assets/placed/12ef2fd983b0f617f0.png","assets/icons/forge.png","","105","1753","60","60","107","16","","","","",""
"mode-shop","교환 상점","text-19","assets/text/0d36b2df9353d9a6a4.png","","대장간","452","1792","180","44","84","17","","","","",""
"mode-shop","교환 상점","nav-hit-20","","","","243","1743","190","139","38","18","243","1743","190","139","cats"
"mode-shop","교환 상점","icon-cat-21","assets/placed/75618a37a684a9366c.png","assets/icons/cat.png","","308","1753","60","60","107","19","","","","",""
"mode-shop","교환 상점","text-22","assets/text/b2c2d20f3863ead9e4.png","","고양이","453","1792","180","44","84","20","","","","",""
"mode-shop","교환 상점","nav-hit-23","","","","447","1743","190","139","38","21","447","1743","190","139","modes"
"mode-shop","교환 상점","icon-sword-24","assets/placed/2f37f0487b559d4738.png","assets/icons/sword.png","","512","1753","60","60","107","22","","","","",""
"mode-shop","교환 상점","text-25","assets/text/37a71f4045908e9a35.png","","전투","452","1792","180","44","84","23","","","","",""
"mode-shop","교환 상점","active-tab-26","assets/placed/f669ab757bc5fc9425.png","assets/ui/panel-mint.png","","651","1744","190","135","41","24","","","","",""
"mode-shop","교환 상점","nav-hit-27","","","","651","1743","190","139","38","25","651","1743","190","139","shop"
"mode-shop","교환 상점","icon-shop-28","assets/placed/48f9aabd0f0ed93c20.png","assets/icons/shop.png","","716","1753","60","60","107","26","","","","",""
"mode-shop","교환 상점","text-29","assets/text/e93cf34436b725b2bc.png","","상점","657","1790","180","44","86","27","","","","",""
"mode-shop","교환 상점","nav-hit-30","","","","855","1743","190","139","38","28","855","1743","190","139","ranking"
"mode-shop","교환 상점","icon-trophy-31","assets/placed/f021e42cfce953f174.png","assets/icons/trophy.png","","920","1753","60","60","107","29","","","","",""
"mode-shop","교환 상점","text-32","assets/text/ae295d719fe151b0fc.png","","랭킹","453","1792","180","44","84","30","","","","",""
"mode-shop","교환 상점","button-33","assets/placed/fda2fbf8115782f1b9.png","assets/ui/button-mint-normal.png","","48","250","318","82","1588","31","48","225","318","132",""
"mode-shop","교환 상점","text-34","assets/text/f933588e796088ae2b.png","","협동 코인","65","259","286","48","1613","32","","","","",""
"mode-shop","교환 상점","button-35","assets/placed/c91c38b96ae935da3e.png","assets/ui/button-cream-normal.png","","376","250","318","82","1588","33","376","225","318","132",""
"mode-shop","교환 상점","text-36","assets/text/c630a7be32812a635c.png","","보스 코인","393","260","286","48","1612","34","","","","",""
"mode-shop","교환 상점","button-37","assets/placed/c91c38b96ae935da3e.png","assets/ui/button-cream-normal.png","","704","250","318","82","1588","35","704","225","318","132",""
"mode-shop","교환 상점","text-38","assets/text/74c2622ca0dfef0fcf.png","","대전 코인","720","260","286","48","1612","36","","","","",""
"mode-shop","교환 상점","subtitle-back-text-39","assets/placed/ec3fb3ec37edde286e.png","assets/ui/panel-cream.png","","56","372","928","69","1479","37","","","","",""
"mode-shop","교환 상점","text-39","assets/text/e62bfcc3c9b77c64b3.png","","보유 코인 1,280","70","380","900","56","1484","38","","","","",""
"mode-shop","교환 상점","panel-40","assets/placed/fc8ec3438dd4b0c4ba.png","assets/ui/panel-cream.png","","48","488","984","226","1206","39","","","","",""
"mode-shop","교환 상점","icon-cat-41","assets/placed/39d87715d2cc23359c.png","assets/icons/cat.png","","78","532","122","122","1266","40","","","","",""
"mode-shop","교환 상점","text-42","assets/text/c2e128a1a6c780a1cb.png","","스킨 조각 × 5","238","521","700","57","1342","41","","","","",""
"mode-shop","교환 상점","text-43","assets/text/79448d740a40c87844.png","","교환 가능 1 / 1","240","589","420","42","1289","42","","","","",""
"mode-shop","교환 상점","button-44","assets/placed/68f7d6f9cadb9f62e0.png","assets/ui/button-yellow-normal.png","","732","596","258","82","1242","43","732","571","258","132","purchase"
"mode-shop","교환 상점","text-45","assets/text/69485cd312710e3c38.png","","300 코인","749","606","226","48","1266","44","","","","",""
"mode-shop","교환 상점","panel-46","assets/placed/fc8ec3438dd4b0c4ba.png","assets/ui/panel-cream.png","","48","744","984","226","950","45","","","","",""
"mode-shop","교환 상점","icon-sword-47","assets/placed/7e7b32a18bcbbdfec0.png","assets/icons/sword.png","","78","788","122","122","1010","46","","","","",""
"mode-shop","교환 상점","text-48","assets/text/928ad5d28f0d84e4d0.png","","무기 재료 × 10","238","777","700","57","1086","47","","","","",""
"mode-shop","교환 상점","text-49","assets/text/79448d740a40c87844.png","","교환 가능 1 / 1","240","845","420","42","1033","48","","","","",""
"mode-shop","교환 상점","button-50","assets/placed/68f7d6f9cadb9f62e0.png","assets/ui/button-yellow-normal.png","","732","852","258","82","986","49","732","827","258","132","purchase"
"mode-shop","교환 상점","text-51","assets/text/2433eab2ef7a696681.png","","120 코인","748","862","226","48","1010","50","","","","",""
"mode-shop","교환 상점","panel-52","assets/placed/fc8ec3438dd4b0c4ba.png","assets/ui/panel-cream.png","","48","1000","984","226","694","51","","","","",""
"mode-shop","교환 상점","icon-gem-53","assets/placed/49ad679a89e8ea0ac6.png","assets/icons/gem.png","","78","1044","122","122","754","52","","","","",""
"mode-shop","교환 상점","text-54","assets/text/62ed92c7d010418f3b.png","","전설 재료 × 1","238","1033","700","57","830","53","","","","",""
"mode-shop","교환 상점","text-55","assets/text/79448d740a40c87844.png","","교환 가능 1 / 1","240","1101","420","42","777","54","","","","",""
"mode-shop","교환 상점","button-56","assets/placed/68f7d6f9cadb9f62e0.png","assets/ui/button-yellow-normal.png","","732","1108","258","82","730","55","732","1083","258","132","purchase"
"mode-shop","교환 상점","text-57","assets/text/dedd1595c420dea497.png","","800 코인","749","1118","226","48","754","56","","","","",""
"mode-shop","교환 상점","panel-58","assets/placed/fc8ec3438dd4b0c4ba.png","assets/ui/panel-cream.png","","48","1256","984","226","438","57","","","","",""
"mode-shop","교환 상점","icon-trophy-59","assets/placed/705031d4815f9e661e.png","assets/icons/trophy.png","","78","1300","122","122","498","58","","","","",""
"mode-shop","교환 상점","text-60","assets/text/28217c094f7d070dc0.png","","시즌 칭호","238","1289","700","57","574","59","","","","",""
"mode-shop","교환 상점","text-61","assets/text/79448d740a40c87844.png","","교환 가능 1 / 1","240","1357","420","42","521","60","","","","",""
"mode-shop","교환 상점","button-62","assets/placed/68f7d6f9cadb9f62e0.png","assets/ui/button-yellow-normal.png","","732","1364","258","82","474","61","732","1339","258","132","purchase"
"mode-shop","교환 상점","text-63","assets/text/630b1edc47bba21802.png","","500 코인","749","1374","226","48","498","62","","","","",""
"pass","시즌 패스","background-1","assets/placed/348bc5b287f1eee990.png","assets/backgrounds/town.png","","0","0","1080","1920","0","0","","","","",""
"pass","시즌 패스","resource-bar-3","assets/placed/67b2bb1183ebc40ed1.png","assets/ui/panel-cream.png","","30","28","1020","90","1802","1","","","","",""
"pass","시즌 패스","title-bar-4","assets/placed/21cf35d5dcee417b8d.png","assets/ui/panel-cream.png","","30","128","1020","104","1688","2","","","","",""
"pass","시즌 패스","icon-energy-5","assets/placed/9fa198e8f4245dbd0f.png","assets/icons/energy.png","","52","43","54","54","1823","3","","","","",""
"pass","시즌 패스","text-6","assets/text/4f65a133e0ebec885a.png","","40/50","113","50","195","47","1823","4","","","","",""
"pass","시즌 패스","icon-gold-7","assets/placed/0274a23a232ef47921.png","assets/icons/gold.png","","368","43","54","54","1823","5","","","","",""
"pass","시즌 패스","text-8","assets/text/ed149040bb71721e2c.png","","12,500","429","50","195","47","1823","6","","","","",""
"pass","시즌 패스","icon-gem-9","assets/placed/e238412bd856f270d9.png","assets/icons/gem.png","","684","43","54","54","1823","7","","","","",""
"pass","시즌 패스","text-10","assets/text/b710de3b8f0ad3e447.png","","320","745","50","195","47","1823","8","","","","",""
"pass","시즌 패스","button-11","assets/placed/a55e725f8d802af4a0.png","assets/ui/button-cream-normal.png","","38","138","76","76","1706","9","10","110","132","132","shop"
"pass","시즌 패스","icon-back-12","assets/placed/dc05be2a4b9c6fda0c.png","assets/icons/back.png","","48","141","56","56","1723","10","","","","",""
"pass","시즌 패스","text-13","assets/text/0cd4b2395a0dafdfda.png","","시즌 패스","138","143","742","65","1712","11","","","","",""
"pass","시즌 패스","button-14","assets/placed/a55e725f8d802af4a0.png","assets/ui/button-cream-normal.png","","958","138","76","76","1706","12","930","110","132","132","settings"
"pass","시즌 패스","icon-gear-15","assets/placed/71b09a6dc991d6f600.png","assets/icons/gear.png","","968","141","56","56","1723","13","","","","",""
"pass","시즌 패스","bottom-nav-16","assets/placed/8a8204f9fa1fc6115b.png","assets/ui/panel-cream.png","","24","1734","1032","160","26","14","","","","",""
"pass","시즌 패스","nav-hit-17","","","","39","1743","190","139","38","15","39","1743","190","139","workshop"
"pass","시즌 패스","icon-forge-18","assets/placed/12ef2fd983b0f617f0.png","assets/icons/forge.png","","105","1753","60","60","107","16","","","","",""
"pass","시즌 패스","text-19","assets/text/0d36b2df9353d9a6a4.png","","대장간","452","1792","180","44","84","17","","","","",""
"pass","시즌 패스","nav-hit-20","","","","243","1743","190","139","38","18","243","1743","190","139","cats"
"pass","시즌 패스","icon-cat-21","assets/placed/75618a37a684a9366c.png","assets/icons/cat.png","","308","1753","60","60","107","19","","","","",""
"pass","시즌 패스","text-22","assets/text/b2c2d20f3863ead9e4.png","","고양이","453","1792","180","44","84","20","","","","",""
"pass","시즌 패스","nav-hit-23","","","","447","1743","190","139","38","21","447","1743","190","139","modes"
"pass","시즌 패스","icon-sword-24","assets/placed/2f37f0487b559d4738.png","assets/icons/sword.png","","512","1753","60","60","107","22","","","","",""
"pass","시즌 패스","text-25","assets/text/37a71f4045908e9a35.png","","전투","452","1792","180","44","84","23","","","","",""
"pass","시즌 패스","active-tab-26","assets/placed/f669ab757bc5fc9425.png","assets/ui/panel-mint.png","","651","1744","190","135","41","24","","","","",""
"pass","시즌 패스","nav-hit-27","","","","651","1743","190","139","38","25","651","1743","190","139","shop"
"pass","시즌 패스","icon-shop-28","assets/placed/48f9aabd0f0ed93c20.png","assets/icons/shop.png","","716","1753","60","60","107","26","","","","",""
"pass","시즌 패스","text-29","assets/text/e93cf34436b725b2bc.png","","상점","657","1790","180","44","86","27","","","","",""
"pass","시즌 패스","nav-hit-30","","","","855","1743","190","139","38","28","855","1743","190","139","ranking"
"pass","시즌 패스","icon-trophy-31","assets/placed/f021e42cfce953f174.png","assets/icons/trophy.png","","920","1753","60","60","107","29","","","","",""
"pass","시즌 패스","text-32","assets/text/ae295d719fe151b0fc.png","","랭킹","453","1792","180","44","84","30","","","","",""
"pass","시즌 패스","panel-33","assets/placed/15f54cbe80ecbe7692.png","assets/ui/panel-peach.png","","48","250","984","275","1395","31","","","","",""
"pass","시즌 패스","text-34","assets/text/a2e84998b0fcde88f2.png","","가을 공방 패스","82","280","600","65","1575","32","","","","",""
"pass","시즌 패스","text-35","assets/text/3a1b23ee3a4972e0c0.png","","6주 · 총 50단계","82","342","650","42","1536","33","","","","",""
"pass","시즌 패스","shadow-cat-archer-36","assets/placed/29cf6c496bb3e07a5b.png","assets/ui/ground-shadow.png","","686","593","207","31","1296","34","","","","",""
"pass","시즌 패스","cat-archer-36","assets/placed/1bdbb853bd03e74c95.png","assets/characters/cat-archer.png","","650","330","280","280","1310","35","","","","",""
"pass","시즌 패스","subtitle-back-text-37","assets/placed/74c7b5ca2cd586858c.png","assets/ui/panel-cream.png","","56","550","938","69","1301","36","","","","",""
"pass","시즌 패스","text-37","assets/text/a25d7b07790ae3376b.png","","패스 Lv.12","70","558","910","56","1306","37","","","","",""
"pass","시즌 패스","track-38","assets/placed/57c0343888c9417062.png","assets/ui/progress-track.png","","64","630","952","28","1262","38","","","","",""
"pass","시즌 패스","fill-39","assets/placed/25064027c0e4cebcfc.png","assets/ui/progress-mint.png","","64","630","571","28","1262","39","","","","",""
"pass","시즌 패스","subtitle-back-text-40","assets/placed/f569585a68f195ba89.png","assets/ui/panel-cream.png","","50","620","980","45","1255","40","","","","",""
"pass","시즌 패스","text-40","assets/text/46ca8b1fe5521c0110.png","","600 / 1,000","64","625","952","32","1263","41","","","","",""
"pass","시즌 패스","text-41","assets/text/572bcbbaa25725b1e6.png","","단계","75","711","120","42","1167","42","","","","",""
"pass","시즌 패스","text-42","assets/text/ddbb211775e39a7748.png","","무료 보상","236","711","335","45","1164","43","","","","",""
"pass","시즌 패스","text-43","assets/text/a63afe0155d6be1dce.png","","프리미엄","641","711","330","45","1164","44","","","","",""
"pass","시즌 패스","panel-44","assets/placed/0cd9ea5870235cdf63.png","assets/ui/panel-cream.png","","48","782","984","151","987","45","","","","",""
"pass","시즌 패스","text-45","assets/text/059e1fc2b20c95b42c.png","","12","86","834","95","54","1032","46","","","","",""
"pass","시즌 패스","icon-gold-46","assets/placed/ef76f0ec92a3abac4a.png","assets/icons/gold.png","","335","802","105","105","1013","47","","","","",""
"pass","시즌 패스","icon-gem-47","assets/placed/b8622f4ef340ed682d.png","assets/icons/gem.png","","751","802","105","105","1013","48","","","","",""
"pass","시즌 패스","icon-check-48","assets/placed/2fc1fc6ac5d1bd6d79.png","assets/icons/check.png","","480","842","48","48","1030","49","","","","",""
"pass","시즌 패스","icon-lock-49","assets/placed/cd4ac9a5c6154e90be.png","assets/icons/lock.png","","891","840","46","46","1034","50","","","","",""
"pass","시즌 패스","panel-50","assets/placed/0cd9ea5870235cdf63.png","assets/ui/panel-cream.png","","48","957","984","151","812","51","","","","",""
"pass","시즌 패스","text-51","assets/text/2d4333be6c145aed63.png","","13","86","1009","95","54","857","52","","","","",""
"pass","시즌 패스","icon-gold-52","assets/placed/ef76f0ec92a3abac4a.png","assets/icons/gold.png","","335","977","105","105","838","53","","","","",""
"pass","시즌 패스","icon-gem-53","assets/placed/b8622f4ef340ed682d.png","assets/icons/gem.png","","751","977","105","105","838","54","","","","",""
"pass","시즌 패스","icon-lock-54","assets/placed/cd4ac9a5c6154e90be.png","assets/icons/lock.png","","891","1015","46","46","859","55","","","","",""
"pass","시즌 패스","panel-55","assets/placed/0cd9ea5870235cdf63.png","assets/ui/panel-cream.png","","48","1132","984","151","637","56","","","","",""
"pass","시즌 패스","text-56","assets/text/60688c20d9ab04e436.png","","14","86","1184","95","54","682","57","","","","",""
"pass","시즌 패스","icon-gold-57","assets/placed/ef76f0ec92a3abac4a.png","assets/icons/gold.png","","335","1152","105","105","663","58","","","","",""
"pass","시즌 패스","icon-gem-58","assets/placed/b8622f4ef340ed682d.png","assets/icons/gem.png","","751","1152","105","105","663","59","","","","",""
"pass","시즌 패스","icon-lock-59","assets/placed/cd4ac9a5c6154e90be.png","assets/icons/lock.png","","891","1190","46","46","684","60","","","","",""
"pass","시즌 패스","panel-60","assets/placed/0cd9ea5870235cdf63.png","assets/ui/panel-cream.png","","48","1307","984","151","462","61","","","","",""
"pass","시즌 패스","text-61","assets/text/db7d470d58a9144f6b.png","","15","86","1359","95","54","507","62","","","","",""
"pass","시즌 패스","icon-gold-62","assets/placed/ef76f0ec92a3abac4a.png","assets/icons/gold.png","","335","1327","105","105","488","63","","","","",""
"pass","시즌 패스","icon-cat-63","assets/placed/139d9f07e458a360ef.png","assets/icons/cat.png","","751","1327","105","105","488","64","","","","",""
"pass","시즌 패스","icon-lock-64","assets/placed/cd4ac9a5c6154e90be.png","assets/icons/lock.png","","891","1365","46","46","509","65","","","","",""
"pass","시즌 패스","button-65","assets/placed/e0845bd81e3ac3f36c.png","assets/ui/button-mint-normal.png","","48","1540","360","116","264","66","48","1532","360","132","missions"
"pass","시즌 패스","text-66","assets/text/821580745d58a2489c.png","","미션 보기","65","1563","328","48","309","67","","","","",""
"pass","시즌 패스","button-67","assets/placed/56d0e0cee85d181f74.png","assets/ui/button-yellow-normal.png","","430","1540","602","116","264","68","430","1532","602","132","purchase"
"pass","시즌 패스","text-68","assets/text/00ece7e92d8393f339.png","","패스 구매 · ₩11,000","446","1563","570","48","309","69","","","","",""
"missions","일일 · 시즌 미션","background-1","assets/placed/348bc5b287f1eee990.png","assets/backgrounds/town.png","","0","0","1080","1920","0","0","","","","",""
"missions","일일 · 시즌 미션","resource-bar-3","assets/placed/67b2bb1183ebc40ed1.png","assets/ui/panel-cream.png","","30","28","1020","90","1802","1","","","","",""
"missions","일일 · 시즌 미션","title-bar-4","assets/placed/21cf35d5dcee417b8d.png","assets/ui/panel-cream.png","","30","128","1020","104","1688","2","","","","",""
"missions","일일 · 시즌 미션","icon-energy-5","assets/placed/9fa198e8f4245dbd0f.png","assets/icons/energy.png","","52","43","54","54","1823","3","","","","",""
"missions","일일 · 시즌 미션","text-6","assets/text/4f65a133e0ebec885a.png","","40/50","113","50","195","47","1823","4","","","","",""
"missions","일일 · 시즌 미션","icon-gold-7","assets/placed/0274a23a232ef47921.png","assets/icons/gold.png","","368","43","54","54","1823","5","","","","",""
"missions","일일 · 시즌 미션","text-8","assets/text/ed149040bb71721e2c.png","","12,500","429","50","195","47","1823","6","","","","",""
"missions","일일 · 시즌 미션","icon-gem-9","assets/placed/e238412bd856f270d9.png","assets/icons/gem.png","","684","43","54","54","1823","7","","","","",""
"missions","일일 · 시즌 미션","text-10","assets/text/b710de3b8f0ad3e447.png","","320","745","50","195","47","1823","8","","","","",""
"missions","일일 · 시즌 미션","button-11","assets/placed/a55e725f8d802af4a0.png","assets/ui/button-cream-normal.png","","38","138","76","76","1706","9","10","110","132","132","pass"
"missions","일일 · 시즌 미션","icon-back-12","assets/placed/dc05be2a4b9c6fda0c.png","assets/icons/back.png","","48","141","56","56","1723","10","","","","",""
"missions","일일 · 시즌 미션","text-13","assets/text/f34c9f543e2164767c.png","","일일 · 시즌 미션","138","143","742","65","1712","11","","","","",""
"missions","일일 · 시즌 미션","button-14","assets/placed/a55e725f8d802af4a0.png","assets/ui/button-cream-normal.png","","958","138","76","76","1706","12","930","110","132","132","settings"
"missions","일일 · 시즌 미션","icon-gear-15","assets/placed/71b09a6dc991d6f600.png","assets/icons/gear.png","","968","141","56","56","1723","13","","","","",""
"missions","일일 · 시즌 미션","bottom-nav-16","assets/placed/8a8204f9fa1fc6115b.png","assets/ui/panel-cream.png","","24","1734","1032","160","26","14","","","","",""
"missions","일일 · 시즌 미션","nav-hit-17","","","","39","1743","190","139","38","15","39","1743","190","139","workshop"
"missions","일일 · 시즌 미션","icon-forge-18","assets/placed/12ef2fd983b0f617f0.png","assets/icons/forge.png","","105","1753","60","60","107","16","","","","",""
"missions","일일 · 시즌 미션","text-19","assets/text/0d36b2df9353d9a6a4.png","","대장간","452","1792","180","44","84","17","","","","",""
"missions","일일 · 시즌 미션","nav-hit-20","","","","243","1743","190","139","38","18","243","1743","190","139","cats"
"missions","일일 · 시즌 미션","icon-cat-21","assets/placed/75618a37a684a9366c.png","assets/icons/cat.png","","308","1753","60","60","107","19","","","","",""
"missions","일일 · 시즌 미션","text-22","assets/text/b2c2d20f3863ead9e4.png","","고양이","453","1792","180","44","84","20","","","","",""
"missions","일일 · 시즌 미션","active-tab-23","assets/placed/f669ab757bc5fc9425.png","assets/ui/panel-mint.png","","447","1744","190","135","41","21","","","","",""
"missions","일일 · 시즌 미션","nav-hit-24","","","","447","1743","190","139","38","22","447","1743","190","139","modes"
"missions","일일 · 시즌 미션","icon-sword-25","assets/placed/2f37f0487b559d4738.png","assets/icons/sword.png","","512","1753","60","60","107","23","","","","",""
"missions","일일 · 시즌 미션","text-26","assets/text/37a71f4045908e9a35.png","","전투","452","1790","180","44","86","24","","","","",""
"missions","일일 · 시즌 미션","nav-hit-27","","","","651","1743","190","139","38","25","651","1743","190","139","shop"
"missions","일일 · 시즌 미션","icon-shop-28","assets/placed/48f9aabd0f0ed93c20.png","assets/icons/shop.png","","716","1753","60","60","107","26","","","","",""
"missions","일일 · 시즌 미션","text-29","assets/text/e93cf34436b725b2bc.png","","상점","453","1792","180","44","84","27","","","","",""
"missions","일일 · 시즌 미션","nav-hit-30","","","","855","1743","190","139","38","28","855","1743","190","139","ranking"
"missions","일일 · 시즌 미션","icon-trophy-31","assets/placed/f021e42cfce953f174.png","assets/icons/trophy.png","","920","1753","60","60","107","29","","","","",""
"missions","일일 · 시즌 미션","text-32","assets/text/ae295d719fe151b0fc.png","","랭킹","453","1792","180","44","84","30","","","","",""
"missions","일일 · 시즌 미션","panel-33","assets/placed/4405b4a78e9acda39f.png","assets/ui/panel-cream.png","","48","260","984","148","1512","31","","","","",""
"missions","일일 · 시즌 미션","icon-forge-34","assets/placed/cc3109fb19ae684c0c.png","assets/icons/forge.png","","72","292","72","72","1556","32","","","","",""
"missions","일일 · 시즌 미션","text-35","assets/text/202a6f0a2eb5466fe8.png","","합성 50회","168","280","814","51","1589","33","","","","",""
"missions","일일 · 시즌 미션","text-36","assets/text/7bde20aa99d503bf64.png","","32 / 50 · 패스 경험치 100","168","333","834","39","1548","34","","","","",""
"missions","일일 · 시즌 미션","panel-37","assets/placed/c8922e860fc6b2a6b3.png","assets/ui/panel-mint.png","","48","430","984","148","1342","35","","","","",""
"missions","일일 · 시즌 미션","icon-sword-38","assets/placed/4ed079920ced162053.png","assets/icons/sword.png","","72","462","72","72","1386","36","","","","",""
"missions","일일 · 시즌 미션","text-39","assets/text/ae6e793378e11754a0.png","","개인 디펜스 3회","168","450","814","51","1419","37","","","","",""
"missions","일일 · 시즌 미션","text-40","assets/text/da892a689bdc37892a.png","","3 / 3 · 수령 가능","168","503","834","39","1378","38","","","","",""
"missions","일일 · 시즌 미션","row-hit-41","","","","48","430","984","148","1342","39","48","430","984","148","reward"
"missions","일일 · 시즌 미션","icon-back-42","assets/placed/75eff27796b699b40d.png","assets/icons/back.png","","972","479","34","34","1407","40","","","","",""
"missions","일일 · 시즌 미션","panel-43","assets/placed/4405b4a78e9acda39f.png","assets/ui/panel-cream.png","","48","600","984","148","1172","41","","","","",""
"missions","일일 · 시즌 미션","icon-people-44","assets/placed/822023bb977e95c4d0.png","assets/icons/people.png","","72","632","72","72","1216","42","","","","",""
"missions","일일 · 시즌 미션","text-45","assets/text/da3c828ce7befd3da7.png","","협동 전투 1회","168","620","814","51","1249","43","","","","",""
"missions","일일 · 시즌 미션","text-46","assets/text/71fc9e345047904061.png","","0 / 1 · 패스 경험치 100","168","673","834","39","1208","44","","","","",""
"missions","일일 · 시즌 미션","row-hit-47","","","","48","600","984","148","1172","45","48","600","984","148","coop"
"missions","일일 · 시즌 미션","icon-back-48","assets/placed/75eff27796b699b40d.png","assets/icons/back.png","","972","649","34","34","1237","46","","","","",""
"missions","일일 · 시즌 미션","panel-49","assets/placed/c8922e860fc6b2a6b3.png","assets/ui/panel-mint.png","","48","770","984","148","1002","47","","","","",""
"missions","일일 · 시즌 미션","icon-cat-50","assets/placed/6a68873531ce746268.png","assets/icons/cat.png","","72","802","72","72","1046","48","","","","",""
"missions","일일 · 시즌 미션","text-51","assets/text/a7192f53bea3d65ce1.png","","고양이 레벨업 1회","168","790","814","51","1079","49","","","","",""
"missions","일일 · 시즌 미션","text-52","assets/text/3ac25921e128ca7ff8.png","","1 / 1 · 수령 가능","168","843","834","39","1038","50","","","","",""
"missions","일일 · 시즌 미션","row-hit-53","","","","48","770","984","148","1002","51","48","770","984","148","reward"
"missions","일일 · 시즌 미션","icon-back-54","assets/placed/75eff27796b699b40d.png","assets/icons/back.png","","972","819","34","34","1067","52","","","","",""
"missions","일일 · 시즌 미션","panel-55","assets/placed/4405b4a78e9acda39f.png","assets/ui/panel-cream.png","","48","940","984","148","832","53","","","","",""
"missions","일일 · 시즌 미션","icon-play-56","assets/placed/adda7b6cc09f29efff.png","assets/icons/play.png","","72","972","72","72","876","54","","","","",""
"missions","일일 · 시즌 미션","text-57","assets/text/e627ef2914cd9bd834.png","","광고 보상 1회","168","960","814","51","909","55","","","","",""
"missions","일일 · 시즌 미션","text-58","assets/text/5be5cf3f5f674c4452.png","","0 / 1 · 선택 참여","168","1013","834","39","868","56","","","","",""
"missions","일일 · 시즌 미션","row-hit-59","","","","48","940","984","148","832","57","48","940","984","148","energy"
"missions","일일 · 시즌 미션","icon-back-60","assets/placed/75eff27796b699b40d.png","assets/icons/back.png","","972","989","34","34","897","58","","","","",""
"attendance","출석 선물","background-1","assets/placed/348bc5b287f1eee990.png","assets/backgrounds/town.png","","0","0","1080","1920","0","0","","","","",""
"attendance","출석 선물","resource-bar-3","assets/placed/67b2bb1183ebc40ed1.png","assets/ui/panel-cream.png","","30","28","1020","90","1802","1","","","","",""
"attendance","출석 선물","title-bar-4","assets/placed/21cf35d5dcee417b8d.png","assets/ui/panel-cream.png","","30","128","1020","104","1688","2","","","","",""
"attendance","출석 선물","icon-energy-5","assets/placed/9fa198e8f4245dbd0f.png","assets/icons/energy.png","","52","43","54","54","1823","3","","","","",""
"attendance","출석 선물","text-6","assets/text/4f65a133e0ebec885a.png","","40/50","113","50","195","47","1823","4","","","","",""
"attendance","출석 선물","icon-gold-7","assets/placed/0274a23a232ef47921.png","assets/icons/gold.png","","368","43","54","54","1823","5","","","","",""
"attendance","출석 선물","text-8","assets/text/ed149040bb71721e2c.png","","12,500","429","50","195","47","1823","6","","","","",""
"attendance","출석 선물","icon-gem-9","assets/placed/e238412bd856f270d9.png","assets/icons/gem.png","","684","43","54","54","1823","7","","","","",""
"attendance","출석 선물","text-10","assets/text/b710de3b8f0ad3e447.png","","320","745","50","195","47","1823","8","","","","",""
"attendance","출석 선물","button-11","assets/placed/a55e725f8d802af4a0.png","assets/ui/button-cream-normal.png","","38","138","76","76","1706","9","10","110","132","132","events"
"attendance","출석 선물","icon-back-12","assets/placed/dc05be2a4b9c6fda0c.png","assets/icons/back.png","","48","141","56","56","1723","10","","","","",""
"attendance","출석 선물","text-13","assets/text/3c6ae33e4f24b706a0.png","","출석 선물","138","143","742","65","1712","11","","","","",""
"attendance","출석 선물","button-14","assets/placed/a55e725f8d802af4a0.png","assets/ui/button-cream-normal.png","","958","138","76","76","1706","12","930","110","132","132","settings"
"attendance","출석 선물","icon-gear-15","assets/placed/71b09a6dc991d6f600.png","assets/icons/gear.png","","968","141","56","56","1723","13","","","","",""
"attendance","출석 선물","bottom-nav-16","assets/placed/8a8204f9fa1fc6115b.png","assets/ui/panel-cream.png","","24","1734","1032","160","26","14","","","","",""
"attendance","출석 선물","nav-hit-17","","","","39","1743","190","139","38","15","39","1743","190","139","workshop"
"attendance","출석 선물","icon-forge-18","assets/placed/12ef2fd983b0f617f0.png","assets/icons/forge.png","","105","1753","60","60","107","16","","","","",""
"attendance","출석 선물","text-19","assets/text/0d36b2df9353d9a6a4.png","","대장간","452","1792","180","44","84","17","","","","",""
"attendance","출석 선물","nav-hit-20","","","","243","1743","190","139","38","18","243","1743","190","139","cats"
"attendance","출석 선물","icon-cat-21","assets/placed/75618a37a684a9366c.png","assets/icons/cat.png","","308","1753","60","60","107","19","","","","",""
"attendance","출석 선물","text-22","assets/text/b2c2d20f3863ead9e4.png","","고양이","453","1792","180","44","84","20","","","","",""
"attendance","출석 선물","active-tab-23","assets/placed/f669ab757bc5fc9425.png","assets/ui/panel-mint.png","","447","1744","190","135","41","21","","","","",""
"attendance","출석 선물","nav-hit-24","","","","447","1743","190","139","38","22","447","1743","190","139","modes"
"attendance","출석 선물","icon-sword-25","assets/placed/2f37f0487b559d4738.png","assets/icons/sword.png","","512","1753","60","60","107","23","","","","",""
"attendance","출석 선물","text-26","assets/text/37a71f4045908e9a35.png","","전투","452","1790","180","44","86","24","","","","",""
"attendance","출석 선물","nav-hit-27","","","","651","1743","190","139","38","25","651","1743","190","139","shop"
"attendance","출석 선물","icon-shop-28","assets/placed/48f9aabd0f0ed93c20.png","assets/icons/shop.png","","716","1753","60","60","107","26","","","","",""
"attendance","출석 선물","text-29","assets/text/e93cf34436b725b2bc.png","","상점","453","1792","180","44","84","27","","","","",""
"attendance","출석 선물","nav-hit-30","","","","855","1743","190","139","38","28","855","1743","190","139","ranking"
"attendance","출석 선물","icon-trophy-31","assets/placed/f021e42cfce953f174.png","assets/icons/trophy.png","","920","1753","60","60","107","29","","","","",""
"attendance","출석 선물","text-32","assets/text/ae295d719fe151b0fc.png","","랭킹","453","1792","180","44","84","30","","","","",""
"attendance","출석 선물","panel-33","assets/placed/8df4e54e6fcd5c55e0.png","assets/ui/panel-peach.png","","48","250","984","300","1370","31","","","","",""
"attendance","출석 선물","text-34","assets/text/6dcb7b9f5460beb6c7.png","","매일 반가운 선물","82","280","600","65","1575","32","","","","",""
"attendance","출석 선물","text-35","assets/text/9e917f38258490f7fe.png","","이번 주 출석 3 / 7일","82","342","650","42","1536","33","","","","",""
"attendance","출석 선물","shadow-cat-healer-36","assets/placed/29cf6c496bb3e07a5b.png","assets/ui/ground-shadow.png","","686","593","207","31","1296","34","","","","",""
"attendance","출석 선물","cat-healer-36","assets/placed/db12ea6e557da751c7.png","assets/characters/cat-healer.png","","650","330","280","280","1310","35","","","","",""
"attendance","출석 선물","panel-37","assets/placed/529859f98c6dd64b15.png","assets/ui/panel-mint.png","","48","600","316","280","1040","36","","","","",""
"attendance","출석 선물","text-38","assets/text/e0a467563094f783ec.png","","1일차","70","622","270","47","1251","37","","","","",""
"attendance","출석 선물","icon-gold-39","assets/placed/57a1b9c52041eb2f40.png","assets/icons/gold.png","","141","691","130","130","1099","38","","","","",""
"attendance","출석 선물","icon-check-40","assets/placed/bef0000dc98e7a1b65.png","assets/icons/check.png","","296","628","43","43","1249","39","","","","",""
"attendance","출석 선물","panel-41","assets/placed/529859f98c6dd64b15.png","assets/ui/panel-mint.png","","382","600","316","280","1040","40","","","","",""
"attendance","출석 선물","text-42","assets/text/57f085259b02f263e2.png","","2일차","404","622","270","47","1251","41","","","","",""
"attendance","출석 선물","icon-gem-43","assets/placed/b28a7fde45fcfde02c.png","assets/icons/gem.png","","475","691","130","130","1099","42","","","","",""
"attendance","출석 선물","icon-check-44","assets/placed/bef0000dc98e7a1b65.png","assets/icons/check.png","","630","628","43","43","1249","43","","","","",""
"attendance","출석 선물","panel-45","assets/placed/529859f98c6dd64b15.png","assets/ui/panel-mint.png","","716","600","316","280","1040","44","","","","",""
"attendance","출석 선물","text-46","assets/text/b81258c4dff76d3a2b.png","","3일차","738","622","270","47","1251","45","","","","",""
"attendance","출석 선물","icon-gold-47","assets/placed/57a1b9c52041eb2f40.png","assets/icons/gold.png","","809","691","130","130","1099","46","","","","",""
"attendance","출석 선물","panel-48","assets/placed/e98b936a8d1c1e00c7.png","assets/ui/panel-cream.png","","48","906","316","280","734","47","","","","",""
"attendance","출석 선물","text-49","assets/text/9b1880ba5880394aa2.png","","4일차","70","928","270","47","945","48","","","","",""
"attendance","출석 선물","icon-gem-50","assets/placed/b28a7fde45fcfde02c.png","assets/icons/gem.png","","141","997","130","130","793","49","","","","",""
"attendance","출석 선물","panel-51","assets/placed/e98b936a8d1c1e00c7.png","assets/ui/panel-cream.png","","382","906","316","280","734","50","","","","",""
"attendance","출석 선물","text-52","assets/text/6e5f936b9c524920b3.png","","5일차","404","928","270","47","945","51","","","","",""
"attendance","출석 선물","icon-gold-53","assets/placed/57a1b9c52041eb2f40.png","assets/icons/gold.png","","475","997","130","130","793","52","","","","",""
"attendance","출석 선물","panel-54","assets/placed/e98b936a8d1c1e00c7.png","assets/ui/panel-cream.png","","716","906","316","280","734","53","","","","",""
"attendance","출석 선물","text-55","assets/text/2be6ca2fb9e2298fab.png","","6일차","738","928","270","47","945","54","","","","",""
"attendance","출석 선물","icon-gem-56","assets/placed/b28a7fde45fcfde02c.png","assets/icons/gem.png","","809","997","130","130","793","55","","","","",""
"attendance","출석 선물","panel-57","assets/placed/e98b936a8d1c1e00c7.png","assets/ui/panel-cream.png","","48","1212","316","280","428","56","","","","",""
"attendance","출석 선물","text-58","assets/text/d3ef21c4f977b7fc1d.png","","7일차","70","1234","270","47","639","57","","","","",""
"attendance","출석 선물","icon-chest-59","assets/placed/51a518ebef39ca30b8.png","assets/icons/chest.png","","141","1303","130","130","487","58","","","","",""
"attendance","출석 선물","button-60","assets/placed/e116faec48c9a04da3.png","assets/ui/button-yellow-normal.png","","390","1540","642","110","270","59","390","1529","642","132","reward"
"attendance","출석 선물","text-61","assets/text/a54109f66481bc98a2.png","","오늘의 선물 받기","407","1562","610","48","310","60","","","","",""
"mail","우편함","background-1","assets/placed/348bc5b287f1eee990.png","assets/backgrounds/town.png","","0","0","1080","1920","0","0","","","","",""
"mail","우편함","resource-bar-3","assets/placed/67b2bb1183ebc40ed1.png","assets/ui/panel-cream.png","","30","28","1020","90","1802","1","","","","",""
"mail","우편함","title-bar-4","assets/placed/21cf35d5dcee417b8d.png","assets/ui/panel-cream.png","","30","128","1020","104","1688","2","","","","",""
"mail","우편함","icon-energy-5","assets/placed/9fa198e8f4245dbd0f.png","assets/icons/energy.png","","52","43","54","54","1823","3","","","","",""
"mail","우편함","text-6","assets/text/4f65a133e0ebec885a.png","","40/50","113","50","195","47","1823","4","","","","",""
"mail","우편함","icon-gold-7","assets/placed/0274a23a232ef47921.png","assets/icons/gold.png","","368","43","54","54","1823","5","","","","",""
"mail","우편함","text-8","assets/text/ed149040bb71721e2c.png","","12,500","429","50","195","47","1823","6","","","","",""
"mail","우편함","icon-gem-9","assets/placed/e238412bd856f270d9.png","assets/icons/gem.png","","684","43","54","54","1823","7","","","","",""
"mail","우편함","text-10","assets/text/b710de3b8f0ad3e447.png","","320","745","50","195","47","1823","8","","","","",""
"mail","우편함","button-11","assets/placed/a55e725f8d802af4a0.png","assets/ui/button-cream-normal.png","","38","138","76","76","1706","9","10","110","132","132","workshop"
"mail","우편함","icon-back-12","assets/placed/dc05be2a4b9c6fda0c.png","assets/icons/back.png","","48","141","56","56","1723","10","","","","",""
"mail","우편함","text-13","assets/text/80074dc697bf9bdf3a.png","","우편함","138","143","742","65","1712","11","","","","",""
"mail","우편함","button-14","assets/placed/a55e725f8d802af4a0.png","assets/ui/button-cream-normal.png","","958","138","76","76","1706","12","930","110","132","132","settings"
"mail","우편함","icon-gear-15","assets/placed/71b09a6dc991d6f600.png","assets/icons/gear.png","","968","141","56","56","1723","13","","","","",""
"mail","우편함","bottom-nav-16","assets/placed/8a8204f9fa1fc6115b.png","assets/ui/panel-cream.png","","24","1734","1032","160","26","14","","","","",""
"mail","우편함","nav-hit-17","","","","39","1743","190","139","38","15","39","1743","190","139","workshop"
"mail","우편함","icon-forge-18","assets/placed/12ef2fd983b0f617f0.png","assets/icons/forge.png","","105","1753","60","60","107","16","","","","",""
"mail","우편함","text-19","assets/text/0d36b2df9353d9a6a4.png","","대장간","452","1792","180","44","84","17","","","","",""
"mail","우편함","nav-hit-20","","","","243","1743","190","139","38","18","243","1743","190","139","cats"
"mail","우편함","icon-cat-21","assets/placed/75618a37a684a9366c.png","assets/icons/cat.png","","308","1753","60","60","107","19","","","","",""
"mail","우편함","text-22","assets/text/b2c2d20f3863ead9e4.png","","고양이","453","1792","180","44","84","20","","","","",""
"mail","우편함","active-tab-23","assets/placed/f669ab757bc5fc9425.png","assets/ui/panel-mint.png","","447","1744","190","135","41","21","","","","",""
"mail","우편함","nav-hit-24","","","","447","1743","190","139","38","22","447","1743","190","139","modes"
"mail","우편함","icon-sword-25","assets/placed/2f37f0487b559d4738.png","assets/icons/sword.png","","512","1753","60","60","107","23","","","","",""
"mail","우편함","text-26","assets/text/37a71f4045908e9a35.png","","전투","452","1790","180","44","86","24","","","","",""
"mail","우편함","nav-hit-27","","","","651","1743","190","139","38","25","651","1743","190","139","shop"
"mail","우편함","icon-shop-28","assets/placed/48f9aabd0f0ed93c20.png","assets/icons/shop.png","","716","1753","60","60","107","26","","","","",""
"mail","우편함","text-29","assets/text/e93cf34436b725b2bc.png","","상점","453","1792","180","44","84","27","","","","",""
"mail","우편함","nav-hit-30","","","","855","1743","190","139","38","28","855","1743","190","139","ranking"
"mail","우편함","icon-trophy-31","assets/placed/f021e42cfce953f174.png","assets/icons/trophy.png","","920","1753","60","60","107","29","","","","",""
"mail","우편함","text-32","assets/text/ae295d719fe151b0fc.png","","랭킹","453","1792","180","44","84","30","","","","",""
"mail","우편함","panel-33","assets/placed/4405b4a78e9acda39f.png","assets/ui/panel-cream.png","","48","260","984","148","1512","31","","","","",""
"mail","우편함","icon-chest-34","assets/placed/39275b559de057d382.png","assets/icons/chest.png","","72","292","72","72","1556","32","","","","",""
"mail","우편함","text-35","assets/text/ca614ccfbff111aa77.png","","월드보스 단계 보상","168","280","814","51","1589","33","","","","",""
"mail","우편함","text-36","assets/text/2635e099114c35d7ea.png","","75% 달성 · 보관 기간 6일","168","333","834","39","1548","34","","","","",""
"mail","우편함","row-hit-37","","","","48","260","984","148","1512","35","48","260","984","148","reward"
"mail","우편함","icon-back-38","assets/placed/75eff27796b699b40d.png","assets/icons/back.png","","972","309","34","34","1577","36","","","","",""
"mail","우편함","panel-39","assets/placed/4405b4a78e9acda39f.png","assets/ui/panel-cream.png","","48","430","984","148","1342","37","","","","",""
"mail","우편함","icon-gem-40","assets/placed/25d25aca1e6ac16788.png","assets/icons/gem.png","","72","462","72","72","1386","38","","","","",""
"mail","우편함","text-41","assets/text/53e6d794fc76bb5b2c.png","","공방 축제 선물","168","450","814","51","1419","39","","","","",""
"mail","우편함","text-42","assets/text/fb3580e1910090550c.png","","골드 3,000 · 보석 50","168","503","834","39","1378","40","","","","",""
"mail","우편함","row-hit-43","","","","48","430","984","148","1342","41","48","430","984","148","reward"
"mail","우편함","icon-back-44","assets/placed/75eff27796b699b40d.png","assets/icons/back.png","","972","479","34","34","1407","42","","","","",""
"mail","우편함","panel-45","assets/placed/4405b4a78e9acda39f.png","assets/ui/panel-cream.png","","48","600","984","148","1172","43","","","","",""
"mail","우편함","icon-energy-46","assets/placed/21d7319266d98259e9.png","assets/icons/energy.png","","72","632","72","72","1216","44","","","","",""
"mail","우편함","text-47","assets/text/a169a4012fecec1b85.png","","점검 보상","168","620","814","51","1249","45","","","","",""
"mail","우편함","text-48","assets/text/1b4be646770026dfbd.png","","에너지 20 · 보관 기간 2일","168","673","834","39","1208","46","","","","",""
"mail","우편함","row-hit-49","","","","48","600","984","148","1172","47","48","600","984","148","reward"
"mail","우편함","icon-back-50","assets/placed/75eff27796b699b40d.png","assets/icons/back.png","","972","649","34","34","1237","48","","","","",""
"mail","우편함","button-51","assets/placed/92355701f3992aaf32.png","assets/ui/button-yellow-normal.png","","48","1550","984","112","258","49","48","1540","984","132","reward"
"mail","우편함","text-52","assets/text/064aac2b1128adddfa.png","","모두 받기","65","1573","952","48","299","50","","","","",""
"friends","친구","background-1","assets/placed/348bc5b287f1eee990.png","assets/backgrounds/town.png","","0","0","1080","1920","0","0","","","","",""
"friends","친구","resource-bar-3","assets/placed/67b2bb1183ebc40ed1.png","assets/ui/panel-cream.png","","30","28","1020","90","1802","1","","","","",""
"friends","친구","title-bar-4","assets/placed/21cf35d5dcee417b8d.png","assets/ui/panel-cream.png","","30","128","1020","104","1688","2","","","","",""
"friends","친구","icon-energy-5","assets/placed/9fa198e8f4245dbd0f.png","assets/icons/energy.png","","52","43","54","54","1823","3","","","","",""
"friends","친구","text-6","assets/text/4f65a133e0ebec885a.png","","40/50","113","50","195","47","1823","4","","","","",""
"friends","친구","icon-gold-7","assets/placed/0274a23a232ef47921.png","assets/icons/gold.png","","368","43","54","54","1823","5","","","","",""
"friends","친구","text-8","assets/text/ed149040bb71721e2c.png","","12,500","429","50","195","47","1823","6","","","","",""
"friends","친구","icon-gem-9","assets/placed/e238412bd856f270d9.png","assets/icons/gem.png","","684","43","54","54","1823","7","","","","",""
"friends","친구","text-10","assets/text/b710de3b8f0ad3e447.png","","320","745","50","195","47","1823","8","","","","",""
"friends","친구","button-11","assets/placed/a55e725f8d802af4a0.png","assets/ui/button-cream-normal.png","","38","138","76","76","1706","9","10","110","132","132","workshop"
"friends","친구","icon-back-12","assets/placed/dc05be2a4b9c6fda0c.png","assets/icons/back.png","","48","141","56","56","1723","10","","","","",""
"friends","친구","text-13","assets/text/79a013fa25857b8d8d.png","","친구","138","143","742","65","1712","11","","","","",""
"friends","친구","button-14","assets/placed/a55e725f8d802af4a0.png","assets/ui/button-cream-normal.png","","958","138","76","76","1706","12","930","110","132","132","settings"
"friends","친구","icon-gear-15","assets/placed/71b09a6dc991d6f600.png","assets/icons/gear.png","","968","141","56","56","1723","13","","","","",""
"friends","친구","bottom-nav-16","assets/placed/8a8204f9fa1fc6115b.png","assets/ui/panel-cream.png","","24","1734","1032","160","26","14","","","","",""
"friends","친구","nav-hit-17","","","","39","1743","190","139","38","15","39","1743","190","139","workshop"
"friends","친구","icon-forge-18","assets/placed/12ef2fd983b0f617f0.png","assets/icons/forge.png","","105","1753","60","60","107","16","","","","",""
"friends","친구","text-19","assets/text/0d36b2df9353d9a6a4.png","","대장간","452","1792","180","44","84","17","","","","",""
"friends","친구","nav-hit-20","","","","243","1743","190","139","38","18","243","1743","190","139","cats"
"friends","친구","icon-cat-21","assets/placed/75618a37a684a9366c.png","assets/icons/cat.png","","308","1753","60","60","107","19","","","","",""
"friends","친구","text-22","assets/text/b2c2d20f3863ead9e4.png","","고양이","453","1792","180","44","84","20","","","","",""
"friends","친구","active-tab-23","assets/placed/f669ab757bc5fc9425.png","assets/ui/panel-mint.png","","447","1744","190","135","41","21","","","","",""
"friends","친구","nav-hit-24","","","","447","1743","190","139","38","22","447","1743","190","139","modes"
"friends","친구","icon-sword-25","assets/placed/2f37f0487b559d4738.png","assets/icons/sword.png","","512","1753","60","60","107","23","","","","",""
"friends","친구","text-26","assets/text/37a71f4045908e9a35.png","","전투","452","1790","180","44","86","24","","","","",""
"friends","친구","nav-hit-27","","","","651","1743","190","139","38","25","651","1743","190","139","shop"
"friends","친구","icon-shop-28","assets/placed/48f9aabd0f0ed93c20.png","assets/icons/shop.png","","716","1753","60","60","107","26","","","","",""
"friends","친구","text-29","assets/text/e93cf34436b725b2bc.png","","상점","453","1792","180","44","84","27","","","","",""
"friends","친구","nav-hit-30","","","","855","1743","190","139","38","28","855","1743","190","139","ranking"
"friends","친구","icon-trophy-31","assets/placed/f021e42cfce953f174.png","assets/icons/trophy.png","","920","1753","60","60","107","29","","","","",""
"friends","친구","text-32","assets/text/ae295d719fe151b0fc.png","","랭킹","453","1792","180","44","84","30","","","","",""
"friends","친구","panel-33","assets/placed/c8922e860fc6b2a6b3.png","assets/ui/panel-mint.png","","48","260","984","148","1512","31","","","","",""
"friends","친구","icon-cat-34","assets/placed/6a68873531ce746268.png","assets/icons/cat.png","","72","292","72","72","1556","32","","","","",""
"friends","친구","text-35","assets/text/c139eb61dfec4f77a1.png","","달빛냥 · 접속 중","168","280","814","51","1589","33","","","","",""
"friends","친구","text-36","assets/text/8aa4b8a4f4fb0e8a52.png","","전투력 3,450 · 협동 초대 가능","168","333","834","39","1548","34","","","","",""
"friends","친구","row-hit-37","","","","48","260","984","148","1512","35","48","260","984","148","coop-room"
"friends","친구","icon-back-38","assets/placed/75eff27796b699b40d.png","assets/icons/back.png","","972","309","34","34","1577","36","","","","",""
"friends","친구","panel-39","assets/placed/4405b4a78e9acda39f.png","assets/ui/panel-cream.png","","48","430","984","148","1342","37","","","","",""
"friends","친구","icon-sword-40","assets/placed/4ed079920ced162053.png","assets/icons/sword.png","","72","462","72","72","1386","38","","","","",""
"friends","친구","text-41","assets/text/b246f6bf08141d80ee.png","","고등어냥 · 접속 중","168","450","814","51","1419","39","","","","",""
"friends","친구","text-42","assets/text/9e2f473ad85e8faf53.png","","전투력 2,850 · 대전 중","168","503","834","39","1378","40","","","","",""
"friends","친구","row-hit-43","","","","48","430","984","148","1342","41","48","430","984","148","ranking-profile"
"friends","친구","icon-back-44","assets/placed/75eff27796b699b40d.png","assets/icons/back.png","","972","479","34","34","1407","42","","","","",""
"friends","친구","panel-45","assets/placed/4405b4a78e9acda39f.png","assets/ui/panel-cream.png","","48","600","984","148","1172","43","","","","",""
"friends","친구","icon-cat-46","assets/placed/6a68873531ce746268.png","assets/icons/cat.png","","72","632","72","72","1216","44","","","","",""
"friends","친구","text-47","assets/text/d5cea8c8a2308f603a.png","","초코냥 · 2시간 전","168","620","814","51","1249","45","","","","",""
"friends","친구","text-48","assets/text/8e3e81014e3a33e56f.png","","전투력 2,100","168","673","834","39","1208","46","","","","",""
"friends","친구","row-hit-49","","","","48","600","984","148","1172","47","48","600","984","148","ranking-profile"
"friends","친구","icon-back-50","assets/placed/75eff27796b699b40d.png","assets/icons/back.png","","972","649","34","34","1237","48","","","","",""
"friends","친구","panel-51","assets/placed/4405b4a78e9acda39f.png","assets/ui/panel-cream.png","","48","770","984","148","1002","49","","","","",""
"friends","친구","icon-people-52","assets/placed/822023bb977e95c4d0.png","assets/icons/people.png","","72","802","72","72","1046","50","","","","",""
"friends","친구","text-53","assets/text/f35ad07fd1887db27b.png","","친구 초대 코드","168","790","814","51","1079","51","","","","",""
"friends","친구","text-54","assets/text/2d669a58d5d1b662c5.png","","내 코드 CAT247","168","843","834","39","1038","52","","","","",""
"friends","친구","row-hit-55","","","","48","770","984","148","1002","53","48","770","984","148","join-room"
"friends","친구","icon-back-56","assets/placed/75eff27796b699b40d.png","assets/icons/back.png","","972","819","34","34","1067","54","","","","",""
"profile","내 프로필","background-1","assets/placed/348bc5b287f1eee990.png","assets/backgrounds/town.png","","0","0","1080","1920","0","0","","","","",""
"profile","내 프로필","resource-bar-3","assets/placed/67b2bb1183ebc40ed1.png","assets/ui/panel-cream.png","","30","28","1020","90","1802","1","","","","",""
"profile","내 프로필","title-bar-4","assets/placed/21cf35d5dcee417b8d.png","assets/ui/panel-cream.png","","30","128","1020","104","1688","2","","","","",""
"profile","내 프로필","icon-energy-5","assets/placed/9fa198e8f4245dbd0f.png","assets/icons/energy.png","","52","43","54","54","1823","3","","","","",""
"profile","내 프로필","text-6","assets/text/4f65a133e0ebec885a.png","","40/50","113","50","195","47","1823","4","","","","",""
"profile","내 프로필","icon-gold-7","assets/placed/0274a23a232ef47921.png","assets/icons/gold.png","","368","43","54","54","1823","5","","","","",""
"profile","내 프로필","text-8","assets/text/ed149040bb71721e2c.png","","12,500","429","50","195","47","1823","6","","","","",""
"profile","내 프로필","icon-gem-9","assets/placed/e238412bd856f270d9.png","assets/icons/gem.png","","684","43","54","54","1823","7","","","","",""
"profile","내 프로필","text-10","assets/text/b710de3b8f0ad3e447.png","","320","745","50","195","47","1823","8","","","","",""
"profile","내 프로필","button-11","assets/placed/a55e725f8d802af4a0.png","assets/ui/button-cream-normal.png","","38","138","76","76","1706","9","10","110","132","132","settings"
"profile","내 프로필","icon-back-12","assets/placed/dc05be2a4b9c6fda0c.png","assets/icons/back.png","","48","141","56","56","1723","10","","","","",""
"profile","내 프로필","text-13","assets/text/924fcd29454faf1539.png","","내 프로필","138","143","742","65","1712","11","","","","",""
"profile","내 프로필","button-14","assets/placed/a55e725f8d802af4a0.png","assets/ui/button-cream-normal.png","","958","138","76","76","1706","12","930","110","132","132","settings"
"profile","내 프로필","icon-gear-15","assets/placed/71b09a6dc991d6f600.png","assets/icons/gear.png","","968","141","56","56","1723","13","","","","",""
"profile","내 프로필","bottom-nav-16","assets/placed/8a8204f9fa1fc6115b.png","assets/ui/panel-cream.png","","24","1734","1032","160","26","14","","","","",""
"profile","내 프로필","nav-hit-17","","","","39","1743","190","139","38","15","39","1743","190","139","workshop"
"profile","내 프로필","icon-forge-18","assets/placed/12ef2fd983b0f617f0.png","assets/icons/forge.png","","105","1753","60","60","107","16","","","","",""
"profile","내 프로필","text-19","assets/text/0d36b2df9353d9a6a4.png","","대장간","452","1792","180","44","84","17","","","","",""
"profile","내 프로필","nav-hit-20","","","","243","1743","190","139","38","18","243","1743","190","139","cats"
"profile","내 프로필","icon-cat-21","assets/placed/75618a37a684a9366c.png","assets/icons/cat.png","","308","1753","60","60","107","19","","","","",""
"profile","내 프로필","text-22","assets/text/b2c2d20f3863ead9e4.png","","고양이","453","1792","180","44","84","20","","","","",""
"profile","내 프로필","active-tab-23","assets/placed/f669ab757bc5fc9425.png","assets/ui/panel-mint.png","","447","1744","190","135","41","21","","","","",""
"profile","내 프로필","nav-hit-24","","","","447","1743","190","139","38","22","447","1743","190","139","modes"
"profile","내 프로필","icon-sword-25","assets/placed/2f37f0487b559d4738.png","assets/icons/sword.png","","512","1753","60","60","107","23","","","","",""
"profile","내 프로필","text-26","assets/text/37a71f4045908e9a35.png","","전투","452","1790","180","44","86","24","","","","",""
"profile","내 프로필","nav-hit-27","","","","651","1743","190","139","38","25","651","1743","190","139","shop"
"profile","내 프로필","icon-shop-28","assets/placed/48f9aabd0f0ed93c20.png","assets/icons/shop.png","","716","1753","60","60","107","26","","","","",""
"profile","내 프로필","text-29","assets/text/e93cf34436b725b2bc.png","","상점","453","1792","180","44","84","27","","","","",""
"profile","내 프로필","nav-hit-30","","","","855","1743","190","139","38","28","855","1743","190","139","ranking"
"profile","내 프로필","icon-trophy-31","assets/placed/f021e42cfce953f174.png","assets/icons/trophy.png","","920","1753","60","60","107","29","","","","",""
"profile","내 프로필","text-32","assets/text/ae295d719fe151b0fc.png","","랭킹","453","1792","180","44","84","30","","","","",""
"profile","내 프로필","panel-33","assets/placed/1753c0537bc9f8cfc7.png","assets/ui/panel-mint.png","","48","248","984","250","1422","31","","","","",""
"profile","내 프로필","text-34","assets/text/dc2262c22ab3de1dc6.png","","머지집사","82","278","600","65","1577","32","","","","",""
"profile","내 프로필","text-35","assets/text/2f3e8d81b1355c5547.png","","실버 발톱 II · 전투력 1,850","82","340","650","42","1538","33","","","","",""
"profile","내 프로필","shadow-cat-warrior-36","assets/placed/29cf6c496bb3e07a5b.png","assets/ui/ground-shadow.png","","686","591","207","31","1298","34","","","","",""
"profile","내 프로필","cat-warrior-36","assets/placed/78a48d2eec5b30a5ad.png","assets/characters/cat-warrior.png","","650","328","280","280","1312","35","","","","",""
"profile","내 프로필","panel-37","assets/placed/4405b4a78e9acda39f.png","assets/ui/panel-cream.png","","48","530","984","148","1242","36","","","","",""
"profile","내 프로필","icon-cat-38","assets/placed/6a68873531ce746268.png","assets/icons/cat.png","","72","562","72","72","1286","37","","","","",""
"profile","내 프로필","text-39","assets/text/0d1e8d7d4a512db52e.png","","집사 이름","168","550","814","51","1319","38","","","","",""
"profile","내 프로필","text-40","assets/text/942b8c331b7a551d9d.png","","머지집사 · UID 102478","168","603","834","39","1278","39","","","","",""
"profile","내 프로필","panel-41","assets/placed/4405b4a78e9acda39f.png","assets/ui/panel-cream.png","","48","700","984","148","1072","40","","","","",""
"profile","내 프로필","icon-star-42","assets/placed/dabcc98c00c0b5e5ef.png","assets/icons/star.png","","72","732","72","72","1116","41","","","","",""
"profile","내 프로필","text-43","assets/text/1c55806fd403180181.png","","칭호","168","720","814","51","1149","42","","","","",""
"profile","내 프로필","text-44","assets/text/0e6f64d75ce091d10f.png","","새싹 대장장이","168","773","834","39","1108","43","","","","",""
"profile","내 프로필","row-hit-45","","","","48","700","984","148","1072","44","48","700","984","148","season-rewards"
"profile","내 프로필","icon-back-46","assets/placed/75eff27796b699b40d.png","assets/icons/back.png","","972","749","34","34","1137","45","","","","",""
"profile","내 프로필","panel-47","assets/placed/4405b4a78e9acda39f.png","assets/ui/panel-cream.png","","48","870","984","148","902","46","","","","",""
"profile","내 프로필","icon-trophy-48","assets/placed/bfdc290d6960908a18.png","assets/icons/trophy.png","","72","902","72","72","946","47","","","","",""
"profile","내 프로필","text-49","assets/text/416031a6a94206d48d.png","","프로필 테두리","168","890","814","51","979","48","","","","",""
"profile","내 프로필","text-50","assets/text/063a6087eb4f0262f9.png","","기본 · 시즌 보상에서 획득","168","943","834","39","938","49","","","","",""
"profile","내 프로필","row-hit-51","","","","48","870","984","148","902","50","48","870","984","148","season-rewards"
"profile","내 프로필","icon-back-52","assets/placed/75eff27796b699b40d.png","assets/icons/back.png","","972","919","34","34","967","51","","","","",""
"profile","내 프로필","panel-53","assets/placed/4405b4a78e9acda39f.png","assets/ui/panel-cream.png","","48","1040","984","148","732","52","","","","",""
"profile","내 프로필","icon-check-54","assets/placed/9ae39ab8c34c9a3734.png","assets/icons/check.png","","72","1072","72","72","776","53","","","","",""
"profile","내 프로필","text-55","assets/text/e5cac84cb549fb9fb3.png","","연결 계정","168","1060","814","51","809","54","","","","",""
"profile","내 프로필","text-56","assets/text/f29064183dff77c1ae.png","","Google 계정 연동 상태","168","1113","834","39","768","55","","","","",""
"profile","내 프로필","row-hit-57","","","","48","1040","984","148","732","56","48","1040","984","148","login"
"profile","내 프로필","icon-back-58","assets/placed/75eff27796b699b40d.png","assets/icons/back.png","","972","1089","34","34","797","57","","","","",""
"settings","설정","background-1","assets/placed/348bc5b287f1eee990.png","assets/backgrounds/town.png","","0","0","1080","1920","0","0","","","","",""
"settings","설정","resource-bar-3","assets/placed/67b2bb1183ebc40ed1.png","assets/ui/panel-cream.png","","30","28","1020","90","1802","1","","","","",""
"settings","설정","title-bar-4","assets/placed/21cf35d5dcee417b8d.png","assets/ui/panel-cream.png","","30","128","1020","104","1688","2","","","","",""
"settings","설정","icon-energy-5","assets/placed/9fa198e8f4245dbd0f.png","assets/icons/energy.png","","52","43","54","54","1823","3","","","","",""
"settings","설정","text-6","assets/text/4f65a133e0ebec885a.png","","40/50","113","50","195","47","1823","4","","","","",""
"settings","설정","icon-gold-7","assets/placed/0274a23a232ef47921.png","assets/icons/gold.png","","368","43","54","54","1823","5","","","","",""
"settings","설정","text-8","assets/text/ed149040bb71721e2c.png","","12,500","429","50","195","47","1823","6","","","","",""
"settings","설정","icon-gem-9","assets/placed/e238412bd856f270d9.png","assets/icons/gem.png","","684","43","54","54","1823","7","","","","",""
"settings","설정","text-10","assets/text/b710de3b8f0ad3e447.png","","320","745","50","195","47","1823","8","","","","",""
"settings","설정","button-11","assets/placed/a55e725f8d802af4a0.png","assets/ui/button-cream-normal.png","","38","138","76","76","1706","9","10","110","132","132","workshop"
"settings","설정","icon-back-12","assets/placed/dc05be2a4b9c6fda0c.png","assets/icons/back.png","","48","141","56","56","1723","10","","","","",""
"settings","설정","text-13","assets/text/f39c9a431e660efbad.png","","설정","138","143","742","65","1712","11","","","","",""
"settings","설정","button-14","assets/placed/a55e725f8d802af4a0.png","assets/ui/button-cream-normal.png","","958","138","76","76","1706","12","930","110","132","132","settings"
"settings","설정","icon-gear-15","assets/placed/71b09a6dc991d6f600.png","assets/icons/gear.png","","968","141","56","56","1723","13","","","","",""
"settings","설정","bottom-nav-16","assets/placed/8a8204f9fa1fc6115b.png","assets/ui/panel-cream.png","","24","1734","1032","160","26","14","","","","",""
"settings","설정","nav-hit-17","","","","39","1743","190","139","38","15","39","1743","190","139","workshop"
"settings","설정","icon-forge-18","assets/placed/12ef2fd983b0f617f0.png","assets/icons/forge.png","","105","1753","60","60","107","16","","","","",""
"settings","설정","text-19","assets/text/0d36b2df9353d9a6a4.png","","대장간","452","1792","180","44","84","17","","","","",""
"settings","설정","nav-hit-20","","","","243","1743","190","139","38","18","243","1743","190","139","cats"
"settings","설정","icon-cat-21","assets/placed/75618a37a684a9366c.png","assets/icons/cat.png","","308","1753","60","60","107","19","","","","",""
"settings","설정","text-22","assets/text/b2c2d20f3863ead9e4.png","","고양이","453","1792","180","44","84","20","","","","",""
"settings","설정","active-tab-23","assets/placed/f669ab757bc5fc9425.png","assets/ui/panel-mint.png","","447","1744","190","135","41","21","","","","",""
"settings","설정","nav-hit-24","","","","447","1743","190","139","38","22","447","1743","190","139","modes"
"settings","설정","icon-sword-25","assets/placed/2f37f0487b559d4738.png","assets/icons/sword.png","","512","1753","60","60","107","23","","","","",""
"settings","설정","text-26","assets/text/37a71f4045908e9a35.png","","전투","452","1790","180","44","86","24","","","","",""
"settings","설정","nav-hit-27","","","","651","1743","190","139","38","25","651","1743","190","139","shop"
"settings","설정","icon-shop-28","assets/placed/48f9aabd0f0ed93c20.png","assets/icons/shop.png","","716","1753","60","60","107","26","","","","",""
"settings","설정","text-29","assets/text/e93cf34436b725b2bc.png","","상점","453","1792","180","44","84","27","","","","",""
"settings","설정","nav-hit-30","","","","855","1743","190","139","38","28","855","1743","190","139","ranking"
"settings","설정","icon-trophy-31","assets/placed/f021e42cfce953f174.png","assets/icons/trophy.png","","920","1753","60","60","107","29","","","","",""
"settings","설정","text-32","assets/text/ae295d719fe151b0fc.png","","랭킹","453","1792","180","44","84","30","","","","",""
"settings","설정","panel-33","assets/placed/4405b4a78e9acda39f.png","assets/ui/panel-cream.png","","48","260","984","148","1512","31","","","","",""
"settings","설정","icon-play-34","assets/placed/adda7b6cc09f29efff.png","assets/icons/play.png","","72","292","72","72","1556","32","","","","",""
"settings","설정","text-35","assets/text/10247c42fc4de1295e.png","","사운드","168","280","814","51","1589","33","","","","",""
"settings","설정","text-36","assets/text/b681fdb7162cb6b220.png","","배경음 70% · 효과음 80%","168","333","834","39","1548","34","","","","",""
"settings","설정","row-hit-37","","","","48","260","984","148","1512","35","48","260","984","148","sound"
"settings","설정","icon-back-38","assets/placed/75eff27796b699b40d.png","assets/icons/back.png","","972","309","34","34","1577","36","","","","",""
"settings","설정","panel-39","assets/placed/4405b4a78e9acda39f.png","assets/ui/panel-cream.png","","48","430","984","148","1342","37","","","","",""
"settings","설정","icon-gear-40","assets/placed/578d6220265a6ed3c9.png","assets/icons/gear.png","","72","462","72","72","1386","38","","","","",""
"settings","설정","text-41","assets/text/2f0fde73882744c593.png","","화면 · 알림","168","450","814","51","1419","39","","","","",""
"settings","설정","text-42","assets/text/5d17fc175cce6fe33b.png","","진동 켜짐 · 알림 설정","168","503","834","39","1378","40","","","","",""
"settings","설정","row-hit-43","","","","48","430","984","148","1342","41","48","430","984","148","notifications"
"settings","설정","icon-back-44","assets/placed/75eff27796b699b40d.png","assets/icons/back.png","","972","479","34","34","1407","42","","","","",""
"settings","설정","panel-45","assets/placed/4405b4a78e9acda39f.png","assets/ui/panel-cream.png","","48","600","984","148","1172","43","","","","",""
"settings","설정","icon-cat-46","assets/placed/6a68873531ce746268.png","assets/icons/cat.png","","72","632","72","72","1216","44","","","","",""
"settings","설정","text-47","assets/text/77f4a8034c58bbc4da.png","","계정 · 프로필","168","620","814","51","1249","45","","","","",""
"settings","설정","text-48","assets/text/05a8bd946b6465b1a9.png","","로그인 · 이름 · 칭호","168","673","834","39","1208","46","","","","",""
"settings","설정","row-hit-49","","","","48","600","984","148","1172","47","48","600","984","148","profile"
"settings","설정","icon-back-50","assets/placed/75eff27796b699b40d.png","assets/icons/back.png","","972","649","34","34","1237","48","","","","",""
"settings","설정","panel-51","assets/placed/4405b4a78e9acda39f.png","assets/ui/panel-cream.png","","48","770","984","148","1002","49","","","","",""
"settings","설정","icon-ticket-52","assets/placed/b66ad5bb829ed87eea.png","assets/icons/ticket.png","","72","802","72","72","1046","50","","","","",""
"settings","설정","text-53","assets/text/2009d36e4df627be6e.png","","쿠폰 입력","168","790","814","51","1079","51","","","","",""
"settings","설정","text-54","assets/text/8109d7fb38bd3e5130.png","","선물 코드를 입력해 주세요","168","843","834","39","1038","52","","","","",""
"settings","설정","row-hit-55","","","","48","770","984","148","1002","53","48","770","984","148","coupon"
"settings","설정","icon-back-56","assets/placed/75eff27796b699b40d.png","assets/icons/back.png","","972","819","34","34","1067","54","","","","",""
"settings","설정","panel-57","assets/placed/4405b4a78e9acda39f.png","assets/ui/panel-cream.png","","48","940","984","148","832","55","","","","",""
"settings","설정","icon-help-58","assets/placed/2a84121403a3ad0238.png","assets/icons/help.png","","72","972","72","72","876","56","","","","",""
"settings","설정","text-59","assets/text/2ac724f235e4da6ce2.png","","고객 지원","168","960","814","51","909","57","","","","",""
"settings","설정","text-60","assets/text/f0dcf3e0a58c022250.png","","문의하기 · 약관 · 개인정보","168","1013","834","39","868","58","","","","",""
"settings","설정","row-hit-61","","","","48","940","984","148","832","59","48","940","984","148","support"
"settings","설정","icon-back-62","assets/placed/75eff27796b699b40d.png","assets/icons/back.png","","972","989","34","34","897","60","","","","",""
"settings","설정","panel-63","assets/placed/4405b4a78e9acda39f.png","assets/ui/panel-cream.png","","48","1110","984","148","662","61","","","","",""
"settings","설정","icon-scroll-64","assets/placed/56090674ff40ae1ed2.png","assets/icons/scroll.png","","72","1142","72","72","706","62","","","","",""
"settings","설정","text-65","assets/text/6c3ce8dfc438d0439d.png","","게임 정보","168","1130","814","51","739","63","","","","",""
"settings","설정","text-66","assets/text/3627f790c63d53be21.png","","버전 0.1 · 디자인 프로토타입","168","1183","834","39","698","64","","","","",""
"sound","사운드","background-1","assets/placed/348bc5b287f1eee990.png","assets/backgrounds/town.png","","0","0","1080","1920","0","0","","","","",""
"sound","사운드","resource-bar-3","assets/placed/67b2bb1183ebc40ed1.png","assets/ui/panel-cream.png","","30","28","1020","90","1802","1","","","","",""
"sound","사운드","title-bar-4","assets/placed/21cf35d5dcee417b8d.png","assets/ui/panel-cream.png","","30","128","1020","104","1688","2","","","","",""
"sound","사운드","icon-energy-5","assets/placed/9fa198e8f4245dbd0f.png","assets/icons/energy.png","","52","43","54","54","1823","3","","","","",""
"sound","사운드","text-6","assets/text/4f65a133e0ebec885a.png","","40/50","113","50","195","47","1823","4","","","","",""
"sound","사운드","icon-gold-7","assets/placed/0274a23a232ef47921.png","assets/icons/gold.png","","368","43","54","54","1823","5","","","","",""
"sound","사운드","text-8","assets/text/ed149040bb71721e2c.png","","12,500","429","50","195","47","1823","6","","","","",""
"sound","사운드","icon-gem-9","assets/placed/e238412bd856f270d9.png","assets/icons/gem.png","","684","43","54","54","1823","7","","","","",""
"sound","사운드","text-10","assets/text/b710de3b8f0ad3e447.png","","320","745","50","195","47","1823","8","","","","",""
"sound","사운드","button-11","assets/placed/a55e725f8d802af4a0.png","assets/ui/button-cream-normal.png","","38","138","76","76","1706","9","10","110","132","132","settings"
"sound","사운드","icon-back-12","assets/placed/dc05be2a4b9c6fda0c.png","assets/icons/back.png","","48","141","56","56","1723","10","","","","",""
"sound","사운드","text-13","assets/text/99ee340e814f6d9783.png","","사운드","138","143","742","65","1712","11","","","","",""
"sound","사운드","button-14","assets/placed/a55e725f8d802af4a0.png","assets/ui/button-cream-normal.png","","958","138","76","76","1706","12","930","110","132","132","settings"
"sound","사운드","icon-gear-15","assets/placed/71b09a6dc991d6f600.png","assets/icons/gear.png","","968","141","56","56","1723","13","","","","",""
"sound","사운드","bottom-nav-16","assets/placed/8a8204f9fa1fc6115b.png","assets/ui/panel-cream.png","","24","1734","1032","160","26","14","","","","",""
"sound","사운드","nav-hit-17","","","","39","1743","190","139","38","15","39","1743","190","139","workshop"
"sound","사운드","icon-forge-18","assets/placed/12ef2fd983b0f617f0.png","assets/icons/forge.png","","105","1753","60","60","107","16","","","","",""
"sound","사운드","text-19","assets/text/0d36b2df9353d9a6a4.png","","대장간","452","1792","180","44","84","17","","","","",""
"sound","사운드","nav-hit-20","","","","243","1743","190","139","38","18","243","1743","190","139","cats"
"sound","사운드","icon-cat-21","assets/placed/75618a37a684a9366c.png","assets/icons/cat.png","","308","1753","60","60","107","19","","","","",""
"sound","사운드","text-22","assets/text/b2c2d20f3863ead9e4.png","","고양이","453","1792","180","44","84","20","","","","",""
"sound","사운드","active-tab-23","assets/placed/f669ab757bc5fc9425.png","assets/ui/panel-mint.png","","447","1744","190","135","41","21","","","","",""
"sound","사운드","nav-hit-24","","","","447","1743","190","139","38","22","447","1743","190","139","modes"
"sound","사운드","icon-sword-25","assets/placed/2f37f0487b559d4738.png","assets/icons/sword.png","","512","1753","60","60","107","23","","","","",""
"sound","사운드","text-26","assets/text/37a71f4045908e9a35.png","","전투","452","1790","180","44","86","24","","","","",""
"sound","사운드","nav-hit-27","","","","651","1743","190","139","38","25","651","1743","190","139","shop"
"sound","사운드","icon-shop-28","assets/placed/48f9aabd0f0ed93c20.png","assets/icons/shop.png","","716","1753","60","60","107","26","","","","",""
"sound","사운드","text-29","assets/text/e93cf34436b725b2bc.png","","상점","453","1792","180","44","84","27","","","","",""
"sound","사운드","nav-hit-30","","","","855","1743","190","139","38","28","855","1743","190","139","ranking"
"sound","사운드","icon-trophy-31","assets/placed/f021e42cfce953f174.png","assets/icons/trophy.png","","920","1753","60","60","107","29","","","","",""
"sound","사운드","text-32","assets/text/ae295d719fe151b0fc.png","","랭킹","453","1792","180","44","84","30","","","","",""
"sound","사운드","panel-33","assets/placed/86294d8924556af665.png","assets/ui/panel-cream.png","","48","280","984","234","1406","31","","","","",""
"sound","사운드","text-34","assets/text/30bee5e6ad8c621c1b.png","","배경 음악","90","313","820","57","1550","32","","","","",""
"sound","사운드","track-35","assets/placed/45c64e4b58100f9268.png","assets/ui/progress-track.png","","96","415","880","28","1477","33","","","","",""
"sound","사운드","fill-36","assets/placed/7b862c4440db766e88.png","assets/ui/progress-mint.png","","96","415","616","28","1477","34","","","","",""
"sound","사운드","text-37","assets/text/b10655ce9e824be573.png","","70%","800","318","175","47","1555","35","","","","",""
"sound","사운드","panel-38","assets/placed/86294d8924556af665.png","assets/ui/panel-cream.png","","48","555","984","234","1131","36","","","","",""
"sound","사운드","text-39","assets/text/aa36aa3eef3561bce0.png","","효과음","90","588","820","57","1275","37","","","","",""
"sound","사운드","track-40","assets/placed/45c64e4b58100f9268.png","assets/ui/progress-track.png","","96","690","880","28","1202","38","","","","",""
"sound","사운드","fill-41","assets/placed/aebb5f8e273ccad6eb.png","assets/ui/progress-mint.png","","96","690","704","28","1202","39","","","","",""
"sound","사운드","text-42","assets/text/916ac2f39736c16f74.png","","80%","800","593","175","47","1280","40","","","","",""
"sound","사운드","panel-43","assets/placed/86294d8924556af665.png","assets/ui/panel-cream.png","","48","830","984","234","856","41","","","","",""
"sound","사운드","text-44","assets/text/043ce97be0a41d38f8.png","","캐릭터 목소리","90","863","820","57","1000","42","","","","",""
"sound","사운드","track-45","assets/placed/45c64e4b58100f9268.png","assets/ui/progress-track.png","","96","965","880","28","927","43","","","","",""
"sound","사운드","fill-46","assets/placed/7b6221793472ebf6e9.png","assets/ui/progress-mint.png","","96","965","572","28","927","44","","","","",""
"sound","사운드","text-47","assets/text/97bc219deaeb8441d7.png","","65%","800","868","175","47","1005","45","","","","",""
"sound","사운드","button-48","assets/placed/b49845e6f39d61fc37.png","assets/ui/button-yellow-normal.png","","48","1550","984","110","260","46","48","1539","984","132","settings"
"sound","사운드","text-49","assets/text/48b0327977468ffbda.png","","저장","64","1572","952","48","300","47","","","","",""
"notifications","화면 · 알림","background-1","assets/placed/348bc5b287f1eee990.png","assets/backgrounds/town.png","","0","0","1080","1920","0","0","","","","",""
"notifications","화면 · 알림","resource-bar-3","assets/placed/67b2bb1183ebc40ed1.png","assets/ui/panel-cream.png","","30","28","1020","90","1802","1","","","","",""
"notifications","화면 · 알림","title-bar-4","assets/placed/21cf35d5dcee417b8d.png","assets/ui/panel-cream.png","","30","128","1020","104","1688","2","","","","",""
"notifications","화면 · 알림","icon-energy-5","assets/placed/9fa198e8f4245dbd0f.png","assets/icons/energy.png","","52","43","54","54","1823","3","","","","",""
"notifications","화면 · 알림","text-6","assets/text/4f65a133e0ebec885a.png","","40/50","113","50","195","47","1823","4","","","","",""
"notifications","화면 · 알림","icon-gold-7","assets/placed/0274a23a232ef47921.png","assets/icons/gold.png","","368","43","54","54","1823","5","","","","",""
"notifications","화면 · 알림","text-8","assets/text/ed149040bb71721e2c.png","","12,500","429","50","195","47","1823","6","","","","",""
"notifications","화면 · 알림","icon-gem-9","assets/placed/e238412bd856f270d9.png","assets/icons/gem.png","","684","43","54","54","1823","7","","","","",""
"notifications","화면 · 알림","text-10","assets/text/b710de3b8f0ad3e447.png","","320","745","50","195","47","1823","8","","","","",""
"notifications","화면 · 알림","button-11","assets/placed/a55e725f8d802af4a0.png","assets/ui/button-cream-normal.png","","38","138","76","76","1706","9","10","110","132","132","settings"
"notifications","화면 · 알림","icon-back-12","assets/placed/dc05be2a4b9c6fda0c.png","assets/icons/back.png","","48","141","56","56","1723","10","","","","",""
"notifications","화면 · 알림","text-13","assets/text/45349675d66875351b.png","","화면 · 알림","138","143","742","65","1712","11","","","","",""
"notifications","화면 · 알림","button-14","assets/placed/a55e725f8d802af4a0.png","assets/ui/button-cream-normal.png","","958","138","76","76","1706","12","930","110","132","132","settings"
"notifications","화면 · 알림","icon-gear-15","assets/placed/71b09a6dc991d6f600.png","assets/icons/gear.png","","968","141","56","56","1723","13","","","","",""
"notifications","화면 · 알림","bottom-nav-16","assets/placed/8a8204f9fa1fc6115b.png","assets/ui/panel-cream.png","","24","1734","1032","160","26","14","","","","",""
"notifications","화면 · 알림","nav-hit-17","","","","39","1743","190","139","38","15","39","1743","190","139","workshop"
"notifications","화면 · 알림","icon-forge-18","assets/placed/12ef2fd983b0f617f0.png","assets/icons/forge.png","","105","1753","60","60","107","16","","","","",""
"notifications","화면 · 알림","text-19","assets/text/0d36b2df9353d9a6a4.png","","대장간","452","1792","180","44","84","17","","","","",""
"notifications","화면 · 알림","nav-hit-20","","","","243","1743","190","139","38","18","243","1743","190","139","cats"
"notifications","화면 · 알림","icon-cat-21","assets/placed/75618a37a684a9366c.png","assets/icons/cat.png","","308","1753","60","60","107","19","","","","",""
"notifications","화면 · 알림","text-22","assets/text/b2c2d20f3863ead9e4.png","","고양이","453","1792","180","44","84","20","","","","",""
"notifications","화면 · 알림","active-tab-23","assets/placed/f669ab757bc5fc9425.png","assets/ui/panel-mint.png","","447","1744","190","135","41","21","","","","",""
"notifications","화면 · 알림","nav-hit-24","","","","447","1743","190","139","38","22","447","1743","190","139","modes"
"notifications","화면 · 알림","icon-sword-25","assets/placed/2f37f0487b559d4738.png","assets/icons/sword.png","","512","1753","60","60","107","23","","","","",""
"notifications","화면 · 알림","text-26","assets/text/37a71f4045908e9a35.png","","전투","452","1790","180","44","86","24","","","","",""
"notifications","화면 · 알림","nav-hit-27","","","","651","1743","190","139","38","25","651","1743","190","139","shop"
"notifications","화면 · 알림","icon-shop-28","assets/placed/48f9aabd0f0ed93c20.png","assets/icons/shop.png","","716","1753","60","60","107","26","","","","",""
"notifications","화면 · 알림","text-29","assets/text/e93cf34436b725b2bc.png","","상점","453","1792","180","44","84","27","","","","",""
"notifications","화면 · 알림","nav-hit-30","","","","855","1743","190","139","38","28","855","1743","190","139","ranking"
"notifications","화면 · 알림","icon-trophy-31","assets/placed/f021e42cfce953f174.png","assets/icons/trophy.png","","920","1753","60","60","107","29","","","","",""
"notifications","화면 · 알림","text-32","assets/text/ae295d719fe151b0fc.png","","랭킹","453","1792","180","44","84","30","","","","",""
"notifications","화면 · 알림","panel-33","assets/placed/4405b4a78e9acda39f.png","assets/ui/panel-cream.png","","48","260","984","148","1512","31","","","","",""
"notifications","화면 · 알림","icon-check-34","assets/placed/9ae39ab8c34c9a3734.png","assets/icons/check.png","","72","292","72","72","1556","32","","","","",""
"notifications","화면 · 알림","text-35","assets/text/dbb462f797c0988a2d.png","","진동","168","280","814","51","1589","33","","","","",""
"notifications","화면 · 알림","text-36","assets/text/3cf52052a8fa3fc62a.png","","켜짐","168","333","834","39","1548","34","","","","",""
"notifications","화면 · 알림","panel-37","assets/placed/4405b4a78e9acda39f.png","assets/ui/panel-cream.png","","48","430","984","148","1342","35","","","","",""
"notifications","화면 · 알림","icon-gear-38","assets/placed/578d6220265a6ed3c9.png","assets/icons/gear.png","","72","462","72","72","1386","36","","","","",""
"notifications","화면 · 알림","text-39","assets/text/78236a222a8ea56502.png","","절전 모드","168","450","814","51","1419","37","","","","",""
"notifications","화면 · 알림","text-40","assets/text/fd335a23dd9d8dc9b3.png","","꺼짐 · 전투 효과 간소화","168","503","834","39","1378","38","","","","",""
"notifications","화면 · 알림","panel-41","assets/placed/4405b4a78e9acda39f.png","assets/ui/panel-cream.png","","48","600","984","148","1172","39","","","","",""
"notifications","화면 · 알림","icon-energy-42","assets/placed/21d7319266d98259e9.png","assets/icons/energy.png","","72","632","72","72","1216","40","","","","",""
"notifications","화면 · 알림","text-43","assets/text/a6bc948bcb32f31161.png","","에너지 충전 알림","168","620","814","51","1249","41","","","","",""
"notifications","화면 · 알림","text-44","assets/text/3cf52052a8fa3fc62a.png","","켜짐","168","673","834","39","1208","42","","","","",""
"notifications","화면 · 알림","panel-45","assets/placed/4405b4a78e9acda39f.png","assets/ui/panel-cream.png","","48","770","984","148","1002","43","","","","",""
"notifications","화면 · 알림","icon-crown-46","assets/placed/e36c334847dae64c48.png","assets/icons/crown.png","","72","802","72","72","1046","44","","","","",""
"notifications","화면 · 알림","text-47","assets/text/adea4bf9a8686272af.png","","월드보스 알림","168","790","814","51","1079","45","","","","",""
"notifications","화면 · 알림","text-48","assets/text/3cf52052a8fa3fc62a.png","","켜짐","168","843","834","39","1038","46","","","","",""
"notifications","화면 · 알림","panel-49","assets/placed/4405b4a78e9acda39f.png","assets/ui/panel-cream.png","","48","940","984","148","832","47","","","","",""
"notifications","화면 · 알림","icon-mail-50","assets/placed/ac5435b4ab5bc4587a.png","assets/icons/mail.png","","72","972","72","72","876","48","","","","",""
"notifications","화면 · 알림","text-51","assets/text/a39d37e3ae9b4e3a9f.png","","선물 · 이벤트 알림","168","960","814","51","909","49","","","","",""
"notifications","화면 · 알림","text-52","assets/text/65cce2eb9c30e409cd.png","","꺼짐","168","1013","834","39","868","50","","","","",""
"support","고객 지원","background-1","assets/placed/348bc5b287f1eee990.png","assets/backgrounds/town.png","","0","0","1080","1920","0","0","","","","",""
"support","고객 지원","resource-bar-3","assets/placed/67b2bb1183ebc40ed1.png","assets/ui/panel-cream.png","","30","28","1020","90","1802","1","","","","",""
"support","고객 지원","title-bar-4","assets/placed/21cf35d5dcee417b8d.png","assets/ui/panel-cream.png","","30","128","1020","104","1688","2","","","","",""
"support","고객 지원","icon-energy-5","assets/placed/9fa198e8f4245dbd0f.png","assets/icons/energy.png","","52","43","54","54","1823","3","","","","",""
"support","고객 지원","text-6","assets/text/4f65a133e0ebec885a.png","","40/50","113","50","195","47","1823","4","","","","",""
"support","고객 지원","icon-gold-7","assets/placed/0274a23a232ef47921.png","assets/icons/gold.png","","368","43","54","54","1823","5","","","","",""
"support","고객 지원","text-8","assets/text/ed149040bb71721e2c.png","","12,500","429","50","195","47","1823","6","","","","",""
"support","고객 지원","icon-gem-9","assets/placed/e238412bd856f270d9.png","assets/icons/gem.png","","684","43","54","54","1823","7","","","","",""
"support","고객 지원","text-10","assets/text/b710de3b8f0ad3e447.png","","320","745","50","195","47","1823","8","","","","",""
"support","고객 지원","button-11","assets/placed/a55e725f8d802af4a0.png","assets/ui/button-cream-normal.png","","38","138","76","76","1706","9","10","110","132","132","settings"
"support","고객 지원","icon-back-12","assets/placed/dc05be2a4b9c6fda0c.png","assets/icons/back.png","","48","141","56","56","1723","10","","","","",""
"support","고객 지원","text-13","assets/text/9468f7b0b0b402bf35.png","","고객 지원","138","143","742","65","1712","11","","","","",""
"support","고객 지원","button-14","assets/placed/a55e725f8d802af4a0.png","assets/ui/button-cream-normal.png","","958","138","76","76","1706","12","930","110","132","132","settings"
"support","고객 지원","icon-gear-15","assets/placed/71b09a6dc991d6f600.png","assets/icons/gear.png","","968","141","56","56","1723","13","","","","",""
"support","고객 지원","bottom-nav-16","assets/placed/8a8204f9fa1fc6115b.png","assets/ui/panel-cream.png","","24","1734","1032","160","26","14","","","","",""
"support","고객 지원","nav-hit-17","","","","39","1743","190","139","38","15","39","1743","190","139","workshop"
"support","고객 지원","icon-forge-18","assets/placed/12ef2fd983b0f617f0.png","assets/icons/forge.png","","105","1753","60","60","107","16","","","","",""
"support","고객 지원","text-19","assets/text/0d36b2df9353d9a6a4.png","","대장간","452","1792","180","44","84","17","","","","",""
"support","고객 지원","nav-hit-20","","","","243","1743","190","139","38","18","243","1743","190","139","cats"
"support","고객 지원","icon-cat-21","assets/placed/75618a37a684a9366c.png","assets/icons/cat.png","","308","1753","60","60","107","19","","","","",""
"support","고객 지원","text-22","assets/text/b2c2d20f3863ead9e4.png","","고양이","453","1792","180","44","84","20","","","","",""
"support","고객 지원","active-tab-23","assets/placed/f669ab757bc5fc9425.png","assets/ui/panel-mint.png","","447","1744","190","135","41","21","","","","",""
"support","고객 지원","nav-hit-24","","","","447","1743","190","139","38","22","447","1743","190","139","modes"
"support","고객 지원","icon-sword-25","assets/placed/2f37f0487b559d4738.png","assets/icons/sword.png","","512","1753","60","60","107","23","","","","",""
"support","고객 지원","text-26","assets/text/37a71f4045908e9a35.png","","전투","452","1790","180","44","86","24","","","","",""
"support","고객 지원","nav-hit-27","","","","651","1743","190","139","38","25","651","1743","190","139","shop"
"support","고객 지원","icon-shop-28","assets/placed/48f9aabd0f0ed93c20.png","assets/icons/shop.png","","716","1753","60","60","107","26","","","","",""
"support","고객 지원","text-29","assets/text/e93cf34436b725b2bc.png","","상점","453","1792","180","44","84","27","","","","",""
"support","고객 지원","nav-hit-30","","","","855","1743","190","139","38","28","855","1743","190","139","ranking"
"support","고객 지원","icon-trophy-31","assets/placed/f021e42cfce953f174.png","assets/icons/trophy.png","","920","1753","60","60","107","29","","","","",""
"support","고객 지원","text-32","assets/text/ae295d719fe151b0fc.png","","랭킹","453","1792","180","44","84","30","","","","",""
"support","고객 지원","panel-33","assets/placed/4405b4a78e9acda39f.png","assets/ui/panel-cream.png","","48","260","984","148","1512","31","","","","",""
"support","고객 지원","icon-mail-34","assets/placed/ac5435b4ab5bc4587a.png","assets/icons/mail.png","","72","292","72","72","1556","32","","","","",""
"support","고객 지원","text-35","assets/text/5c144d0bc1db8e94b3.png","","문의하기","168","280","814","51","1589","33","","","","",""
"support","고객 지원","text-36","assets/text/5c732bda0a2e720109.png","","문제와 UID를 함께 보내 주세요","168","333","834","39","1548","34","","","","",""
"support","고객 지원","panel-37","assets/placed/4405b4a78e9acda39f.png","assets/ui/panel-cream.png","","48","430","984","148","1342","35","","","","",""
"support","고객 지원","icon-help-38","assets/placed/2a84121403a3ad0238.png","assets/icons/help.png","","72","462","72","72","1386","36","","","","",""
"support","고객 지원","text-39","assets/text/f3bda3b2aae7ad90aa.png","","자주 묻는 질문","168","450","814","51","1419","37","","","","",""
"support","고객 지원","text-40","assets/text/ce68e64d44d70fb2b1.png","","계정 · 결제 · 게임 이용","168","503","834","39","1378","38","","","","",""
"support","고객 지원","panel-41","assets/placed/4405b4a78e9acda39f.png","assets/ui/panel-cream.png","","48","600","984","148","1172","39","","","","",""
"support","고객 지원","icon-scroll-42","assets/placed/56090674ff40ae1ed2.png","assets/icons/scroll.png","","72","632","72","72","1216","40","","","","",""
"support","고객 지원","text-43","assets/text/9020f4c4f3bde893ef.png","","이용약관","168","620","814","51","1249","41","","","","",""
"support","고객 지원","text-44","assets/text/bb0f5667ec9c6dadfd.png","","출시 시 확정된 문서 연결","168","673","834","39","1208","42","","","","",""
"support","고객 지원","panel-45","assets/placed/4405b4a78e9acda39f.png","assets/ui/panel-cream.png","","48","770","984","148","1002","43","","","","",""
"support","고객 지원","icon-lock-46","assets/placed/fd4fac1b73c4006ec6.png","assets/icons/lock.png","","72","802","72","72","1046","44","","","","",""
"support","고객 지원","text-47","assets/text/8b9fec4417a7690667.png","","개인정보처리방침","168","790","814","51","1079","45","","","","",""
"support","고객 지원","text-48","assets/text/bb0f5667ec9c6dadfd.png","","출시 시 확정된 문서 연결","168","843","834","39","1038","46","","","","",""
"support","고객 지원","panel-49","assets/placed/4405b4a78e9acda39f.png","assets/ui/panel-cream.png","","48","940","984","148","832","47","","","","",""
"support","고객 지원","icon-shop-50","assets/placed/925d6177cdf566a13f.png","assets/icons/shop.png","","72","972","72","72","876","48","","","","",""
"support","고객 지원","text-51","assets/text/7fd6cd66bc215e1291.png","","구매 복원","168","960","814","51","909","49","","","","",""
"support","고객 지원","text-52","assets/text/3d0307d053fd7a018f.png","","스토어 구매 내역 확인","168","1013","834","39","868","50","","","","",""
"support","고객 지원","row-hit-53","","","","48","940","984","148","832","51","48","940","984","148","purchase"
"support","고객 지원","icon-back-54","assets/placed/75eff27796b699b40d.png","assets/icons/back.png","","972","989","34","34","897","52","","","","",""
"coupon","쿠폰 입력","background-1","assets/placed/f13521a79c0180a52b.png","assets/backgrounds/workshop.png","","0","0","1080","1920","0","0","","","","",""
"coupon","쿠폰 입력","scrim-3","assets/placed/55540868acf5004fc2.png","assets/ui/panel-dark.png","","0","0","1080","1920","0","1","","","","",""
"coupon","쿠폰 입력","modal-4","assets/placed/5849297e598a0962d1.png","assets/ui/panel-cream.png","","80","380","920","1110","430","2","","","","",""
"coupon","쿠폰 입력","text-5","assets/text/12de84252df4c4e69d.png","","쿠폰 입력","128","426","760","66","1428","3","","","","",""
"coupon","쿠폰 입력","button-6","assets/placed/f91cecc34197c96b80.png","assets/ui/button-cream-normal.png","","886","418","70","70","1432","4","855","387","132","132","workshop"
"coupon","쿠폰 입력","icon-close-7","assets/placed/817461fe4c2257e48c.png","assets/icons/close.png","","893","419","56","56","1445","5","","","","",""
"coupon","쿠폰 입력","text-8","assets/text/5d1e0793d8c49cf742.png","","영문과 숫자로 된 코드를 입력해 주세요","128","500","760","42","1378","6","","","","",""
"coupon","쿠폰 입력","icon-ticket-9","assets/placed/1ba3a7cff87d6ca586.png","assets/icons/ticket.png","","428","576","224","224","1120","7","","","","",""
"coupon","쿠폰 입력","text-10","assets/text/8575a53d4ec3e855e6.png","","MERGECAT2026","149","850","780","47","1023","8","","","","",""
"coupon","쿠폰 입력","text-11","assets/text/31f1e0815abae2d386.png","","위 코드는 입력 UI 예시입니다","150","919","780","47","954","9","","","","",""
"coupon","쿠폰 입력","button-12","assets/placed/0646388a9dbce20e3a.png","assets/ui/button-yellow-normal.png","","136","1178","808","100","642","10","136","1162","808","132","reward"
"coupon","쿠폰 입력","text-13","assets/text/7166ab833a986c6599.png","","등록하기","153","1196","776","48","676","11","","","","",""
"coupon","쿠폰 입력","button-14","assets/placed/84b006e00a2f7bb200.png","assets/ui/button-cream-normal.png","","136","1302","808","100","518","12","136","1286","808","132","settings"
"coupon","쿠폰 입력","text-15","assets/text/e8fbbdcd0c57e2e24a.png","","취소","152","1320","776","48","552","13","","","","",""
"energy","에너지 충전","background-1","assets/placed/f13521a79c0180a52b.png","assets/backgrounds/workshop.png","","0","0","1080","1920","0","0","","","","",""
"energy","에너지 충전","scrim-3","assets/placed/55540868acf5004fc2.png","assets/ui/panel-dark.png","","0","0","1080","1920","0","1","","","","",""
"energy","에너지 충전","modal-4","assets/placed/5849297e598a0962d1.png","assets/ui/panel-cream.png","","80","380","920","1110","430","2","","","","",""
"energy","에너지 충전","text-5","assets/text/3170be33e142b6a7f2.png","","에너지 충전","128","426","760","66","1428","3","","","","",""
"energy","에너지 충전","button-6","assets/placed/f91cecc34197c96b80.png","assets/ui/button-cream-normal.png","","886","418","70","70","1432","4","855","387","132","132","workshop"
"energy","에너지 충전","icon-close-7","assets/placed/817461fe4c2257e48c.png","assets/icons/close.png","","893","419","56","56","1445","5","","","","",""
"energy","에너지 충전","text-8","assets/text/5f7c23afced2656403.png","","모험을 떠날 준비를 해볼까요?","128","500","760","42","1378","6","","","","",""
"energy","에너지 충전","icon-energy-9","assets/placed/af10fb4c4d21d2a18a.png","assets/icons/energy.png","","428","576","224","224","1120","7","","","","",""
"energy","에너지 충전","text-10","assets/text/c4e76a89fc5e264302.png","","현재 0 / 50","150","850","780","47","1023","8","","","","",""
"energy","에너지 충전","text-11","assets/text/5b5474fb92bb493304.png","","광고 시청 시 에너지 +20","150","919","780","47","954","9","","","","",""
"energy","에너지 충전","text-12","assets/text/52ba1469fa69955850.png","","오늘 남은 광고 충전 5 / 5","150","988","780","47","885","10","","","","",""
"energy","에너지 충전","button-13","assets/placed/0646388a9dbce20e3a.png","assets/ui/button-yellow-normal.png","","136","1178","808","100","642","11","136","1162","808","132","reward"
"energy","에너지 충전","text-14","assets/text/70625f450389c98fd3.png","","광고 보고 충전","153","1196","776","48","676","12","","","","",""
"energy","에너지 충전","button-15","assets/placed/84b006e00a2f7bb200.png","assets/ui/button-cream-normal.png","","136","1302","808","100","518","13","136","1286","808","132","purchase"
"energy","에너지 충전","text-16","assets/text/d97fef2b1a7eeee7f4.png","","보석 충전 보기","153","1320","776","48","552","14","","","","",""
"purchase","구매 확인","background-1","assets/placed/f13521a79c0180a52b.png","assets/backgrounds/workshop.png","","0","0","1080","1920","0","0","","","","",""
"purchase","구매 확인","scrim-3","assets/placed/55540868acf5004fc2.png","assets/ui/panel-dark.png","","0","0","1080","1920","0","1","","","","",""
"purchase","구매 확인","modal-4","assets/placed/5849297e598a0962d1.png","assets/ui/panel-cream.png","","80","380","920","1110","430","2","","","","",""
"purchase","구매 확인","text-5","assets/text/dc07cfaf4ec86d96b7.png","","구매 확인","128","426","760","66","1428","3","","","","",""
"purchase","구매 확인","button-6","assets/placed/f91cecc34197c96b80.png","assets/ui/button-cream-normal.png","","886","418","70","70","1432","4","855","387","132","132","workshop"
"purchase","구매 확인","icon-close-7","assets/placed/817461fe4c2257e48c.png","assets/icons/close.png","","893","419","56","56","1445","5","","","","",""
"purchase","구매 확인","text-8","assets/text/5dbef791614d51b100.png","","선택한 상품과 금액을 확인해 주세요","128","500","760","42","1378","6","","","","",""
"purchase","구매 확인","icon-shop-9","assets/placed/1efa2aa0a509c74486.png","assets/icons/shop.png","","428","576","224","224","1120","7","","","","",""
"purchase","구매 확인","text-10","assets/text/f740f6cd509aa141d9.png","","상품명 · 선택한 상품 정보","151","850","780","47","1023","8","","","","",""
"purchase","구매 확인","text-11","assets/text/63fafde2cc0fe5972f.png","","구성 · 수량 · 최종 결제 금액 표시","152","919","780","47","954","9","","","","",""
"purchase","구매 확인","text-12","assets/text/74f3c74060f1463121.png","","결제 연결 전 공통 확인 창 디자인","150","988","780","47","885","10","","","","",""
"purchase","구매 확인","button-13","assets/placed/0646388a9dbce20e3a.png","assets/ui/button-yellow-normal.png","","136","1178","808","100","642","11","136","1162","808","132","reward"
"purchase","구매 확인","text-14","assets/text/76b701354f589f0bd0.png","","구매 확인","153","1196","776","48","676","12","","","","",""
"purchase","구매 확인","button-15","assets/placed/84b006e00a2f7bb200.png","assets/ui/button-cream-normal.png","","136","1302","808","100","518","13","136","1286","808","132","shop"
"purchase","구매 확인","text-16","assets/text/e8fbbdcd0c57e2e24a.png","","취소","152","1320","776","48","552","14","","","","",""
"reward","선물을 받았어요!","background-1","assets/placed/f13521a79c0180a52b.png","assets/backgrounds/workshop.png","","0","0","1080","1920","0","0","","","","",""
"reward","선물을 받았어요!","scrim-3","assets/placed/55540868acf5004fc2.png","assets/ui/panel-dark.png","","0","0","1080","1920","0","1","","","","",""
"reward","선물을 받았어요!","modal-4","assets/placed/5849297e598a0962d1.png","assets/ui/panel-cream.png","","80","380","920","1110","430","2","","","","",""
"reward","선물을 받았어요!","text-5","assets/text/325e9772537e821c02.png","","선물을 받았어요!","128","426","760","66","1428","3","","","","",""
"reward","선물을 받았어요!","button-6","assets/placed/f91cecc34197c96b80.png","assets/ui/button-cream-normal.png","","886","418","70","70","1432","4","855","387","132","132","workshop"
"reward","선물을 받았어요!","icon-close-7","assets/placed/817461fe4c2257e48c.png","assets/icons/close.png","","893","419","56","56","1445","5","","","","",""
"reward","선물을 받았어요!","text-8","assets/text/55adc7e90f0a95dc6f.png","","모험에 도움이 될 거예요","128","500","760","42","1378","6","","","","",""
"reward","선물을 받았어요!","icon-chest-9","assets/placed/fb2a88227f82ff71e2.png","assets/icons/chest.png","","428","576","224","224","1120","7","","","","",""
"reward","선물을 받았어요!","text-10","assets/text/c2b5e853837cfc1563.png","","골드 1,250 · 보석 50","150","850","780","47","1023","8","","","","",""
"reward","선물을 받았어요!","text-11","assets/text/7d891a8b9c7e68b055.png","","무기 재료 × 10","150","919","780","47","954","9","","","","",""
"reward","선물을 받았어요!","button-12","assets/placed/0646388a9dbce20e3a.png","assets/ui/button-yellow-normal.png","","136","1178","808","100","642","10","136","1162","808","132","workshop"
"reward","선물을 받았어요!","text-13","assets/text/e03f7b24e6e38c202f.png","","확인","153","1196","776","48","676","11","","","","",""
"pause","잠시 쉬어갈까요?","background-1","assets/placed/f13521a79c0180a52b.png","assets/backgrounds/workshop.png","","0","0","1080","1920","0","0","","","","",""
"pause","잠시 쉬어갈까요?","scrim-3","assets/placed/55540868acf5004fc2.png","assets/ui/panel-dark.png","","0","0","1080","1920","0","1","","","","",""
"pause","잠시 쉬어갈까요?","modal-4","assets/placed/5849297e598a0962d1.png","assets/ui/panel-cream.png","","80","380","920","1110","430","2","","","","",""
"pause","잠시 쉬어갈까요?","text-5","assets/text/2d593329cbd829bb55.png","","잠시 쉬어갈까요?","128","426","760","66","1428","3","","","","",""
"pause","잠시 쉬어갈까요?","button-6","assets/placed/f91cecc34197c96b80.png","assets/ui/button-cream-normal.png","","886","418","70","70","1432","4","855","387","132","132","workshop"
"pause","잠시 쉬어갈까요?","icon-close-7","assets/placed/817461fe4c2257e48c.png","assets/icons/close.png","","893","419","56","56","1445","5","","","","",""
"pause","잠시 쉬어갈까요?","text-8","assets/text/7119a918089f7fded0.png","","진행 중인 스테이지","128","500","760","42","1378","6","","","","",""
"pause","잠시 쉬어갈까요?","icon-pause-9","assets/placed/aab7aaadc987d4ba9c.png","assets/icons/pause.png","","428","576","224","224","1120","7","","","","",""
"pause","잠시 쉬어갈까요?","text-10","assets/text/fca888e09507d34b5e.png","","1-13 · 마을의 울타리","151","850","780","47","1023","8","","","","",""
"pause","잠시 쉬어갈까요?","text-11","assets/text/ed665499c189e50f94.png","","현재 웨이브 2 / 4","150","919","780","47","954","9","","","","",""
"pause","잠시 쉬어갈까요?","button-12","assets/placed/0646388a9dbce20e3a.png","assets/ui/button-yellow-normal.png","","136","1178","808","100","642","10","136","1162","808","132","battle"
"pause","잠시 쉬어갈까요?","text-13","assets/text/5d01c035cc9d972597.png","","계속하기","153","1196","776","48","676","11","","","","",""
"pause","잠시 쉬어갈까요?","button-14","assets/placed/84b006e00a2f7bb200.png","assets/ui/button-cream-normal.png","","136","1302","808","100","518","12","136","1286","808","132","leave-confirm"
"pause","잠시 쉬어갈까요?","text-15","assets/text/ff5a1f88e39b625247.png","","전투 나가기","153","1320","776","48","552","13","","","","",""
"leave-confirm","전투를 나갈까요?","background-1","assets/placed/f13521a79c0180a52b.png","assets/backgrounds/workshop.png","","0","0","1080","1920","0","0","","","","",""
"leave-confirm","전투를 나갈까요?","scrim-3","assets/placed/55540868acf5004fc2.png","assets/ui/panel-dark.png","","0","0","1080","1920","0","1","","","","",""
"leave-confirm","전투를 나갈까요?","modal-4","assets/placed/5849297e598a0962d1.png","assets/ui/panel-cream.png","","80","380","920","1110","430","2","","","","",""
"leave-confirm","전투를 나갈까요?","text-5","assets/text/82197f96fef4d18849.png","","전투를 나갈까요?","128","426","760","66","1428","3","","","","",""
"leave-confirm","전투를 나갈까요?","button-6","assets/placed/f91cecc34197c96b80.png","assets/ui/button-cream-normal.png","","886","418","70","70","1432","4","855","387","132","132","workshop"
"leave-confirm","전투를 나갈까요?","icon-close-7","assets/placed/817461fe4c2257e48c.png","assets/icons/close.png","","893","419","56","56","1445","5","","","","",""
"leave-confirm","전투를 나갈까요?","text-8","assets/text/dac6c2ceb5009466ac.png","","아직 받지 않은 보상은 사라져요","128","500","760","42","1378","6","","","","",""
"leave-confirm","전투를 나갈까요?","icon-help-9","assets/placed/528e2f386a3ccf4242.png","assets/icons/help.png","","428","576","224","224","1120","7","","","","",""
"leave-confirm","전투를 나갈까요?","text-10","assets/text/7846e32bb78c87595b.png","","합성한 아이템과 진행 상태를 확인하세요","150","850","780","47","1023","8","","","","",""
"leave-confirm","전투를 나갈까요?","text-11","assets/text/720dc88ae1256da08e.png","","협동 이탈 시 고양이는 자동 전투만 계속해요","150","919","780","47","954","9","","","","",""
"leave-confirm","전투를 나갈까요?","button-12","assets/placed/0646388a9dbce20e3a.png","assets/ui/button-yellow-normal.png","","136","1178","808","100","642","10","136","1162","808","132","battle"
"leave-confirm","전투를 나갈까요?","text-13","assets/text/9858cdb13a4ebdfb77.png","","계속 싸우기","153","1196","776","48","676","11","","","","",""
"leave-confirm","전투를 나갈까요?","button-14","assets/placed/84b006e00a2f7bb200.png","assets/ui/button-cream-normal.png","","136","1302","808","100","518","12","136","1286","808","132","modes"
"leave-confirm","전투를 나갈까요?","text-15","assets/text/a2b677cf1d85c23351.png","","나가기","153","1320","776","48","552","13","","","","",""
"disconnected","연결을 확인해 주세요","background-1","assets/placed/f13521a79c0180a52b.png","assets/backgrounds/workshop.png","","0","0","1080","1920","0","0","","","","",""
"disconnected","연결을 확인해 주세요","scrim-3","assets/placed/55540868acf5004fc2.png","assets/ui/panel-dark.png","","0","0","1080","1920","0","1","","","","",""
"disconnected","연결을 확인해 주세요","modal-4","assets/placed/5849297e598a0962d1.png","assets/ui/panel-cream.png","","80","380","920","1110","430","2","","","","",""
"disconnected","연결을 확인해 주세요","text-5","assets/text/550c617acad868b89b.png","","연결을 확인해 주세요","128","426","760","66","1428","3","","","","",""
"disconnected","연결을 확인해 주세요","button-6","assets/placed/f91cecc34197c96b80.png","assets/ui/button-cream-normal.png","","886","418","70","70","1432","4","855","387","132","132","workshop"
"disconnected","연결을 확인해 주세요","icon-close-7","assets/placed/817461fe4c2257e48c.png","assets/icons/close.png","","893","419","56","56","1445","5","","","","",""
"disconnected","연결을 확인해 주세요","text-8","assets/text/bccc55db60c0a9502c.png","","잠시 네트워크가 불안정해요","128","500","760","42","1378","6","","","","",""
"disconnected","연결을 확인해 주세요","icon-people-9","assets/placed/3c7b44458263b7a4d1.png","assets/icons/people.png","","428","576","224","224","1120","7","","","","",""
"disconnected","연결을 확인해 주세요","text-10","assets/text/8f7da248232b7ec29a.png","","재연결 중 · 00:05","150","850","780","47","1023","8","","","","",""
"disconnected","연결을 확인해 주세요","text-11","assets/text/fc571c0d306cee3504.png","","진행 정보를 다시 불러오고 있어요","150","919","780","47","954","9","","","","",""
"disconnected","연결을 확인해 주세요","button-12","assets/placed/0646388a9dbce20e3a.png","assets/ui/button-yellow-normal.png","","136","1178","808","100","642","10","136","1162","808","132","battle"
"disconnected","연결을 확인해 주세요","text-13","assets/text/8b255172b81fbf7fb8.png","","다시 연결","152","1196","776","48","676","11","","","","",""
"disconnected","연결을 확인해 주세요","button-14","assets/placed/84b006e00a2f7bb200.png","assets/ui/button-cream-normal.png","","136","1302","808","100","518","12","136","1286","808","132","workshop"
"disconnected","연결을 확인해 주세요","text-15","assets/text/031d50e36bee16c76a.png","","로비로 돌아가기","153","1320","776","48","552","13","","","","",""
"victory","승리했어요!","background-1","assets/placed/f13521a79c0180a52b.png","assets/backgrounds/workshop.png","","0","0","1080","1920","0","0","","","","",""
"victory","승리했어요!","resource-bar-3","assets/placed/67b2bb1183ebc40ed1.png","assets/ui/panel-cream.png","","30","28","1020","90","1802","1","","","","",""
"victory","승리했어요!","title-bar-4","assets/placed/21cf35d5dcee417b8d.png","assets/ui/panel-cream.png","","30","128","1020","104","1688","2","","","","",""
"victory","승리했어요!","icon-energy-5","assets/placed/9fa198e8f4245dbd0f.png","assets/icons/energy.png","","52","43","54","54","1823","3","","","","",""
"victory","승리했어요!","text-6","assets/text/4f65a133e0ebec885a.png","","40/50","113","50","195","47","1823","4","","","","",""
"victory","승리했어요!","icon-gold-7","assets/placed/0274a23a232ef47921.png","assets/icons/gold.png","","368","43","54","54","1823","5","","","","",""
"victory","승리했어요!","text-8","assets/text/ed149040bb71721e2c.png","","12,500","429","50","195","47","1823","6","","","","",""
"victory","승리했어요!","icon-gem-9","assets/placed/e238412bd856f270d9.png","assets/icons/gem.png","","684","43","54","54","1823","7","","","","",""
"victory","승리했어요!","text-10","assets/text/b710de3b8f0ad3e447.png","","320","745","50","195","47","1823","8","","","","",""
"victory","승리했어요!","button-11","assets/placed/a55e725f8d802af4a0.png","assets/ui/button-cream-normal.png","","38","138","76","76","1706","9","10","110","132","132","modes"
"victory","승리했어요!","icon-back-12","assets/placed/dc05be2a4b9c6fda0c.png","assets/icons/back.png","","48","141","56","56","1723","10","","","","",""
"victory","승리했어요!","text-13","assets/text/8492100c45184c0bd6.png","","승리했어요!","138","143","742","65","1712","11","","","","",""
"victory","승리했어요!","button-14","assets/placed/a55e725f8d802af4a0.png","assets/ui/button-cream-normal.png","","958","138","76","76","1706","12","930","110","132","132","settings"
"victory","승리했어요!","icon-gear-15","assets/placed/71b09a6dc991d6f600.png","assets/icons/gear.png","","968","141","56","56","1723","13","","","","",""
"victory","승리했어요!","subtitle-back-text-16","assets/placed/2b66c97c3e5d93237c.png","assets/ui/panel-cream.png","","46","263","988","61","1596","14","","","","",""
"victory","승리했어요!","text-16","assets/text/792ef8d19b90f477ac.png","","작은 발로 이뤄낸 커다란 승리","61","270","960","48","1602","15","","","","",""
"victory","승리했어요!","shadow-cat-warrior-17","assets/placed/3b578b99615c3c71e5.png","assets/ui/ground-shadow.png","","220","718","266","31","1171","16","","","","",""
"victory","승리했어요!","cat-warrior-17","assets/placed/df40bd0f70e2949339.png","assets/characters/cat-warrior.png","","173","375","360","360","1185","17","","","","",""
"victory","승리했어요!","shadow-cat-tank-18","assets/placed/3b578b99615c3c71e5.png","assets/ui/ground-shadow.png","","602","718","266","31","1171","18","","","","",""
"victory","승리했어요!","cat-tank-18","assets/placed/d8881cc9a187eb71d0.png","assets/characters/cat-tank.png","","555","375","360","360","1185","19","","","","",""
"victory","승리했어요!","text-19","assets/placed/a9f17bf7a48068ffcc.png","assets/ui/victory-laurel.png","","360","724","360","170","1026","20","","","","",""
"victory","승리했어요!","panel-20","assets/placed/4405b4a78e9acda39f.png","assets/ui/panel-cream.png","","48","918","984","148","854","21","","","","",""
"victory","승리했어요!","icon-trophy-21","assets/placed/bfdc290d6960908a18.png","assets/icons/trophy.png","","72","950","72","72","898","22","","","","",""
"victory","승리했어요!","text-22","assets/text/9cebc9699b46ecf86a.png","","전투 기록","168","938","814","51","931","23","","","","",""
"victory","승리했어요!","text-23","assets/text/6f91d7e6aac118ddc6.png","","클리어 시간 02:18 · 보급 24회","168","991","834","39","890","24","","","","",""
"victory","승리했어요!","panel-24","assets/placed/4405b4a78e9acda39f.png","assets/ui/panel-cream.png","","48","1094","984","148","678","25","","","","",""
"victory","승리했어요!","icon-chest-25","assets/placed/39275b559de057d382.png","assets/icons/chest.png","","72","1126","72","72","722","26","","","","",""
"victory","승리했어요!","text-26","assets/text/0e8ebb9f45f56f5176.png","","획득 보상","168","1114","814","51","755","27","","","","",""
"victory","승리했어요!","text-27","assets/text/8dc29cea3bc67ba4fe.png","","골드 1,250 · 무기 재료 10","168","1167","834","39","714","28","","","","",""
"victory","승리했어요!","button-28","assets/placed/92355701f3992aaf32.png","assets/ui/button-yellow-normal.png","","48","1515","984","112","293","29","48","1505","984","132","reward"
"victory","승리했어요!","text-29","assets/text/681106ee34518a9573.png","","보상 받기","65","1538","952","48","334","30","","","","",""
"victory","승리했어요!","button-30","assets/placed/ba11d72c26790e41ba.png","assets/ui/button-cream-normal.png","","48","1665","984","104","151","31","48","1651","984","132","modes"
"victory","승리했어요!","text-31","assets/text/6314e501faf1cb3615.png","","모드 선택으로","64","1684","952","48","188","32","","","","",""
"defeat","다시 도전해 볼까요?","background-1","assets/placed/f13521a79c0180a52b.png","assets/backgrounds/workshop.png","","0","0","1080","1920","0","0","","","","",""
"defeat","다시 도전해 볼까요?","resource-bar-3","assets/placed/67b2bb1183ebc40ed1.png","assets/ui/panel-cream.png","","30","28","1020","90","1802","1","","","","",""
"defeat","다시 도전해 볼까요?","title-bar-4","assets/placed/21cf35d5dcee417b8d.png","assets/ui/panel-cream.png","","30","128","1020","104","1688","2","","","","",""
"defeat","다시 도전해 볼까요?","icon-energy-5","assets/placed/9fa198e8f4245dbd0f.png","assets/icons/energy.png","","52","43","54","54","1823","3","","","","",""
"defeat","다시 도전해 볼까요?","text-6","assets/text/4f65a133e0ebec885a.png","","40/50","113","50","195","47","1823","4","","","","",""
"defeat","다시 도전해 볼까요?","icon-gold-7","assets/placed/0274a23a232ef47921.png","assets/icons/gold.png","","368","43","54","54","1823","5","","","","",""
"defeat","다시 도전해 볼까요?","text-8","assets/text/ed149040bb71721e2c.png","","12,500","429","50","195","47","1823","6","","","","",""
"defeat","다시 도전해 볼까요?","icon-gem-9","assets/placed/e238412bd856f270d9.png","assets/icons/gem.png","","684","43","54","54","1823","7","","","","",""
"defeat","다시 도전해 볼까요?","text-10","assets/text/b710de3b8f0ad3e447.png","","320","745","50","195","47","1823","8","","","","",""
"defeat","다시 도전해 볼까요?","button-11","assets/placed/a55e725f8d802af4a0.png","assets/ui/button-cream-normal.png","","38","138","76","76","1706","9","10","110","132","132","modes"
"defeat","다시 도전해 볼까요?","icon-back-12","assets/placed/dc05be2a4b9c6fda0c.png","assets/icons/back.png","","48","141","56","56","1723","10","","","","",""
"defeat","다시 도전해 볼까요?","text-13","assets/text/11c43fadd5a917e3d5.png","","다시 도전해 볼까요?","138","143","742","65","1712","11","","","","",""
"defeat","다시 도전해 볼까요?","button-14","assets/placed/a55e725f8d802af4a0.png","assets/ui/button-cream-normal.png","","958","138","76","76","1706","12","930","110","132","132","settings"
"defeat","다시 도전해 볼까요?","icon-gear-15","assets/placed/71b09a6dc991d6f600.png","assets/icons/gear.png","","968","141","56","56","1723","13","","","","",""
"defeat","다시 도전해 볼까요?","subtitle-back-text-16","assets/placed/2b66c97c3e5d93237c.png","assets/ui/panel-cream.png","","46","263","988","61","1596","14","","","","",""
"defeat","다시 도전해 볼까요?","text-16","assets/text/e277fa89e388ab67b2.png","","다음에는 더 잘할 수 있어요","60","270","960","48","1602","15","","","","",""
"defeat","다시 도전해 볼까요?","shadow-cat-warrior-17","assets/placed/3b578b99615c3c71e5.png","assets/ui/ground-shadow.png","","220","718","266","31","1171","16","","","","",""
"defeat","다시 도전해 볼까요?","cat-warrior-17","assets/placed/df40bd0f70e2949339.png","assets/characters/cat-warrior.png","","173","375","360","360","1185","17","","","","",""
"defeat","다시 도전해 볼까요?","shadow-cat-tank-18","assets/placed/3b578b99615c3c71e5.png","assets/ui/ground-shadow.png","","602","718","266","31","1171","18","","","","",""
"defeat","다시 도전해 볼까요?","cat-tank-18","assets/placed/d8881cc9a187eb71d0.png","assets/characters/cat-tank.png","","555","375","360","360","1185","19","","","","",""
"defeat","다시 도전해 볼까요?","subtitle-back-text-19","assets/placed/ff19d9061472516982.png","assets/ui/panel-cream.png","","56","766","968","111","1043","20","","","","",""
"defeat","다시 도전해 볼까요?","text-19","assets/text/ca501d0dd6592b7652.png","","도전은 계속됩니다","70","773","940","98","1049","21","","","","",""
"defeat","다시 도전해 볼까요?","panel-20","assets/placed/4405b4a78e9acda39f.png","assets/ui/panel-cream.png","","48","918","984","148","854","22","","","","",""
"defeat","다시 도전해 볼까요?","icon-trophy-21","assets/placed/bfdc290d6960908a18.png","assets/icons/trophy.png","","72","950","72","72","898","23","","","","",""
"defeat","다시 도전해 볼까요?","text-22","assets/text/9cebc9699b46ecf86a.png","","전투 기록","168","938","814","51","931","24","","","","",""
"defeat","다시 도전해 볼까요?","text-23","assets/text/6f91d7e6aac118ddc6.png","","클리어 시간 02:18 · 보급 24회","168","991","834","39","890","25","","","","",""
"defeat","다시 도전해 볼까요?","panel-24","assets/placed/4405b4a78e9acda39f.png","assets/ui/panel-cream.png","","48","1094","984","148","678","26","","","","",""
"defeat","다시 도전해 볼까요?","icon-chest-25","assets/placed/39275b559de057d382.png","assets/icons/chest.png","","72","1126","72","72","722","27","","","","",""
"defeat","다시 도전해 볼까요?","text-26","assets/text/0e8ebb9f45f56f5176.png","","획득 보상","168","1114","814","51","755","28","","","","",""
"defeat","다시 도전해 볼까요?","text-27","assets/text/51af74d75f011f3e51.png","","성장과 편성을 확인해 보세요","168","1167","834","39","714","29","","","","",""
"defeat","다시 도전해 볼까요?","button-28","assets/placed/92355701f3992aaf32.png","assets/ui/button-yellow-normal.png","","48","1515","984","112","293","30","48","1505","984","132","battle"
"defeat","다시 도전해 볼까요?","text-29","assets/text/346822ff8ab9e716b0.png","","광고 보고 부활","64","1538","952","48","334","31","","","","",""
"defeat","다시 도전해 볼까요?","button-30","assets/placed/ba11d72c26790e41ba.png","assets/ui/button-cream-normal.png","","48","1665","984","104","151","32","48","1651","984","132","squad"
"defeat","다시 도전해 볼까요?","text-31","assets/text/d8eff45afd86fe8a3b.png","","편성 바꾸기","65","1684","952","48","188","33","","","","",""
"coop-results","함께 지켜냈어요!","background-1","assets/placed/f13521a79c0180a52b.png","assets/backgrounds/workshop.png","","0","0","1080","1920","0","0","","","","",""
"coop-results","함께 지켜냈어요!","resource-bar-3","assets/placed/67b2bb1183ebc40ed1.png","assets/ui/panel-cream.png","","30","28","1020","90","1802","1","","","","",""
"coop-results","함께 지켜냈어요!","title-bar-4","assets/placed/21cf35d5dcee417b8d.png","assets/ui/panel-cream.png","","30","128","1020","104","1688","2","","","","",""
"coop-results","함께 지켜냈어요!","icon-energy-5","assets/placed/9fa198e8f4245dbd0f.png","assets/icons/energy.png","","52","43","54","54","1823","3","","","","",""
"coop-results","함께 지켜냈어요!","text-6","assets/text/4f65a133e0ebec885a.png","","40/50","113","50","195","47","1823","4","","","","",""
"coop-results","함께 지켜냈어요!","icon-gold-7","assets/placed/0274a23a232ef47921.png","assets/icons/gold.png","","368","43","54","54","1823","5","","","","",""
"coop-results","함께 지켜냈어요!","text-8","assets/text/ed149040bb71721e2c.png","","12,500","429","50","195","47","1823","6","","","","",""
"coop-results","함께 지켜냈어요!","icon-gem-9","assets/placed/e238412bd856f270d9.png","assets/icons/gem.png","","684","43","54","54","1823","7","","","","",""
"coop-results","함께 지켜냈어요!","text-10","assets/text/b710de3b8f0ad3e447.png","","320","745","50","195","47","1823","8","","","","",""
"coop-results","함께 지켜냈어요!","button-11","assets/placed/a55e725f8d802af4a0.png","assets/ui/button-cream-normal.png","","38","138","76","76","1706","9","10","110","132","132","modes"
"coop-results","함께 지켜냈어요!","icon-back-12","assets/placed/dc05be2a4b9c6fda0c.png","assets/icons/back.png","","48","141","56","56","1723","10","","","","",""
"coop-results","함께 지켜냈어요!","text-13","assets/text/71b30aaa069d75d4f5.png","","함께 지켜냈어요!","138","143","742","65","1712","11","","","","",""
"coop-results","함께 지켜냈어요!","button-14","assets/placed/a55e725f8d802af4a0.png","assets/ui/button-cream-normal.png","","958","138","76","76","1706","12","930","110","132","132","settings"
"coop-results","함께 지켜냈어요!","icon-gear-15","assets/placed/71b09a6dc991d6f600.png","assets/icons/gear.png","","968","141","56","56","1723","13","","","","",""
"coop-results","함께 지켜냈어요!","subtitle-back-text-16","assets/placed/2b66c97c3e5d93237c.png","assets/ui/panel-cream.png","","46","263","988","61","1596","14","","","","",""
"coop-results","함께 지켜냈어요!","text-16","assets/text/792ef8d19b90f477ac.png","","작은 발로 이뤄낸 커다란 승리","61","270","960","48","1602","15","","","","",""
"coop-results","함께 지켜냈어요!","shadow-cat-warrior-17","assets/placed/3b578b99615c3c71e5.png","assets/ui/ground-shadow.png","","220","718","266","31","1171","16","","","","",""
"coop-results","함께 지켜냈어요!","cat-warrior-17","assets/placed/df40bd0f70e2949339.png","assets/characters/cat-warrior.png","","173","375","360","360","1185","17","","","","",""
"coop-results","함께 지켜냈어요!","shadow-cat-tank-18","assets/placed/3b578b99615c3c71e5.png","assets/ui/ground-shadow.png","","602","718","266","31","1171","18","","","","",""
"coop-results","함께 지켜냈어요!","cat-tank-18","assets/placed/d8881cc9a187eb71d0.png","assets/characters/cat-tank.png","","555","375","360","360","1185","19","","","","",""
"coop-results","함께 지켜냈어요!","text-19","assets/placed/a9f17bf7a48068ffcc.png","assets/ui/victory-laurel.png","","360","724","360","170","1026","20","","","","",""
"coop-results","함께 지켜냈어요!","panel-20","assets/placed/4405b4a78e9acda39f.png","assets/ui/panel-cream.png","","48","918","984","148","854","21","","","","",""
"coop-results","함께 지켜냈어요!","icon-trophy-21","assets/placed/bfdc290d6960908a18.png","assets/icons/trophy.png","","72","950","72","72","898","22","","","","",""
"coop-results","함께 지켜냈어요!","text-22","assets/text/9cebc9699b46ecf86a.png","","전투 기록","168","938","814","51","931","23","","","","",""
"coop-results","함께 지켜냈어요!","text-23","assets/text/6f91d7e6aac118ddc6.png","","클리어 시간 02:18 · 보급 24회","168","991","834","39","890","24","","","","",""
"coop-results","함께 지켜냈어요!","panel-24","assets/placed/4405b4a78e9acda39f.png","assets/ui/panel-cream.png","","48","1094","984","148","678","25","","","","",""
"coop-results","함께 지켜냈어요!","icon-chest-25","assets/placed/39275b559de057d382.png","assets/icons/chest.png","","72","1126","72","72","722","26","","","","",""
"coop-results","함께 지켜냈어요!","text-26","assets/text/0e8ebb9f45f56f5176.png","","획득 보상","168","1114","814","51","755","27","","","","",""
"coop-results","함께 지켜냈어요!","text-27","assets/text/8dc29cea3bc67ba4fe.png","","골드 1,250 · 무기 재료 10","168","1167","834","39","714","28","","","","",""
"coop-results","함께 지켜냈어요!","panel-28","assets/placed/4405b4a78e9acda39f.png","assets/ui/panel-cream.png","","48","1270","984","148","502","29","","","","",""
"coop-results","함께 지켜냈어요!","icon-people-29","assets/placed/822023bb977e95c4d0.png","assets/icons/people.png","","72","1302","72","72","546","30","","","","",""
"coop-results","함께 지켜냈어요!","text-30","assets/text/123399319b968ddf84.png","","기여도 1위 · 머지집사","168","1290","814","51","579","31","","","","",""
"coop-results","함께 지켜냈어요!","text-31","assets/text/e1d7fb970cc804125c.png","","추가 상자 × 1 · 3인 보상 배율 1.2배","168","1343","834","39","538","32","","","","",""
"coop-results","함께 지켜냈어요!","button-32","assets/placed/92355701f3992aaf32.png","assets/ui/button-yellow-normal.png","","48","1515","984","112","293","33","48","1505","984","132","reward"
"coop-results","함께 지켜냈어요!","text-33","assets/text/681106ee34518a9573.png","","보상 받기","65","1538","952","48","334","34","","","","",""
"coop-results","함께 지켜냈어요!","button-34","assets/placed/ba11d72c26790e41ba.png","assets/ui/button-cream-normal.png","","48","1665","984","104","151","35","48","1651","984","132","modes"
"coop-results","함께 지켜냈어요!","text-35","assets/text/6314e501faf1cb3615.png","","모드 선택으로","64","1684","952","48","188","36","","","","",""
"pvp-results","대전 승리!","background-1","assets/placed/f13521a79c0180a52b.png","assets/backgrounds/workshop.png","","0","0","1080","1920","0","0","","","","",""
"pvp-results","대전 승리!","resource-bar-3","assets/placed/67b2bb1183ebc40ed1.png","assets/ui/panel-cream.png","","30","28","1020","90","1802","1","","","","",""
"pvp-results","대전 승리!","title-bar-4","assets/placed/21cf35d5dcee417b8d.png","assets/ui/panel-cream.png","","30","128","1020","104","1688","2","","","","",""
"pvp-results","대전 승리!","icon-energy-5","assets/placed/9fa198e8f4245dbd0f.png","assets/icons/energy.png","","52","43","54","54","1823","3","","","","",""
"pvp-results","대전 승리!","text-6","assets/text/4f65a133e0ebec885a.png","","40/50","113","50","195","47","1823","4","","","","",""
"pvp-results","대전 승리!","icon-gold-7","assets/placed/0274a23a232ef47921.png","assets/icons/gold.png","","368","43","54","54","1823","5","","","","",""
"pvp-results","대전 승리!","text-8","assets/text/ed149040bb71721e2c.png","","12,500","429","50","195","47","1823","6","","","","",""
"pvp-results","대전 승리!","icon-gem-9","assets/placed/e238412bd856f270d9.png","assets/icons/gem.png","","684","43","54","54","1823","7","","","","",""
"pvp-results","대전 승리!","text-10","assets/text/b710de3b8f0ad3e447.png","","320","745","50","195","47","1823","8","","","","",""
"pvp-results","대전 승리!","button-11","assets/placed/a55e725f8d802af4a0.png","assets/ui/button-cream-normal.png","","38","138","76","76","1706","9","10","110","132","132","modes"
"pvp-results","대전 승리!","icon-back-12","assets/placed/dc05be2a4b9c6fda0c.png","assets/icons/back.png","","48","141","56","56","1723","10","","","","",""
"pvp-results","대전 승리!","text-13","assets/text/db23b2ffc895549bb7.png","","대전 승리!","138","143","742","65","1712","11","","","","",""
"pvp-results","대전 승리!","button-14","assets/placed/a55e725f8d802af4a0.png","assets/ui/button-cream-normal.png","","958","138","76","76","1706","12","930","110","132","132","settings"
"pvp-results","대전 승리!","icon-gear-15","assets/placed/71b09a6dc991d6f600.png","assets/icons/gear.png","","968","141","56","56","1723","13","","","","",""
"pvp-results","대전 승리!","subtitle-back-text-16","assets/placed/2b66c97c3e5d93237c.png","assets/ui/panel-cream.png","","46","263","988","61","1596","14","","","","",""
"pvp-results","대전 승리!","text-16","assets/text/792ef8d19b90f477ac.png","","작은 발로 이뤄낸 커다란 승리","61","270","960","48","1602","15","","","","",""
"pvp-results","대전 승리!","shadow-cat-warrior-17","assets/placed/3b578b99615c3c71e5.png","assets/ui/ground-shadow.png","","220","718","266","31","1171","16","","","","",""
"pvp-results","대전 승리!","cat-warrior-17","assets/placed/df40bd0f70e2949339.png","assets/characters/cat-warrior.png","","173","375","360","360","1185","17","","","","",""
"pvp-results","대전 승리!","shadow-cat-tank-18","assets/placed/3b578b99615c3c71e5.png","assets/ui/ground-shadow.png","","602","718","266","31","1171","18","","","","",""
"pvp-results","대전 승리!","cat-tank-18","assets/placed/d8881cc9a187eb71d0.png","assets/characters/cat-tank.png","","555","375","360","360","1185","19","","","","",""
"pvp-results","대전 승리!","text-19","assets/placed/a9f17bf7a48068ffcc.png","assets/ui/victory-laurel.png","","360","724","360","170","1026","20","","","","",""
"pvp-results","대전 승리!","panel-20","assets/placed/4405b4a78e9acda39f.png","assets/ui/panel-cream.png","","48","918","984","148","854","21","","","","",""
"pvp-results","대전 승리!","icon-trophy-21","assets/placed/bfdc290d6960908a18.png","assets/icons/trophy.png","","72","950","72","72","898","22","","","","",""
"pvp-results","대전 승리!","text-22","assets/text/9cebc9699b46ecf86a.png","","전투 기록","168","938","814","51","931","23","","","","",""
"pvp-results","대전 승리!","text-23","assets/text/bd7acecabfb63e5f67.png","","트로피 +28 · 실버 발톱 II","168","991","834","39","890","24","","","","",""
"pvp-results","대전 승리!","panel-24","assets/placed/4405b4a78e9acda39f.png","assets/ui/panel-cream.png","","48","1094","984","148","678","25","","","","",""
"pvp-results","대전 승리!","icon-chest-25","assets/placed/39275b559de057d382.png","assets/icons/chest.png","","72","1126","72","72","722","26","","","","",""
"pvp-results","대전 승리!","text-26","assets/text/0e8ebb9f45f56f5176.png","","획득 보상","168","1114","814","51","755","27","","","","",""
"pvp-results","대전 승리!","text-27","assets/text/8dc29cea3bc67ba4fe.png","","골드 1,250 · 무기 재료 10","168","1167","834","39","714","28","","","","",""
"pvp-results","대전 승리!","button-28","assets/placed/92355701f3992aaf32.png","assets/ui/button-yellow-normal.png","","48","1515","984","112","293","29","48","1505","984","132","reward"
"pvp-results","대전 승리!","text-29","assets/text/681106ee34518a9573.png","","보상 받기","65","1538","952","48","334","30","","","","",""
"pvp-results","대전 승리!","button-30","assets/placed/ba11d72c26790e41ba.png","assets/ui/button-cream-normal.png","","48","1665","984","104","151","31","48","1651","984","132","modes"
"pvp-results","대전 승리!","text-31","assets/text/6314e501faf1cb3615.png","","모드 선택으로","64","1684","952","48","188","32","","","","",""
"battle","개인 디펜스","background","assets/placed/9d05d915b491c9d64e.png","assets/backgrounds/battle.png","","0","0","1080","1920","0","0","","","","",""
"battle","개인 디펜스","title-banner-1","assets/placed/d49e1415b5708dab5a.png","assets/ui/title-banner.png","","22","18","316","104","1798","1","","","","",""
"battle","개인 디펜스","label-2","assets/text/66d0a3eb0e733e2d07.png","","고양이 왕국의 관문","43","49","274","45","1826","2","","","","",""
"battle","개인 디펜스","panel-dark-3","assets/placed/956bac39c0e5afb2b2.png","assets/ui/panel-dark.png","","358","25","266","83","1812","3","","","","",""
"battle","개인 디펜스","label-4","assets/text/3692c5203417398130.png","","WAVE 2 / 4","373","42","237","48","1830","4","","","","",""
"battle","개인 디펜스","clock-5","assets/placed/7bff0add4a415be209.png","assets/icons/clock.png","","654","27","73","73","1820","5","","","","",""
"battle","개인 디펜스","panel-dark-6","assets/placed/0be7d3cca0b57f04e8.png","assets/ui/panel-dark.png","","734","25","217","83","1812","6","","","","",""
"battle","개인 디펜스","label-7","assets/text/58df154d082c71cbb4.png","","02:18","752","41","181","55","1824","7","","","","",""
"battle","개인 디펜스","button-cream-normal-8","assets/placed/1320c9d96c1988a5cd.png","assets/ui/button-cream-normal.png","","970","23","89","89","1808","8","970","23","89","89","pause"
"battle","개인 디펜스","pause-9","assets/placed/bed4183682e250fa39.png","assets/icons/pause.png","","988","33","54","54","1833","9","","","","",""
"battle","개인 디펜스","label-10","assets/text/689d215fe24dbddf21.png","","아군 HP","80","141","360","42","1737","10","","","","",""
"battle","개인 디펜스","paw-11","assets/placed/aef7f3d5001a7c49c2.png","assets/icons/paw.png","","20","135","59","59","1726","11","","","","",""
"battle","개인 디펜스","progress-track-12","assets/placed/014f552c7411b360f0.png","assets/ui/progress-track.png","","35","183","435","45","1692","12","","","","",""
"battle","개인 디펜스","progress-mint-13","assets/placed/5bd63bc292edd505cc.png","assets/ui/progress-mint.png","","43","190","335","31","1699","13","","","","",""
"battle","개인 디펜스","label-14","assets/text/d5b7f12891153cc008.png","","40 / 50","35","185","435","40","1695","14","","","","",""
"battle","개인 디펜스","label-15","assets/text/4f1ffd5543093eff8f.png","","쥐왕 찍찍대제","586","140","420","47","1733","15","","","","",""
"battle","개인 디펜스","progress-track-16","assets/placed/fedfb24f909e33ba0f.png","assets/ui/progress-track.png","","560","183","491","45","1692","16","","","","",""
"battle","개인 디펜스","progress-red-17","assets/placed/e287b627010e1fb0f7.png","assets/ui/progress-red.png","","568","190","394","31","1699","17","","","","",""
"battle","개인 디펜스","label-18","assets/text/afb19fd33cf2bf6d37.png","","12,500 / 15,000","560","185","491","40","1695","18","","","","",""
"battle","개인 디펜스","shadow-cat-healer-19","assets/placed/003fa76cc1b0ff3ff5.png","assets/ui/ground-shadow.png","","65","499","219","20","1401","19","","","","",""
"battle","개인 디펜스","cat-healer-19","assets/placed/a6c262b9bbb420425c.png","assets/characters/cat-healer.png","","27","321","225","190","1409","20","","","","",""
"battle","개인 디펜스","shadow-cat-warrior-20","assets/placed/6fa0ae8de64397551e.png","assets/ui/ground-shadow.png","","299","512","248","20","1388","21","","","","",""
"battle","개인 디펜스","cat-warrior-20","assets/placed/f59c964931728976e2.png","assets/characters/cat-warrior.png","","255","314","255","209","1397","22","","","","",""
"battle","개인 디펜스","boss-rat-21","assets/placed/405518ecc742ad4563.png","assets/characters/boss-rat.png","","583","236","353","292","1392","23","","","","",""
"battle","개인 디펜스","fx-sword","assets/placed/150a65408615c5215f.png","assets/ui/sword-arc.png","","451","328","240","189","1403","24","","","","",""
"battle","개인 디펜스","fx-heal","assets/placed/4b6070b427d17add1d.png","assets/ui/healing-aura.png","","35","352","283","166","1402","25","","","","",""
"battle","개인 디펜스","supply-rail-22","assets/placed/ab018bc01114c3aa21.png","assets/ui/supply-rail.png","","25","550","1030","123","1247","26","","","","",""
"battle","개인 디펜스","panel-cream-23","assets/placed/f7f0d018f5e3a85573.png","assets/ui/panel-cream.png","","28","564","227","89","1267","27","","","","",""
"battle","개인 디펜스","label-24","assets/text/1b33a164e407beb875.png","","보급 레일","49","585","186","50","1285","28","","","","",""
"battle","개인 디펜스","item-armor-3-pot-lid-25","assets/placed/5766b2748acc1fb4eb.png","assets/items/item-armor-3-pot-lid.png","","428","564","96","93","1263","29","","","","",""
"battle","개인 디펜스","panel-mint-26","assets/placed/a826d5d1c75a6674ef.png","assets/ui/panel-mint.png","","823","556","126","119","1245","30","","","","",""
"battle","개인 디펜스","cat-healer-27","assets/placed/d29b65d49164915e3b.png","assets/characters/cat-healer.png","","837","564","99","96","1260","31","","","","",""
"battle","개인 디펜스","label-28","assets/text/0169b7a5d17579e631.png","","긴급 보급!","530","579","281","48","1293","32","","","","",""
"battle","개인 디펜스","panel-cream-29","assets/placed/91a32233242b05bece.png","assets/ui/panel-cream.png","","142","651","796","1061","208","33","","","","",""
"battle","개인 디펜스","board-cell-30","assets/placed/f328ab890386a91e95.png","assets/ui/board-cell.png","","164","674","144","139","1107","34","","","","",""
"battle","개인 디펜스","item-weapon-1-twig-31","assets/placed/0ea9d0228ab51630cd.png","assets/items/item-weapon-1-twig.png","","181","684","110","110","1126","35","","","","",""
"battle","개인 디펜스","label-32","assets/text/942eb176e64416053f.png","","Lv.1","240","786","60","27","1107","36","","","","",""
"battle","개인 디펜스","board-cell-33","assets/placed/f328ab890386a91e95.png","assets/ui/board-cell.png","","316","674","144","139","1107","37","","","","",""
"battle","개인 디펜스","item-consumable-2-fish-34","assets/placed/4c21595ff8c5a06dec.png","assets/items/item-consumable-2-fish.png","","333","684","110","110","1126","38","","","","",""
"battle","개인 디펜스","label-35","assets/text/2a0782a20d38670518.png","","Lv.2","392","786","60","27","1107","39","","","","",""
"battle","개인 디펜스","board-cell-36","assets/placed/f328ab890386a91e95.png","assets/ui/board-cell.png","","468","674","144","139","1107","40","","","","",""
"battle","개인 디펜스","item-weapon-2-wood-sword-37","assets/placed/69600d379bf18abc96.png","assets/items/item-weapon-2-wood-sword.png","","485","684","110","110","1126","41","","","","",""
"battle","개인 디펜스","label-38","assets/text/2a0782a20d38670518.png","","Lv.2","544","786","60","27","1107","42","","","","",""
"battle","개인 디펜스","board-cell-39","assets/placed/f328ab890386a91e95.png","assets/ui/board-cell.png","","620","674","144","139","1107","43","","","","",""
"battle","개인 디펜스","item-special-2-yarn-40","assets/placed/d7f2e1dec5c0a102de.png","assets/items/item-special-2-yarn.png","","637","684","110","110","1126","44","","","","",""
"battle","개인 디펜스","label-41","assets/text/2a0782a20d38670518.png","","Lv.2","696","786","60","27","1107","45","","","","",""
"battle","개인 디펜스","board-cell-42","assets/placed/f328ab890386a91e95.png","assets/ui/board-cell.png","","772","674","144","139","1107","46","","","","",""
"battle","개인 디펜스","item-armor-2-leather-43","assets/placed/31ad9dc80b70123eec.png","assets/items/item-armor-2-leather.png","","789","684","110","110","1126","47","","","","",""
"battle","개인 디펜스","label-44","assets/text/2a0782a20d38670518.png","","Lv.2","848","786","60","27","1107","48","","","","",""
"battle","개인 디펜스","board-cell-45","assets/placed/f328ab890386a91e95.png","assets/ui/board-cell.png","","164","820","144","139","961","49","","","","",""
"battle","개인 디펜스","item-armor-3-pot-lid-46","assets/placed/fcade674b54ef34224.png","assets/items/item-armor-3-pot-lid.png","","181","830","110","110","980","50","","","","",""
"battle","개인 디펜스","label-47","assets/text/d293ce8254d0099abe.png","","Lv.3","240","932","60","27","961","51","","","","",""
"battle","개인 디펜스","board-cell-48","assets/placed/f328ab890386a91e95.png","assets/ui/board-cell.png","","316","820","144","139","961","52","","","","",""
"battle","개인 디펜스","item-weapon-3-fishbone-dagger-49","assets/placed/1621df51807f8e81ae.png","assets/items/item-weapon-3-fishbone-dagger.png","","333","830","110","110","980","53","","","","",""
"battle","개인 디펜스","label-50","assets/text/d293ce8254d0099abe.png","","Lv.3","392","932","60","27","961","54","","","","",""
"battle","개인 디펜스","board-cell-51","assets/placed/f328ab890386a91e95.png","assets/ui/board-cell.png","","468","820","144","139","961","55","","","","",""
"battle","개인 디펜스","item-consumable-3-tuna-can-52","assets/placed/4cc2bd2c35529ff576.png","assets/items/item-consumable-3-tuna-can.png","","485","830","110","110","980","56","","","","",""
"battle","개인 디펜스","label-53","assets/text/d293ce8254d0099abe.png","","Lv.3","544","932","60","27","961","57","","","","",""
"battle","개인 디펜스","board-cell-54","assets/placed/f328ab890386a91e95.png","assets/ui/board-cell.png","","620","820","144","139","961","58","","","","",""
"battle","개인 디펜스","item-armor-3-pot-lid-55","assets/placed/fcade674b54ef34224.png","assets/items/item-armor-3-pot-lid.png","","637","830","110","110","980","59","","","","",""
"battle","개인 디펜스","label-56","assets/text/d293ce8254d0099abe.png","","Lv.3","696","932","60","27","961","60","","","","",""
"battle","개인 디펜스","board-cell-57","assets/placed/f328ab890386a91e95.png","assets/ui/board-cell.png","","772","820","144","139","961","61","","","","",""
"battle","개인 디펜스","item-consumable-2-fish-58","assets/placed/4c21595ff8c5a06dec.png","assets/items/item-consumable-2-fish.png","","789","830","110","110","980","62","","","","",""
"battle","개인 디펜스","label-59","assets/text/2a0782a20d38670518.png","","Lv.2","848","932","60","27","961","63","","","","",""
"battle","개인 디펜스","board-cell-60","assets/placed/f328ab890386a91e95.png","assets/ui/board-cell.png","","164","966","144","139","815","64","","","","",""
"battle","개인 디펜스","item-special-2-yarn-61","assets/placed/d7f2e1dec5c0a102de.png","assets/items/item-special-2-yarn.png","","181","976","110","110","834","65","","","","",""
"battle","개인 디펜스","label-62","assets/text/2a0782a20d38670518.png","","Lv.2","240","1078","60","27","815","66","","","","",""
"battle","개인 디펜스","board-cell-63","assets/placed/f328ab890386a91e95.png","assets/ui/board-cell.png","","316","966","144","139","815","67","","","","",""
"battle","개인 디펜스","item-weapon-1-twig-64","assets/placed/0ea9d0228ab51630cd.png","assets/items/item-weapon-1-twig.png","","333","976","110","110","834","68","","","","",""
"battle","개인 디펜스","label-65","assets/text/942eb176e64416053f.png","","Lv.1","392","1078","60","27","815","69","","","","",""
"battle","개인 디펜스","board-cell-66","assets/placed/f328ab890386a91e95.png","assets/ui/board-cell.png","","468","966","144","139","815","70","","","","",""
"battle","개인 디펜스","item-armor-3-pot-lid-67","assets/placed/fcade674b54ef34224.png","assets/items/item-armor-3-pot-lid.png","","485","976","110","110","834","71","","","","",""
"battle","개인 디펜스","label-68","assets/text/d293ce8254d0099abe.png","","Lv.3","544","1078","60","27","815","72","","","","",""
"battle","개인 디펜스","board-cell-69","assets/placed/f328ab890386a91e95.png","assets/ui/board-cell.png","","620","966","144","139","815","73","","","","",""
"battle","개인 디펜스","item-consumable-3-tuna-can-70","assets/placed/4cc2bd2c35529ff576.png","assets/items/item-consumable-3-tuna-can.png","","637","976","110","110","834","74","","","","",""
"battle","개인 디펜스","label-71","assets/text/d293ce8254d0099abe.png","","Lv.3","696","1078","60","27","815","75","","","","",""
"battle","개인 디펜스","board-cell-72","assets/placed/f328ab890386a91e95.png","assets/ui/board-cell.png","","772","966","144","139","815","76","","","","",""
"battle","개인 디펜스","item-weapon-1-twig-73","assets/placed/0ea9d0228ab51630cd.png","assets/items/item-weapon-1-twig.png","","789","976","110","110","834","77","","","","",""
"battle","개인 디펜스","label-74","assets/text/942eb176e64416053f.png","","Lv.1","848","1078","60","27","815","78","","","","",""
"battle","개인 디펜스","board-cell-75","assets/placed/f328ab890386a91e95.png","assets/ui/board-cell.png","","164","1112","144","139","669","79","","","","",""
"battle","개인 디펜스","board-cell-76","assets/placed/f328ab890386a91e95.png","assets/ui/board-cell.png","","316","1112","144","139","669","80","","","","",""
"battle","개인 디펜스","merge-selection-16","assets/placed/6adbb91acc75f8850e.png","assets/ui/merge-glow.png","","313","1109","150","145","666","81","","","","",""
"battle","개인 디펜스","item-armor-3-pot-lid-77","assets/placed/fcade674b54ef34224.png","assets/items/item-armor-3-pot-lid.png","","333","1122","110","110","688","82","","","","",""
"battle","개인 디펜스","label-78","assets/text/d293ce8254d0099abe.png","","Lv.3","392","1224","60","27","669","83","","","","",""
"battle","개인 디펜스","board-cell-79","assets/placed/f328ab890386a91e95.png","assets/ui/board-cell.png","","468","1112","144","139","669","84","","","","",""
"battle","개인 디펜스","merge-selection-17","assets/placed/6adbb91acc75f8850e.png","assets/ui/merge-glow.png","","465","1109","150","145","666","85","","","","",""
"battle","개인 디펜스","item-armor-3-pot-lid-80","assets/placed/fcade674b54ef34224.png","assets/items/item-armor-3-pot-lid.png","","485","1122","110","110","688","86","","","","",""
"battle","개인 디펜스","label-81","assets/text/d293ce8254d0099abe.png","","Lv.3","544","1224","60","27","669","87","","","","",""
"battle","개인 디펜스","board-cell-82","assets/placed/f328ab890386a91e95.png","assets/ui/board-cell.png","","620","1112","144","139","669","88","","","","",""
"battle","개인 디펜스","item-armor-2-leather-83","assets/placed/31ad9dc80b70123eec.png","assets/items/item-armor-2-leather.png","","637","1122","110","110","688","89","","","","",""
"battle","개인 디펜스","label-84","assets/text/2a0782a20d38670518.png","","Lv.2","696","1224","60","27","669","90","","","","",""
"battle","개인 디펜스","board-cell-85","assets/placed/f328ab890386a91e95.png","assets/ui/board-cell.png","","772","1112","144","139","669","91","","","","",""
"battle","개인 디펜스","item-weapon-3-fishbone-dagger-86","assets/placed/1621df51807f8e81ae.png","assets/items/item-weapon-3-fishbone-dagger.png","","789","1122","110","110","688","92","","","","",""
"battle","개인 디펜스","label-87","assets/text/d293ce8254d0099abe.png","","Lv.3","848","1224","60","27","669","93","","","","",""
"battle","개인 디펜스","board-cell-88","assets/placed/f328ab890386a91e95.png","assets/ui/board-cell.png","","164","1258","144","139","523","94","","","","",""
"battle","개인 디펜스","item-consumable-2-fish-89","assets/placed/4c21595ff8c5a06dec.png","assets/items/item-consumable-2-fish.png","","181","1268","110","110","542","95","","","","",""
"battle","개인 디펜스","label-90","assets/text/2a0782a20d38670518.png","","Lv.2","240","1370","60","27","523","96","","","","",""
"battle","개인 디펜스","board-cell-91","assets/placed/f328ab890386a91e95.png","assets/ui/board-cell.png","","316","1258","144","139","523","97","","","","",""
"battle","개인 디펜스","item-consumable-3-tuna-can-92","assets/placed/4cc2bd2c35529ff576.png","assets/items/item-consumable-3-tuna-can.png","","333","1268","110","110","542","98","","","","",""
"battle","개인 디펜스","label-93","assets/text/d293ce8254d0099abe.png","","Lv.3","392","1370","60","27","523","99","","","","",""
"battle","개인 디펜스","board-cell-94","assets/placed/f328ab890386a91e95.png","assets/ui/board-cell.png","","468","1258","144","139","523","100","","","","",""
"battle","개인 디펜스","board-cell-95","assets/placed/f328ab890386a91e95.png","assets/ui/board-cell.png","","620","1258","144","139","523","101","","","","",""
"battle","개인 디펜스","item-weapon-5-flame-sword-96","assets/placed/935291f04b10607a04.png","assets/items/item-weapon-5-flame-sword.png","","637","1268","110","110","542","102","","","","",""
"battle","개인 디펜스","label-97","assets/text/ed22d06fb1122a2ba1.png","","Lv.5","696","1370","60","27","523","103","","","","",""
"battle","개인 디펜스","board-cell-98","assets/placed/f328ab890386a91e95.png","assets/ui/board-cell.png","","772","1258","144","139","523","104","","","","",""
"battle","개인 디펜스","item-armor-2-leather-99","assets/placed/31ad9dc80b70123eec.png","assets/items/item-armor-2-leather.png","","789","1268","110","110","542","105","","","","",""
"battle","개인 디펜스","label-100","assets/text/2a0782a20d38670518.png","","Lv.2","848","1370","60","27","523","106","","","","",""
"battle","개인 디펜스","board-cell-101","assets/placed/f328ab890386a91e95.png","assets/ui/board-cell.png","","164","1404","144","139","377","107","","","","",""
"battle","개인 디펜스","item-special-2-yarn-102","assets/placed/d7f2e1dec5c0a102de.png","assets/items/item-special-2-yarn.png","","181","1414","110","110","396","108","","","","",""
"battle","개인 디펜스","label-103","assets/text/2a0782a20d38670518.png","","Lv.2","240","1516","60","27","377","109","","","","",""
"battle","개인 디펜스","board-cell-104","assets/placed/f328ab890386a91e95.png","assets/ui/board-cell.png","","316","1404","144","139","377","110","","","","",""
"battle","개인 디펜스","item-weapon-3-fishbone-dagger-105","assets/placed/1621df51807f8e81ae.png","assets/items/item-weapon-3-fishbone-dagger.png","","333","1414","110","110","396","111","","","","",""
"battle","개인 디펜스","label-106","assets/text/d293ce8254d0099abe.png","","Lv.3","392","1516","60","27","377","112","","","","",""
"battle","개인 디펜스","board-cell-107","assets/placed/f328ab890386a91e95.png","assets/ui/board-cell.png","","468","1404","144","139","377","113","","","","",""
"battle","개인 디펜스","board-cell-108","assets/placed/f328ab890386a91e95.png","assets/ui/board-cell.png","","620","1404","144","139","377","114","","","","",""
"battle","개인 디펜스","item-consumable-2-fish-109","assets/placed/4c21595ff8c5a06dec.png","assets/items/item-consumable-2-fish.png","","637","1414","110","110","396","115","","","","",""
"battle","개인 디펜스","label-110","assets/text/2a0782a20d38670518.png","","Lv.2","696","1516","60","27","377","116","","","","",""
"battle","개인 디펜스","board-cell-111","assets/placed/f328ab890386a91e95.png","assets/ui/board-cell.png","","772","1404","144","139","377","117","","","","",""
"battle","개인 디펜스","item-consumable-1-anchovy-112","assets/placed/252493a19cbacad1fe.png","assets/items/item-consumable-1-anchovy.png","","789","1414","110","110","396","118","","","","",""
"battle","개인 디펜스","label-113","assets/text/942eb176e64416053f.png","","Lv.1","848","1516","60","27","377","119","","","","",""
"battle","개인 디펜스","board-cell-114","assets/placed/f328ab890386a91e95.png","assets/ui/board-cell.png","","164","1550","144","139","231","120","","","","",""
"battle","개인 디펜스","board-cell-115","assets/placed/f328ab890386a91e95.png","assets/ui/board-cell.png","","316","1550","144","139","231","121","","","","",""
"battle","개인 디펜스","item-weapon-1-twig-116","assets/placed/0ea9d0228ab51630cd.png","assets/items/item-weapon-1-twig.png","","333","1560","110","110","250","122","","","","",""
"battle","개인 디펜스","label-117","assets/text/942eb176e64416053f.png","","Lv.1","392","1662","60","27","231","123","","","","",""
"battle","개인 디펜스","board-cell-118","assets/placed/f328ab890386a91e95.png","assets/ui/board-cell.png","","468","1550","144","139","231","124","","","","",""
"battle","개인 디펜스","item-special-2-yarn-119","assets/placed/d7f2e1dec5c0a102de.png","assets/items/item-special-2-yarn.png","","485","1560","110","110","250","125","","","","",""
"battle","개인 디펜스","label-120","assets/text/2a0782a20d38670518.png","","Lv.2","544","1662","60","27","231","126","","","","",""
"battle","개인 디펜스","board-cell-121","assets/placed/f328ab890386a91e95.png","assets/ui/board-cell.png","","620","1550","144","139","231","127","","","","",""
"battle","개인 디펜스","item-consumable-3-tuna-can-122","assets/placed/4cc2bd2c35529ff576.png","assets/items/item-consumable-3-tuna-can.png","","637","1560","110","110","250","128","","","","",""
"battle","개인 디펜스","label-123","assets/text/d293ce8254d0099abe.png","","Lv.3","696","1662","60","27","231","129","","","","",""
"battle","개인 디펜스","board-cell-124","assets/placed/f328ab890386a91e95.png","assets/ui/board-cell.png","","772","1550","144","139","231","130","","","","",""
"battle","개인 디펜스","shadow-cat-smith-125","assets/placed/e4570f1fa4cf01b456.png","assets/ui/ground-shadow.png","","48","1889","195","31","0","131","","","","",""
"battle","개인 디펜스","cat-smith-125","assets/placed/ba6a0b55012bca4fa6.png","assets/characters/cat-smith.png","","28","1740","240","170","10","132","","","","",""
"battle","개인 디펜스","button-yellow-normal-127","assets/placed/bee0560864d93678f2.png","assets/ui/button-yellow-normal.png","","329","1726","386","162","32","133","329","1726","386","162",""
"battle","개인 디펜스","paw-128","assets/placed/0b4cc5795708778b6a.png","assets/icons/paw.png","","439","1768","54","54","98","134","","","","",""
"battle","개인 디펜스","label-129","assets/text/3701cfd243326ee4f9.png","","생산","413","1753","288","52","115","135","","","","",""
"battle","개인 디펜스","label-130","assets/text/cc97827529f91ac397.png","","에너지 1","398","1792","318","44","84","136","","","","",""
"battle","개인 디펜스","panel-dark-131","assets/placed/2e793b62cec308b316.png","assets/ui/panel-dark.png","","744","1730","307","94","96","137","","","","",""
"battle","개인 디펜스","energy-132","assets/placed/45cb47516e3a320ea1.png","assets/icons/energy.png","","758","1746","61","62","112","138","","","","",""
"battle","개인 디펜스","label-133","assets/text/391ca5c652dfaeb6ad.png","","38 / 50","795","1751","205","52","117","139","","","","",""
"battle","개인 디펜스","progress-track-134","assets/placed/e29e0953de9afb88c9.png","assets/ui/progress-track.png","","754","1796","287","43","81","140","","","","",""
"battle","개인 디펜스","progress-gold-135","assets/placed/4199658e3dc37d79e4.png","assets/ui/progress-gold.png","","762","1803","195","29","88","141","","","","",""
"battle","개인 디펜스","label-136","assets/text/d54c8929062de2d6e1.png","","피버","755","1799","287","40","81","142","","","","",""
"battle-coop","협동 디펜스","background","assets/placed/9d05d915b491c9d64e.png","assets/backgrounds/battle.png","","0","0","1080","1920","0","0","","","","",""
"battle-coop","협동 디펜스","title-banner-1","assets/placed/d49e1415b5708dab5a.png","assets/ui/title-banner.png","","22","18","316","104","1798","1","","","","",""
"battle-coop","협동 디펜스","label-2","assets/text/cc59ab229b0f5da4ce.png","","협동 디펜스","43","49","274","45","1826","2","","","","",""
"battle-coop","협동 디펜스","panel-dark-3","assets/placed/956bac39c0e5afb2b2.png","assets/ui/panel-dark.png","","358","25","266","83","1812","3","","","","",""
"battle-coop","협동 디펜스","label-4","assets/text/3692c5203417398130.png","","WAVE 2 / 4","373","42","237","48","1830","4","","","","",""
"battle-coop","협동 디펜스","clock-5","assets/placed/7bff0add4a415be209.png","assets/icons/clock.png","","654","27","73","73","1820","5","","","","",""
"battle-coop","협동 디펜스","panel-dark-6","assets/placed/0be7d3cca0b57f04e8.png","assets/ui/panel-dark.png","","734","25","217","83","1812","6","","","","",""
"battle-coop","협동 디펜스","label-7","assets/text/58df154d082c71cbb4.png","","02:18","752","41","181","55","1824","7","","","","",""
"battle-coop","협동 디펜스","button-cream-normal-8","assets/placed/1320c9d96c1988a5cd.png","assets/ui/button-cream-normal.png","","970","23","89","89","1808","8","970","23","89","89","pause"
"battle-coop","협동 디펜스","pause-9","assets/placed/bed4183682e250fa39.png","assets/icons/pause.png","","988","33","54","54","1833","9","","","","",""
"battle-coop","협동 디펜스","label-10","assets/text/689d215fe24dbddf21.png","","아군 HP","80","141","360","42","1737","10","","","","",""
"battle-coop","협동 디펜스","paw-11","assets/placed/aef7f3d5001a7c49c2.png","assets/icons/paw.png","","20","135","59","59","1726","11","","","","",""
"battle-coop","협동 디펜스","progress-track-12","assets/placed/014f552c7411b360f0.png","assets/ui/progress-track.png","","35","183","435","45","1692","12","","","","",""
"battle-coop","협동 디펜스","progress-mint-13","assets/placed/5bd63bc292edd505cc.png","assets/ui/progress-mint.png","","43","190","335","31","1699","13","","","","",""
"battle-coop","협동 디펜스","label-14","assets/text/d5b7f12891153cc008.png","","40 / 50","35","185","435","40","1695","14","","","","",""
"battle-coop","협동 디펜스","label-15","assets/text/4f1ffd5543093eff8f.png","","쥐왕 찍찍대제","586","140","420","47","1733","15","","","","",""
"battle-coop","협동 디펜스","progress-track-16","assets/placed/fedfb24f909e33ba0f.png","assets/ui/progress-track.png","","560","183","491","45","1692","16","","","","",""
"battle-coop","협동 디펜스","progress-red-17","assets/placed/e287b627010e1fb0f7.png","assets/ui/progress-red.png","","568","190","394","31","1699","17","","","","",""
"battle-coop","협동 디펜스","label-18","assets/text/afb19fd33cf2bf6d37.png","","12,500 / 15,000","560","185","491","40","1695","18","","","","",""
"battle-coop","협동 디펜스","shadow-cat-healer-19","assets/placed/003fa76cc1b0ff3ff5.png","assets/ui/ground-shadow.png","","65","499","219","20","1401","19","","","","",""
"battle-coop","협동 디펜스","cat-healer-19","assets/placed/a6c262b9bbb420425c.png","assets/characters/cat-healer.png","","27","321","225","190","1409","20","","","","",""
"battle-coop","협동 디펜스","shadow-cat-warrior-20","assets/placed/6fa0ae8de64397551e.png","assets/ui/ground-shadow.png","","299","512","248","20","1388","21","","","","",""
"battle-coop","협동 디펜스","cat-warrior-20","assets/placed/f59c964931728976e2.png","assets/characters/cat-warrior.png","","255","314","255","209","1397","22","","","","",""
"battle-coop","협동 디펜스","boss-rat-21","assets/placed/405518ecc742ad4563.png","assets/characters/boss-rat.png","","583","236","353","292","1392","23","","","","",""
"battle-coop","협동 디펜스","fx-sword","assets/placed/150a65408615c5215f.png","assets/ui/sword-arc.png","","451","328","240","189","1403","24","","","","",""
"battle-coop","협동 디펜스","fx-heal","assets/placed/4b6070b427d17add1d.png","assets/ui/healing-aura.png","","35","352","283","166","1402","25","","","","",""
"battle-coop","협동 디펜스","supply-rail-22","assets/placed/ab018bc01114c3aa21.png","assets/ui/supply-rail.png","","25","550","1030","123","1247","26","","","","",""
"battle-coop","협동 디펜스","panel-cream-23","assets/placed/f7f0d018f5e3a85573.png","assets/ui/panel-cream.png","","28","564","227","89","1267","27","","","","",""
"battle-coop","협동 디펜스","label-24","assets/text/1b33a164e407beb875.png","","보급 레일","49","585","186","50","1285","28","","","","",""
"battle-coop","협동 디펜스","item-armor-3-pot-lid-25","assets/placed/5766b2748acc1fb4eb.png","assets/items/item-armor-3-pot-lid.png","","428","564","96","93","1263","29","","","","",""
"battle-coop","협동 디펜스","panel-mint-26","assets/placed/a826d5d1c75a6674ef.png","assets/ui/panel-mint.png","","823","556","126","119","1245","30","","","","",""
"battle-coop","협동 디펜스","cat-healer-27","assets/placed/d29b65d49164915e3b.png","assets/characters/cat-healer.png","","837","564","99","96","1260","31","","","","",""
"battle-coop","협동 디펜스","label-28","assets/text/0169b7a5d17579e631.png","","긴급 보급!","530","579","281","48","1293","32","","","","",""
"battle-coop","협동 디펜스","panel-cream-29","assets/placed/91a32233242b05bece.png","assets/ui/panel-cream.png","","142","651","796","1061","208","33","","","","",""
"battle-coop","협동 디펜스","board-cell-30","assets/placed/f328ab890386a91e95.png","assets/ui/board-cell.png","","164","674","144","139","1107","34","","","","",""
"battle-coop","협동 디펜스","item-weapon-1-twig-31","assets/placed/0ea9d0228ab51630cd.png","assets/items/item-weapon-1-twig.png","","181","684","110","110","1126","35","","","","",""
"battle-coop","협동 디펜스","label-32","assets/text/942eb176e64416053f.png","","Lv.1","240","786","60","27","1107","36","","","","",""
"battle-coop","협동 디펜스","board-cell-33","assets/placed/f328ab890386a91e95.png","assets/ui/board-cell.png","","316","674","144","139","1107","37","","","","",""
"battle-coop","협동 디펜스","item-consumable-2-fish-34","assets/placed/4c21595ff8c5a06dec.png","assets/items/item-consumable-2-fish.png","","333","684","110","110","1126","38","","","","",""
"battle-coop","협동 디펜스","label-35","assets/text/2a0782a20d38670518.png","","Lv.2","392","786","60","27","1107","39","","","","",""
"battle-coop","협동 디펜스","board-cell-36","assets/placed/f328ab890386a91e95.png","assets/ui/board-cell.png","","468","674","144","139","1107","40","","","","",""
"battle-coop","협동 디펜스","item-weapon-2-wood-sword-37","assets/placed/69600d379bf18abc96.png","assets/items/item-weapon-2-wood-sword.png","","485","684","110","110","1126","41","","","","",""
"battle-coop","협동 디펜스","label-38","assets/text/2a0782a20d38670518.png","","Lv.2","544","786","60","27","1107","42","","","","",""
"battle-coop","협동 디펜스","board-cell-39","assets/placed/f328ab890386a91e95.png","assets/ui/board-cell.png","","620","674","144","139","1107","43","","","","",""
"battle-coop","협동 디펜스","item-special-2-yarn-40","assets/placed/d7f2e1dec5c0a102de.png","assets/items/item-special-2-yarn.png","","637","684","110","110","1126","44","","","","",""
"battle-coop","협동 디펜스","label-41","assets/text/2a0782a20d38670518.png","","Lv.2","696","786","60","27","1107","45","","","","",""
"battle-coop","협동 디펜스","board-cell-42","assets/placed/f328ab890386a91e95.png","assets/ui/board-cell.png","","772","674","144","139","1107","46","","","","",""
"battle-coop","협동 디펜스","item-armor-2-leather-43","assets/placed/31ad9dc80b70123eec.png","assets/items/item-armor-2-leather.png","","789","684","110","110","1126","47","","","","",""
"battle-coop","협동 디펜스","label-44","assets/text/2a0782a20d38670518.png","","Lv.2","848","786","60","27","1107","48","","","","",""
"battle-coop","협동 디펜스","board-cell-45","assets/placed/f328ab890386a91e95.png","assets/ui/board-cell.png","","164","820","144","139","961","49","","","","",""
"battle-coop","협동 디펜스","item-armor-3-pot-lid-46","assets/placed/fcade674b54ef34224.png","assets/items/item-armor-3-pot-lid.png","","181","830","110","110","980","50","","","","",""
"battle-coop","협동 디펜스","label-47","assets/text/d293ce8254d0099abe.png","","Lv.3","240","932","60","27","961","51","","","","",""
"battle-coop","협동 디펜스","board-cell-48","assets/placed/f328ab890386a91e95.png","assets/ui/board-cell.png","","316","820","144","139","961","52","","","","",""
"battle-coop","협동 디펜스","item-weapon-3-fishbone-dagger-49","assets/placed/1621df51807f8e81ae.png","assets/items/item-weapon-3-fishbone-dagger.png","","333","830","110","110","980","53","","","","",""
"battle-coop","협동 디펜스","label-50","assets/text/d293ce8254d0099abe.png","","Lv.3","392","932","60","27","961","54","","","","",""
"battle-coop","협동 디펜스","board-cell-51","assets/placed/f328ab890386a91e95.png","assets/ui/board-cell.png","","468","820","144","139","961","55","","","","",""
"battle-coop","협동 디펜스","item-consumable-3-tuna-can-52","assets/placed/4cc2bd2c35529ff576.png","assets/items/item-consumable-3-tuna-can.png","","485","830","110","110","980","56","","","","",""
"battle-coop","협동 디펜스","label-53","assets/text/d293ce8254d0099abe.png","","Lv.3","544","932","60","27","961","57","","","","",""
"battle-coop","협동 디펜스","board-cell-54","assets/placed/f328ab890386a91e95.png","assets/ui/board-cell.png","","620","820","144","139","961","58","","","","",""
"battle-coop","협동 디펜스","item-armor-3-pot-lid-55","assets/placed/fcade674b54ef34224.png","assets/items/item-armor-3-pot-lid.png","","637","830","110","110","980","59","","","","",""
"battle-coop","협동 디펜스","label-56","assets/text/d293ce8254d0099abe.png","","Lv.3","696","932","60","27","961","60","","","","",""
"battle-coop","협동 디펜스","board-cell-57","assets/placed/f328ab890386a91e95.png","assets/ui/board-cell.png","","772","820","144","139","961","61","","","","",""
"battle-coop","협동 디펜스","item-consumable-2-fish-58","assets/placed/4c21595ff8c5a06dec.png","assets/items/item-consumable-2-fish.png","","789","830","110","110","980","62","","","","",""
"battle-coop","협동 디펜스","label-59","assets/text/2a0782a20d38670518.png","","Lv.2","848","932","60","27","961","63","","","","",""
"battle-coop","협동 디펜스","board-cell-60","assets/placed/f328ab890386a91e95.png","assets/ui/board-cell.png","","164","966","144","139","815","64","","","","",""
"battle-coop","협동 디펜스","item-special-2-yarn-61","assets/placed/d7f2e1dec5c0a102de.png","assets/items/item-special-2-yarn.png","","181","976","110","110","834","65","","","","",""
"battle-coop","협동 디펜스","label-62","assets/text/2a0782a20d38670518.png","","Lv.2","240","1078","60","27","815","66","","","","",""
"battle-coop","협동 디펜스","board-cell-63","assets/placed/f328ab890386a91e95.png","assets/ui/board-cell.png","","316","966","144","139","815","67","","","","",""
"battle-coop","협동 디펜스","item-weapon-1-twig-64","assets/placed/0ea9d0228ab51630cd.png","assets/items/item-weapon-1-twig.png","","333","976","110","110","834","68","","","","",""
"battle-coop","협동 디펜스","label-65","assets/text/942eb176e64416053f.png","","Lv.1","392","1078","60","27","815","69","","","","",""
"battle-coop","협동 디펜스","board-cell-66","assets/placed/f328ab890386a91e95.png","assets/ui/board-cell.png","","468","966","144","139","815","70","","","","",""
"battle-coop","협동 디펜스","item-armor-3-pot-lid-67","assets/placed/fcade674b54ef34224.png","assets/items/item-armor-3-pot-lid.png","","485","976","110","110","834","71","","","","",""
"battle-coop","협동 디펜스","label-68","assets/text/d293ce8254d0099abe.png","","Lv.3","544","1078","60","27","815","72","","","","",""
"battle-coop","협동 디펜스","board-cell-69","assets/placed/f328ab890386a91e95.png","assets/ui/board-cell.png","","620","966","144","139","815","73","","","","",""
"battle-coop","협동 디펜스","item-consumable-3-tuna-can-70","assets/placed/4cc2bd2c35529ff576.png","assets/items/item-consumable-3-tuna-can.png","","637","976","110","110","834","74","","","","",""
"battle-coop","협동 디펜스","label-71","assets/text/d293ce8254d0099abe.png","","Lv.3","696","1078","60","27","815","75","","","","",""
"battle-coop","협동 디펜스","board-cell-72","assets/placed/f328ab890386a91e95.png","assets/ui/board-cell.png","","772","966","144","139","815","76","","","","",""
"battle-coop","협동 디펜스","item-weapon-1-twig-73","assets/placed/0ea9d0228ab51630cd.png","assets/items/item-weapon-1-twig.png","","789","976","110","110","834","77","","","","",""
"battle-coop","협동 디펜스","label-74","assets/text/942eb176e64416053f.png","","Lv.1","848","1078","60","27","815","78","","","","",""
"battle-coop","협동 디펜스","board-cell-75","assets/placed/f328ab890386a91e95.png","assets/ui/board-cell.png","","164","1112","144","139","669","79","","","","",""
"battle-coop","협동 디펜스","board-cell-76","assets/placed/f328ab890386a91e95.png","assets/ui/board-cell.png","","316","1112","144","139","669","80","","","","",""
"battle-coop","협동 디펜스","merge-selection-16","assets/placed/6adbb91acc75f8850e.png","assets/ui/merge-glow.png","","313","1109","150","145","666","81","","","","",""
"battle-coop","협동 디펜스","item-armor-3-pot-lid-77","assets/placed/fcade674b54ef34224.png","assets/items/item-armor-3-pot-lid.png","","333","1122","110","110","688","82","","","","",""
"battle-coop","협동 디펜스","label-78","assets/text/d293ce8254d0099abe.png","","Lv.3","392","1224","60","27","669","83","","","","",""
"battle-coop","협동 디펜스","board-cell-79","assets/placed/f328ab890386a91e95.png","assets/ui/board-cell.png","","468","1112","144","139","669","84","","","","",""
"battle-coop","협동 디펜스","merge-selection-17","assets/placed/6adbb91acc75f8850e.png","assets/ui/merge-glow.png","","465","1109","150","145","666","85","","","","",""
"battle-coop","협동 디펜스","item-armor-3-pot-lid-80","assets/placed/fcade674b54ef34224.png","assets/items/item-armor-3-pot-lid.png","","485","1122","110","110","688","86","","","","",""
"battle-coop","협동 디펜스","label-81","assets/text/d293ce8254d0099abe.png","","Lv.3","544","1224","60","27","669","87","","","","",""
"battle-coop","협동 디펜스","board-cell-82","assets/placed/f328ab890386a91e95.png","assets/ui/board-cell.png","","620","1112","144","139","669","88","","","","",""
"battle-coop","협동 디펜스","item-armor-2-leather-83","assets/placed/31ad9dc80b70123eec.png","assets/items/item-armor-2-leather.png","","637","1122","110","110","688","89","","","","",""
"battle-coop","협동 디펜스","label-84","assets/text/2a0782a20d38670518.png","","Lv.2","696","1224","60","27","669","90","","","","",""
"battle-coop","협동 디펜스","board-cell-85","assets/placed/f328ab890386a91e95.png","assets/ui/board-cell.png","","772","1112","144","139","669","91","","","","",""
"battle-coop","협동 디펜스","item-weapon-3-fishbone-dagger-86","assets/placed/1621df51807f8e81ae.png","assets/items/item-weapon-3-fishbone-dagger.png","","789","1122","110","110","688","92","","","","",""
"battle-coop","협동 디펜스","label-87","assets/text/d293ce8254d0099abe.png","","Lv.3","848","1224","60","27","669","93","","","","",""
"battle-coop","협동 디펜스","board-cell-88","assets/placed/f328ab890386a91e95.png","assets/ui/board-cell.png","","164","1258","144","139","523","94","","","","",""
"battle-coop","협동 디펜스","item-consumable-2-fish-89","assets/placed/4c21595ff8c5a06dec.png","assets/items/item-consumable-2-fish.png","","181","1268","110","110","542","95","","","","",""
"battle-coop","협동 디펜스","label-90","assets/text/2a0782a20d38670518.png","","Lv.2","240","1370","60","27","523","96","","","","",""
"battle-coop","협동 디펜스","board-cell-91","assets/placed/f328ab890386a91e95.png","assets/ui/board-cell.png","","316","1258","144","139","523","97","","","","",""
"battle-coop","협동 디펜스","item-consumable-3-tuna-can-92","assets/placed/4cc2bd2c35529ff576.png","assets/items/item-consumable-3-tuna-can.png","","333","1268","110","110","542","98","","","","",""
"battle-coop","협동 디펜스","label-93","assets/text/d293ce8254d0099abe.png","","Lv.3","392","1370","60","27","523","99","","","","",""
"battle-coop","협동 디펜스","board-cell-94","assets/placed/f328ab890386a91e95.png","assets/ui/board-cell.png","","468","1258","144","139","523","100","","","","",""
"battle-coop","협동 디펜스","board-cell-95","assets/placed/f328ab890386a91e95.png","assets/ui/board-cell.png","","620","1258","144","139","523","101","","","","",""
"battle-coop","협동 디펜스","item-weapon-5-flame-sword-96","assets/placed/935291f04b10607a04.png","assets/items/item-weapon-5-flame-sword.png","","637","1268","110","110","542","102","","","","",""
"battle-coop","협동 디펜스","label-97","assets/text/ed22d06fb1122a2ba1.png","","Lv.5","696","1370","60","27","523","103","","","","",""
"battle-coop","협동 디펜스","board-cell-98","assets/placed/f328ab890386a91e95.png","assets/ui/board-cell.png","","772","1258","144","139","523","104","","","","",""
"battle-coop","협동 디펜스","item-armor-2-leather-99","assets/placed/31ad9dc80b70123eec.png","assets/items/item-armor-2-leather.png","","789","1268","110","110","542","105","","","","",""
"battle-coop","협동 디펜스","label-100","assets/text/2a0782a20d38670518.png","","Lv.2","848","1370","60","27","523","106","","","","",""
"battle-coop","협동 디펜스","board-cell-101","assets/placed/f328ab890386a91e95.png","assets/ui/board-cell.png","","164","1404","144","139","377","107","","","","",""
"battle-coop","협동 디펜스","item-special-2-yarn-102","assets/placed/d7f2e1dec5c0a102de.png","assets/items/item-special-2-yarn.png","","181","1414","110","110","396","108","","","","",""
"battle-coop","협동 디펜스","label-103","assets/text/2a0782a20d38670518.png","","Lv.2","240","1516","60","27","377","109","","","","",""
"battle-coop","협동 디펜스","board-cell-104","assets/placed/f328ab890386a91e95.png","assets/ui/board-cell.png","","316","1404","144","139","377","110","","","","",""
"battle-coop","협동 디펜스","item-weapon-3-fishbone-dagger-105","assets/placed/1621df51807f8e81ae.png","assets/items/item-weapon-3-fishbone-dagger.png","","333","1414","110","110","396","111","","","","",""
"battle-coop","협동 디펜스","label-106","assets/text/d293ce8254d0099abe.png","","Lv.3","392","1516","60","27","377","112","","","","",""
"battle-coop","협동 디펜스","board-cell-107","assets/placed/f328ab890386a91e95.png","assets/ui/board-cell.png","","468","1404","144","139","377","113","","","","",""
"battle-coop","협동 디펜스","board-cell-108","assets/placed/f328ab890386a91e95.png","assets/ui/board-cell.png","","620","1404","144","139","377","114","","","","",""
"battle-coop","협동 디펜스","item-consumable-2-fish-109","assets/placed/4c21595ff8c5a06dec.png","assets/items/item-consumable-2-fish.png","","637","1414","110","110","396","115","","","","",""
"battle-coop","협동 디펜스","label-110","assets/text/2a0782a20d38670518.png","","Lv.2","696","1516","60","27","377","116","","","","",""
"battle-coop","협동 디펜스","board-cell-111","assets/placed/f328ab890386a91e95.png","assets/ui/board-cell.png","","772","1404","144","139","377","117","","","","",""
"battle-coop","협동 디펜스","item-consumable-1-anchovy-112","assets/placed/252493a19cbacad1fe.png","assets/items/item-consumable-1-anchovy.png","","789","1414","110","110","396","118","","","","",""
"battle-coop","협동 디펜스","label-113","assets/text/942eb176e64416053f.png","","Lv.1","848","1516","60","27","377","119","","","","",""
"battle-coop","협동 디펜스","board-cell-114","assets/placed/f328ab890386a91e95.png","assets/ui/board-cell.png","","164","1550","144","139","231","120","","","","",""
"battle-coop","협동 디펜스","board-cell-115","assets/placed/f328ab890386a91e95.png","assets/ui/board-cell.png","","316","1550","144","139","231","121","","","","",""
"battle-coop","협동 디펜스","item-weapon-1-twig-116","assets/placed/0ea9d0228ab51630cd.png","assets/items/item-weapon-1-twig.png","","333","1560","110","110","250","122","","","","",""
"battle-coop","협동 디펜스","label-117","assets/text/942eb176e64416053f.png","","Lv.1","392","1662","60","27","231","123","","","","",""
"battle-coop","협동 디펜스","board-cell-118","assets/placed/f328ab890386a91e95.png","assets/ui/board-cell.png","","468","1550","144","139","231","124","","","","",""
"battle-coop","협동 디펜스","item-special-2-yarn-119","assets/placed/d7f2e1dec5c0a102de.png","assets/items/item-special-2-yarn.png","","485","1560","110","110","250","125","","","","",""
"battle-coop","협동 디펜스","label-120","assets/text/2a0782a20d38670518.png","","Lv.2","544","1662","60","27","231","126","","","","",""
"battle-coop","협동 디펜스","board-cell-121","assets/placed/f328ab890386a91e95.png","assets/ui/board-cell.png","","620","1550","144","139","231","127","","","","",""
"battle-coop","협동 디펜스","item-consumable-3-tuna-can-122","assets/placed/4cc2bd2c35529ff576.png","assets/items/item-consumable-3-tuna-can.png","","637","1560","110","110","250","128","","","","",""
"battle-coop","협동 디펜스","label-123","assets/text/d293ce8254d0099abe.png","","Lv.3","696","1662","60","27","231","129","","","","",""
"battle-coop","협동 디펜스","board-cell-124","assets/placed/f328ab890386a91e95.png","assets/ui/board-cell.png","","772","1550","144","139","231","130","","","","",""
"battle-coop","협동 디펜스","shadow-cat-smith-125","assets/placed/e4570f1fa4cf01b456.png","assets/ui/ground-shadow.png","","48","1889","195","31","0","131","","","","",""
"battle-coop","협동 디펜스","cat-smith-125","assets/placed/ba6a0b55012bca4fa6.png","assets/characters/cat-smith.png","","28","1740","240","170","10","132","","","","",""
"battle-coop","협동 디펜스","button-yellow-normal-127","assets/placed/bee0560864d93678f2.png","assets/ui/button-yellow-normal.png","","329","1726","386","162","32","133","329","1726","386","162",""
"battle-coop","협동 디펜스","paw-128","assets/placed/0b4cc5795708778b6a.png","assets/icons/paw.png","","439","1768","54","54","98","134","","","","",""
"battle-coop","협동 디펜스","label-129","assets/text/3701cfd243326ee4f9.png","","생산","413","1753","288","52","115","135","","","","",""
"battle-coop","협동 디펜스","label-130","assets/text/cc97827529f91ac397.png","","에너지 1","398","1792","318","44","84","136","","","","",""
"battle-coop","협동 디펜스","panel-dark-131","assets/placed/2e793b62cec308b316.png","assets/ui/panel-dark.png","","744","1730","307","94","96","137","","","","",""
"battle-coop","협동 디펜스","energy-132","assets/placed/45cb47516e3a320ea1.png","assets/icons/energy.png","","758","1746","61","62","112","138","","","","",""
"battle-coop","협동 디펜스","label-133","assets/text/391ca5c652dfaeb6ad.png","","38 / 50","795","1751","205","52","117","139","","","","",""
"battle-coop","협동 디펜스","progress-track-134","assets/placed/e29e0953de9afb88c9.png","assets/ui/progress-track.png","","754","1796","287","43","81","140","","","","",""
"battle-coop","협동 디펜스","progress-gold-135","assets/placed/4199658e3dc37d79e4.png","assets/ui/progress-gold.png","","762","1803","195","29","88","141","","","","",""
"battle-coop","협동 디펜스","label-136","assets/text/d54c8929062de2d6e1.png","","피버","755","1799","287","40","81","142","","","","",""
"battle-boss","월드보스 도전","background","assets/placed/9d05d915b491c9d64e.png","assets/backgrounds/battle.png","","0","0","1080","1920","0","0","","","","",""
"battle-boss","월드보스 도전","title-banner-1","assets/placed/d49e1415b5708dab5a.png","assets/ui/title-banner.png","","22","18","316","104","1798","1","","","","",""
"battle-boss","월드보스 도전","label-2","assets/text/66d0a3eb0e733e2d07.png","","고양이 왕국의 관문","43","49","274","45","1826","2","","","","",""
"battle-boss","월드보스 도전","panel-dark-3","assets/placed/956bac39c0e5afb2b2.png","assets/ui/panel-dark.png","","358","25","266","83","1812","3","","","","",""
"battle-boss","월드보스 도전","label-4","assets/text/3692c5203417398130.png","","WAVE 2 / 4","373","42","237","48","1830","4","","","","",""
"battle-boss","월드보스 도전","clock-5","assets/placed/7bff0add4a415be209.png","assets/icons/clock.png","","654","27","73","73","1820","5","","","","",""
"battle-boss","월드보스 도전","panel-dark-6","assets/placed/0be7d3cca0b57f04e8.png","assets/ui/panel-dark.png","","734","25","217","83","1812","6","","","","",""
"battle-boss","월드보스 도전","label-7","assets/text/58df154d082c71cbb4.png","","02:18","752","41","181","55","1824","7","","","","",""
"battle-boss","월드보스 도전","button-cream-normal-8","assets/placed/1320c9d96c1988a5cd.png","assets/ui/button-cream-normal.png","","970","23","89","89","1808","8","970","23","89","89","pause"
"battle-boss","월드보스 도전","pause-9","assets/placed/bed4183682e250fa39.png","assets/icons/pause.png","","988","33","54","54","1833","9","","","","",""
"battle-boss","월드보스 도전","label-10","assets/text/689d215fe24dbddf21.png","","아군 HP","80","141","360","42","1737","10","","","","",""
"battle-boss","월드보스 도전","paw-11","assets/placed/aef7f3d5001a7c49c2.png","assets/icons/paw.png","","20","135","59","59","1726","11","","","","",""
"battle-boss","월드보스 도전","progress-track-12","assets/placed/014f552c7411b360f0.png","assets/ui/progress-track.png","","35","183","435","45","1692","12","","","","",""
"battle-boss","월드보스 도전","progress-mint-13","assets/placed/5bd63bc292edd505cc.png","assets/ui/progress-mint.png","","43","190","335","31","1699","13","","","","",""
"battle-boss","월드보스 도전","label-14","assets/text/d5b7f12891153cc008.png","","40 / 50","35","185","435","40","1695","14","","","","",""
"battle-boss","월드보스 도전","label-15","assets/text/ced70b4828566b957e.png","","고대 뱀장어 킹","586","140","420","47","1733","15","","","","",""
"battle-boss","월드보스 도전","progress-track-16","assets/placed/fedfb24f909e33ba0f.png","assets/ui/progress-track.png","","560","183","491","45","1692","16","","","","",""
"battle-boss","월드보스 도전","progress-red-17","assets/placed/e287b627010e1fb0f7.png","assets/ui/progress-red.png","","568","190","394","31","1699","17","","","","",""
"battle-boss","월드보스 도전","label-18","assets/text/afb19fd33cf2bf6d37.png","","12,500 / 15,000","560","185","491","40","1695","18","","","","",""
"battle-boss","월드보스 도전","shadow-cat-healer-19","assets/placed/003fa76cc1b0ff3ff5.png","assets/ui/ground-shadow.png","","65","499","219","20","1401","19","","","","",""
"battle-boss","월드보스 도전","cat-healer-19","assets/placed/a6c262b9bbb420425c.png","assets/characters/cat-healer.png","","27","321","225","190","1409","20","","","","",""
"battle-boss","월드보스 도전","shadow-cat-warrior-20","assets/placed/6fa0ae8de64397551e.png","assets/ui/ground-shadow.png","","299","512","248","20","1388","21","","","","",""
"battle-boss","월드보스 도전","cat-warrior-20","assets/placed/f59c964931728976e2.png","assets/characters/cat-warrior.png","","255","314","255","209","1397","22","","","","",""
"battle-boss","월드보스 도전","boss-eel-21","assets/placed/bbe5f0c435bbec4c85.png","assets/characters/boss-eel.png","","583","236","353","292","1392","23","","","","",""
"battle-boss","월드보스 도전","fx-sword","assets/placed/150a65408615c5215f.png","assets/ui/sword-arc.png","","451","328","240","189","1403","24","","","","",""
"battle-boss","월드보스 도전","fx-heal","assets/placed/4b6070b427d17add1d.png","assets/ui/healing-aura.png","","35","352","283","166","1402","25","","","","",""
"battle-boss","월드보스 도전","supply-rail-22","assets/placed/ab018bc01114c3aa21.png","assets/ui/supply-rail.png","","25","550","1030","123","1247","26","","","","",""
"battle-boss","월드보스 도전","panel-cream-23","assets/placed/f7f0d018f5e3a85573.png","assets/ui/panel-cream.png","","28","564","227","89","1267","27","","","","",""
"battle-boss","월드보스 도전","label-24","assets/text/1b33a164e407beb875.png","","보급 레일","49","585","186","50","1285","28","","","","",""
"battle-boss","월드보스 도전","item-armor-3-pot-lid-25","assets/placed/5766b2748acc1fb4eb.png","assets/items/item-armor-3-pot-lid.png","","428","564","96","93","1263","29","","","","",""
"battle-boss","월드보스 도전","panel-mint-26","assets/placed/a826d5d1c75a6674ef.png","assets/ui/panel-mint.png","","823","556","126","119","1245","30","","","","",""
"battle-boss","월드보스 도전","cat-healer-27","assets/placed/d29b65d49164915e3b.png","assets/characters/cat-healer.png","","837","564","99","96","1260","31","","","","",""
"battle-boss","월드보스 도전","label-28","assets/text/0169b7a5d17579e631.png","","긴급 보급!","530","579","281","48","1293","32","","","","",""
"battle-boss","월드보스 도전","panel-cream-29","assets/placed/91a32233242b05bece.png","assets/ui/panel-cream.png","","142","651","796","1061","208","33","","","","",""
"battle-boss","월드보스 도전","board-cell-30","assets/placed/f328ab890386a91e95.png","assets/ui/board-cell.png","","164","674","144","139","1107","34","","","","",""
"battle-boss","월드보스 도전","item-weapon-1-twig-31","assets/placed/0ea9d0228ab51630cd.png","assets/items/item-weapon-1-twig.png","","181","684","110","110","1126","35","","","","",""
"battle-boss","월드보스 도전","label-32","assets/text/942eb176e64416053f.png","","Lv.1","240","786","60","27","1107","36","","","","",""
"battle-boss","월드보스 도전","board-cell-33","assets/placed/f328ab890386a91e95.png","assets/ui/board-cell.png","","316","674","144","139","1107","37","","","","",""
"battle-boss","월드보스 도전","item-consumable-2-fish-34","assets/placed/4c21595ff8c5a06dec.png","assets/items/item-consumable-2-fish.png","","333","684","110","110","1126","38","","","","",""
"battle-boss","월드보스 도전","label-35","assets/text/2a0782a20d38670518.png","","Lv.2","392","786","60","27","1107","39","","","","",""
"battle-boss","월드보스 도전","board-cell-36","assets/placed/f328ab890386a91e95.png","assets/ui/board-cell.png","","468","674","144","139","1107","40","","","","",""
"battle-boss","월드보스 도전","item-weapon-2-wood-sword-37","assets/placed/69600d379bf18abc96.png","assets/items/item-weapon-2-wood-sword.png","","485","684","110","110","1126","41","","","","",""
"battle-boss","월드보스 도전","label-38","assets/text/2a0782a20d38670518.png","","Lv.2","544","786","60","27","1107","42","","","","",""
"battle-boss","월드보스 도전","board-cell-39","assets/placed/f328ab890386a91e95.png","assets/ui/board-cell.png","","620","674","144","139","1107","43","","","","",""
"battle-boss","월드보스 도전","item-special-2-yarn-40","assets/placed/d7f2e1dec5c0a102de.png","assets/items/item-special-2-yarn.png","","637","684","110","110","1126","44","","","","",""
"battle-boss","월드보스 도전","label-41","assets/text/2a0782a20d38670518.png","","Lv.2","696","786","60","27","1107","45","","","","",""
"battle-boss","월드보스 도전","board-cell-42","assets/placed/f328ab890386a91e95.png","assets/ui/board-cell.png","","772","674","144","139","1107","46","","","","",""
"battle-boss","월드보스 도전","item-armor-2-leather-43","assets/placed/31ad9dc80b70123eec.png","assets/items/item-armor-2-leather.png","","789","684","110","110","1126","47","","","","",""
"battle-boss","월드보스 도전","label-44","assets/text/2a0782a20d38670518.png","","Lv.2","848","786","60","27","1107","48","","","","",""
"battle-boss","월드보스 도전","board-cell-45","assets/placed/f328ab890386a91e95.png","assets/ui/board-cell.png","","164","820","144","139","961","49","","","","",""
"battle-boss","월드보스 도전","item-armor-3-pot-lid-46","assets/placed/fcade674b54ef34224.png","assets/items/item-armor-3-pot-lid.png","","181","830","110","110","980","50","","","","",""
"battle-boss","월드보스 도전","label-47","assets/text/d293ce8254d0099abe.png","","Lv.3","240","932","60","27","961","51","","","","",""
"battle-boss","월드보스 도전","board-cell-48","assets/placed/f328ab890386a91e95.png","assets/ui/board-cell.png","","316","820","144","139","961","52","","","","",""
"battle-boss","월드보스 도전","item-weapon-3-fishbone-dagger-49","assets/placed/1621df51807f8e81ae.png","assets/items/item-weapon-3-fishbone-dagger.png","","333","830","110","110","980","53","","","","",""
"battle-boss","월드보스 도전","label-50","assets/text/d293ce8254d0099abe.png","","Lv.3","392","932","60","27","961","54","","","","",""
"battle-boss","월드보스 도전","board-cell-51","assets/placed/f328ab890386a91e95.png","assets/ui/board-cell.png","","468","820","144","139","961","55","","","","",""
"battle-boss","월드보스 도전","item-consumable-3-tuna-can-52","assets/placed/4cc2bd2c35529ff576.png","assets/items/item-consumable-3-tuna-can.png","","485","830","110","110","980","56","","","","",""
"battle-boss","월드보스 도전","label-53","assets/text/d293ce8254d0099abe.png","","Lv.3","544","932","60","27","961","57","","","","",""
"battle-boss","월드보스 도전","board-cell-54","assets/placed/f328ab890386a91e95.png","assets/ui/board-cell.png","","620","820","144","139","961","58","","","","",""
"battle-boss","월드보스 도전","item-armor-3-pot-lid-55","assets/placed/fcade674b54ef34224.png","assets/items/item-armor-3-pot-lid.png","","637","830","110","110","980","59","","","","",""
"battle-boss","월드보스 도전","label-56","assets/text/d293ce8254d0099abe.png","","Lv.3","696","932","60","27","961","60","","","","",""
"battle-boss","월드보스 도전","board-cell-57","assets/placed/f328ab890386a91e95.png","assets/ui/board-cell.png","","772","820","144","139","961","61","","","","",""
"battle-boss","월드보스 도전","item-consumable-2-fish-58","assets/placed/4c21595ff8c5a06dec.png","assets/items/item-consumable-2-fish.png","","789","830","110","110","980","62","","","","",""
"battle-boss","월드보스 도전","label-59","assets/text/2a0782a20d38670518.png","","Lv.2","848","932","60","27","961","63","","","","",""
"battle-boss","월드보스 도전","board-cell-60","assets/placed/f328ab890386a91e95.png","assets/ui/board-cell.png","","164","966","144","139","815","64","","","","",""
"battle-boss","월드보스 도전","item-special-2-yarn-61","assets/placed/d7f2e1dec5c0a102de.png","assets/items/item-special-2-yarn.png","","181","976","110","110","834","65","","","","",""
"battle-boss","월드보스 도전","label-62","assets/text/2a0782a20d38670518.png","","Lv.2","240","1078","60","27","815","66","","","","",""
"battle-boss","월드보스 도전","board-cell-63","assets/placed/f328ab890386a91e95.png","assets/ui/board-cell.png","","316","966","144","139","815","67","","","","",""
"battle-boss","월드보스 도전","item-weapon-1-twig-64","assets/placed/0ea9d0228ab51630cd.png","assets/items/item-weapon-1-twig.png","","333","976","110","110","834","68","","","","",""
"battle-boss","월드보스 도전","label-65","assets/text/942eb176e64416053f.png","","Lv.1","392","1078","60","27","815","69","","","","",""
"battle-boss","월드보스 도전","board-cell-66","assets/placed/f328ab890386a91e95.png","assets/ui/board-cell.png","","468","966","144","139","815","70","","","","",""
"battle-boss","월드보스 도전","item-armor-3-pot-lid-67","assets/placed/fcade674b54ef34224.png","assets/items/item-armor-3-pot-lid.png","","485","976","110","110","834","71","","","","",""
"battle-boss","월드보스 도전","label-68","assets/text/d293ce8254d0099abe.png","","Lv.3","544","1078","60","27","815","72","","","","",""
"battle-boss","월드보스 도전","board-cell-69","assets/placed/f328ab890386a91e95.png","assets/ui/board-cell.png","","620","966","144","139","815","73","","","","",""
"battle-boss","월드보스 도전","item-consumable-3-tuna-can-70","assets/placed/4cc2bd2c35529ff576.png","assets/items/item-consumable-3-tuna-can.png","","637","976","110","110","834","74","","","","",""
"battle-boss","월드보스 도전","label-71","assets/text/d293ce8254d0099abe.png","","Lv.3","696","1078","60","27","815","75","","","","",""
"battle-boss","월드보스 도전","board-cell-72","assets/placed/f328ab890386a91e95.png","assets/ui/board-cell.png","","772","966","144","139","815","76","","","","",""
"battle-boss","월드보스 도전","item-weapon-1-twig-73","assets/placed/0ea9d0228ab51630cd.png","assets/items/item-weapon-1-twig.png","","789","976","110","110","834","77","","","","",""
"battle-boss","월드보스 도전","label-74","assets/text/942eb176e64416053f.png","","Lv.1","848","1078","60","27","815","78","","","","",""
"battle-boss","월드보스 도전","board-cell-75","assets/placed/f328ab890386a91e95.png","assets/ui/board-cell.png","","164","1112","144","139","669","79","","","","",""
"battle-boss","월드보스 도전","board-cell-76","assets/placed/f328ab890386a91e95.png","assets/ui/board-cell.png","","316","1112","144","139","669","80","","","","",""
"battle-boss","월드보스 도전","merge-selection-16","assets/placed/6adbb91acc75f8850e.png","assets/ui/merge-glow.png","","313","1109","150","145","666","81","","","","",""
"battle-boss","월드보스 도전","item-armor-3-pot-lid-77","assets/placed/fcade674b54ef34224.png","assets/items/item-armor-3-pot-lid.png","","333","1122","110","110","688","82","","","","",""
"battle-boss","월드보스 도전","label-78","assets/text/d293ce8254d0099abe.png","","Lv.3","392","1224","60","27","669","83","","","","",""
"battle-boss","월드보스 도전","board-cell-79","assets/placed/f328ab890386a91e95.png","assets/ui/board-cell.png","","468","1112","144","139","669","84","","","","",""
"battle-boss","월드보스 도전","merge-selection-17","assets/placed/6adbb91acc75f8850e.png","assets/ui/merge-glow.png","","465","1109","150","145","666","85","","","","",""
"battle-boss","월드보스 도전","item-armor-3-pot-lid-80","assets/placed/fcade674b54ef34224.png","assets/items/item-armor-3-pot-lid.png","","485","1122","110","110","688","86","","","","",""
"battle-boss","월드보스 도전","label-81","assets/text/d293ce8254d0099abe.png","","Lv.3","544","1224","60","27","669","87","","","","",""
"battle-boss","월드보스 도전","board-cell-82","assets/placed/f328ab890386a91e95.png","assets/ui/board-cell.png","","620","1112","144","139","669","88","","","","",""
"battle-boss","월드보스 도전","item-armor-2-leather-83","assets/placed/31ad9dc80b70123eec.png","assets/items/item-armor-2-leather.png","","637","1122","110","110","688","89","","","","",""
"battle-boss","월드보스 도전","label-84","assets/text/2a0782a20d38670518.png","","Lv.2","696","1224","60","27","669","90","","","","",""
"battle-boss","월드보스 도전","board-cell-85","assets/placed/f328ab890386a91e95.png","assets/ui/board-cell.png","","772","1112","144","139","669","91","","","","",""
"battle-boss","월드보스 도전","item-weapon-3-fishbone-dagger-86","assets/placed/1621df51807f8e81ae.png","assets/items/item-weapon-3-fishbone-dagger.png","","789","1122","110","110","688","92","","","","",""
"battle-boss","월드보스 도전","label-87","assets/text/d293ce8254d0099abe.png","","Lv.3","848","1224","60","27","669","93","","","","",""
"battle-boss","월드보스 도전","board-cell-88","assets/placed/f328ab890386a91e95.png","assets/ui/board-cell.png","","164","1258","144","139","523","94","","","","",""
"battle-boss","월드보스 도전","item-consumable-2-fish-89","assets/placed/4c21595ff8c5a06dec.png","assets/items/item-consumable-2-fish.png","","181","1268","110","110","542","95","","","","",""
"battle-boss","월드보스 도전","label-90","assets/text/2a0782a20d38670518.png","","Lv.2","240","1370","60","27","523","96","","","","",""
"battle-boss","월드보스 도전","board-cell-91","assets/placed/f328ab890386a91e95.png","assets/ui/board-cell.png","","316","1258","144","139","523","97","","","","",""
"battle-boss","월드보스 도전","item-consumable-3-tuna-can-92","assets/placed/4cc2bd2c35529ff576.png","assets/items/item-consumable-3-tuna-can.png","","333","1268","110","110","542","98","","","","",""
"battle-boss","월드보스 도전","label-93","assets/text/d293ce8254d0099abe.png","","Lv.3","392","1370","60","27","523","99","","","","",""
"battle-boss","월드보스 도전","board-cell-94","assets/placed/f328ab890386a91e95.png","assets/ui/board-cell.png","","468","1258","144","139","523","100","","","","",""
"battle-boss","월드보스 도전","board-cell-95","assets/placed/f328ab890386a91e95.png","assets/ui/board-cell.png","","620","1258","144","139","523","101","","","","",""
"battle-boss","월드보스 도전","item-weapon-5-flame-sword-96","assets/placed/935291f04b10607a04.png","assets/items/item-weapon-5-flame-sword.png","","637","1268","110","110","542","102","","","","",""
"battle-boss","월드보스 도전","label-97","assets/text/ed22d06fb1122a2ba1.png","","Lv.5","696","1370","60","27","523","103","","","","",""
"battle-boss","월드보스 도전","board-cell-98","assets/placed/f328ab890386a91e95.png","assets/ui/board-cell.png","","772","1258","144","139","523","104","","","","",""
"battle-boss","월드보스 도전","item-armor-2-leather-99","assets/placed/31ad9dc80b70123eec.png","assets/items/item-armor-2-leather.png","","789","1268","110","110","542","105","","","","",""
"battle-boss","월드보스 도전","label-100","assets/text/2a0782a20d38670518.png","","Lv.2","848","1370","60","27","523","106","","","","",""
"battle-boss","월드보스 도전","board-cell-101","assets/placed/f328ab890386a91e95.png","assets/ui/board-cell.png","","164","1404","144","139","377","107","","","","",""
"battle-boss","월드보스 도전","item-special-2-yarn-102","assets/placed/d7f2e1dec5c0a102de.png","assets/items/item-special-2-yarn.png","","181","1414","110","110","396","108","","","","",""
"battle-boss","월드보스 도전","label-103","assets/text/2a0782a20d38670518.png","","Lv.2","240","1516","60","27","377","109","","","","",""
"battle-boss","월드보스 도전","board-cell-104","assets/placed/f328ab890386a91e95.png","assets/ui/board-cell.png","","316","1404","144","139","377","110","","","","",""
"battle-boss","월드보스 도전","item-weapon-3-fishbone-dagger-105","assets/placed/1621df51807f8e81ae.png","assets/items/item-weapon-3-fishbone-dagger.png","","333","1414","110","110","396","111","","","","",""
"battle-boss","월드보스 도전","label-106","assets/text/d293ce8254d0099abe.png","","Lv.3","392","1516","60","27","377","112","","","","",""
"battle-boss","월드보스 도전","board-cell-107","assets/placed/f328ab890386a91e95.png","assets/ui/board-cell.png","","468","1404","144","139","377","113","","","","",""
"battle-boss","월드보스 도전","board-cell-108","assets/placed/f328ab890386a91e95.png","assets/ui/board-cell.png","","620","1404","144","139","377","114","","","","",""
"battle-boss","월드보스 도전","item-consumable-2-fish-109","assets/placed/4c21595ff8c5a06dec.png","assets/items/item-consumable-2-fish.png","","637","1414","110","110","396","115","","","","",""
"battle-boss","월드보스 도전","label-110","assets/text/2a0782a20d38670518.png","","Lv.2","696","1516","60","27","377","116","","","","",""
"battle-boss","월드보스 도전","board-cell-111","assets/placed/f328ab890386a91e95.png","assets/ui/board-cell.png","","772","1404","144","139","377","117","","","","",""
"battle-boss","월드보스 도전","item-consumable-1-anchovy-112","assets/placed/252493a19cbacad1fe.png","assets/items/item-consumable-1-anchovy.png","","789","1414","110","110","396","118","","","","",""
"battle-boss","월드보스 도전","label-113","assets/text/942eb176e64416053f.png","","Lv.1","848","1516","60","27","377","119","","","","",""
"battle-boss","월드보스 도전","board-cell-114","assets/placed/f328ab890386a91e95.png","assets/ui/board-cell.png","","164","1550","144","139","231","120","","","","",""
"battle-boss","월드보스 도전","board-cell-115","assets/placed/f328ab890386a91e95.png","assets/ui/board-cell.png","","316","1550","144","139","231","121","","","","",""
"battle-boss","월드보스 도전","item-weapon-1-twig-116","assets/placed/0ea9d0228ab51630cd.png","assets/items/item-weapon-1-twig.png","","333","1560","110","110","250","122","","","","",""
"battle-boss","월드보스 도전","label-117","assets/text/942eb176e64416053f.png","","Lv.1","392","1662","60","27","231","123","","","","",""
"battle-boss","월드보스 도전","board-cell-118","assets/placed/f328ab890386a91e95.png","assets/ui/board-cell.png","","468","1550","144","139","231","124","","","","",""
"battle-boss","월드보스 도전","item-special-2-yarn-119","assets/placed/d7f2e1dec5c0a102de.png","assets/items/item-special-2-yarn.png","","485","1560","110","110","250","125","","","","",""
"battle-boss","월드보스 도전","label-120","assets/text/2a0782a20d38670518.png","","Lv.2","544","1662","60","27","231","126","","","","",""
"battle-boss","월드보스 도전","board-cell-121","assets/placed/f328ab890386a91e95.png","assets/ui/board-cell.png","","620","1550","144","139","231","127","","","","",""
"battle-boss","월드보스 도전","item-consumable-3-tuna-can-122","assets/placed/4cc2bd2c35529ff576.png","assets/items/item-consumable-3-tuna-can.png","","637","1560","110","110","250","128","","","","",""
"battle-boss","월드보스 도전","label-123","assets/text/d293ce8254d0099abe.png","","Lv.3","696","1662","60","27","231","129","","","","",""
"battle-boss","월드보스 도전","board-cell-124","assets/placed/f328ab890386a91e95.png","assets/ui/board-cell.png","","772","1550","144","139","231","130","","","","",""
"battle-boss","월드보스 도전","shadow-cat-smith-125","assets/placed/e4570f1fa4cf01b456.png","assets/ui/ground-shadow.png","","48","1889","195","31","0","131","","","","",""
"battle-boss","월드보스 도전","cat-smith-125","assets/placed/ba6a0b55012bca4fa6.png","assets/characters/cat-smith.png","","28","1740","240","170","10","132","","","","",""
"battle-boss","월드보스 도전","button-yellow-normal-127","assets/placed/bee0560864d93678f2.png","assets/ui/button-yellow-normal.png","","329","1726","386","162","32","133","329","1726","386","162",""
"battle-boss","월드보스 도전","paw-128","assets/placed/0b4cc5795708778b6a.png","assets/icons/paw.png","","439","1768","54","54","98","134","","","","",""
"battle-boss","월드보스 도전","label-129","assets/text/3701cfd243326ee4f9.png","","생산","413","1753","288","52","115","135","","","","",""
"battle-boss","월드보스 도전","label-130","assets/text/cc97827529f91ac397.png","","에너지 1","398","1792","318","44","84","136","","","","",""
"battle-boss","월드보스 도전","panel-dark-131","assets/placed/2e793b62cec308b316.png","assets/ui/panel-dark.png","","744","1730","307","94","96","137","","","","",""
"battle-boss","월드보스 도전","energy-132","assets/placed/45cb47516e3a320ea1.png","assets/icons/energy.png","","758","1746","61","62","112","138","","","","",""
"battle-boss","월드보스 도전","label-133","assets/text/391ca5c652dfaeb6ad.png","","38 / 50","795","1751","205","52","117","139","","","","",""
"battle-boss","월드보스 도전","progress-track-134","assets/placed/e29e0953de9afb88c9.png","assets/ui/progress-track.png","","754","1796","287","43","81","140","","","","",""
"battle-boss","월드보스 도전","progress-gold-135","assets/placed/4199658e3dc37d79e4.png","assets/ui/progress-gold.png","","762","1803","195","29","88","141","","","","",""
"battle-boss","월드보스 도전","label-136","assets/text/d54c8929062de2d6e1.png","","피버","755","1799","287","40","81","142","","","","",""
"battle-pvp","1:1 대전","background","assets/placed/9d05d915b491c9d64e.png","assets/backgrounds/battle.png","","0","0","1080","1920","0","0","","","","",""
"battle-pvp","1:1 대전","title-banner-1","assets/placed/d49e1415b5708dab5a.png","assets/ui/title-banner.png","","22","18","316","104","1798","1","","","","",""
"battle-pvp","1:1 대전","label-2","assets/text/d59aa2cb9dd0f4e614.png","","1:1 대전","43","49","274","45","1826","2","","","","",""
"battle-pvp","1:1 대전","panel-dark-3","assets/placed/956bac39c0e5afb2b2.png","assets/ui/panel-dark.png","","358","25","266","83","1812","3","","","","",""
"battle-pvp","1:1 대전","label-4","assets/text/3692c5203417398130.png","","WAVE 2 / 4","373","42","237","48","1830","4","","","","",""
"battle-pvp","1:1 대전","clock-5","assets/placed/7bff0add4a415be209.png","assets/icons/clock.png","","654","27","73","73","1820","5","","","","",""
"battle-pvp","1:1 대전","panel-dark-6","assets/placed/0be7d3cca0b57f04e8.png","assets/ui/panel-dark.png","","734","25","217","83","1812","6","","","","",""
"battle-pvp","1:1 대전","label-7","assets/text/58df154d082c71cbb4.png","","02:18","752","41","181","55","1824","7","","","","",""
"battle-pvp","1:1 대전","button-cream-normal-8","assets/placed/1320c9d96c1988a5cd.png","assets/ui/button-cream-normal.png","","970","23","89","89","1808","8","970","23","89","89","pause"
"battle-pvp","1:1 대전","pause-9","assets/placed/bed4183682e250fa39.png","assets/icons/pause.png","","988","33","54","54","1833","9","","","","",""
"battle-pvp","1:1 대전","label-10","assets/text/689d215fe24dbddf21.png","","아군 HP","80","141","360","42","1737","10","","","","",""
"battle-pvp","1:1 대전","paw-11","assets/placed/aef7f3d5001a7c49c2.png","assets/icons/paw.png","","20","135","59","59","1726","11","","","","",""
"battle-pvp","1:1 대전","progress-track-12","assets/placed/014f552c7411b360f0.png","assets/ui/progress-track.png","","35","183","435","45","1692","12","","","","",""
"battle-pvp","1:1 대전","progress-mint-13","assets/placed/5bd63bc292edd505cc.png","assets/ui/progress-mint.png","","43","190","335","31","1699","13","","","","",""
"battle-pvp","1:1 대전","label-14","assets/text/d5b7f12891153cc008.png","","40 / 50","35","185","435","40","1695","14","","","","",""
"battle-pvp","1:1 대전","label-15","assets/text/4f1ffd5543093eff8f.png","","쥐왕 찍찍대제","586","140","420","47","1733","15","","","","",""
"battle-pvp","1:1 대전","progress-track-16","assets/placed/fedfb24f909e33ba0f.png","assets/ui/progress-track.png","","560","183","491","45","1692","16","","","","",""
"battle-pvp","1:1 대전","progress-red-17","assets/placed/e287b627010e1fb0f7.png","assets/ui/progress-red.png","","568","190","394","31","1699","17","","","","",""
"battle-pvp","1:1 대전","label-18","assets/text/afb19fd33cf2bf6d37.png","","12,500 / 15,000","560","185","491","40","1695","18","","","","",""
"battle-pvp","1:1 대전","shadow-cat-healer-19","assets/placed/003fa76cc1b0ff3ff5.png","assets/ui/ground-shadow.png","","65","499","219","20","1401","19","","","","",""
"battle-pvp","1:1 대전","cat-healer-19","assets/placed/a6c262b9bbb420425c.png","assets/characters/cat-healer.png","","27","321","225","190","1409","20","","","","",""
"battle-pvp","1:1 대전","shadow-cat-warrior-20","assets/placed/6fa0ae8de64397551e.png","assets/ui/ground-shadow.png","","299","512","248","20","1388","21","","","","",""
"battle-pvp","1:1 대전","cat-warrior-20","assets/placed/f59c964931728976e2.png","assets/characters/cat-warrior.png","","255","314","255","209","1397","22","","","","",""
"battle-pvp","1:1 대전","shadow-cat-tank-21","assets/placed/9243b5519132718863.png","assets/ui/ground-shadow.png","","720","512","255","20","1388","23","","","","",""
"battle-pvp","1:1 대전","cat-tank-21","assets/placed/e686823b01502fdc69.png","assets/characters/cat-tank.png","","675","300","262","224","1396","24","","","","",""
"battle-pvp","1:1 대전","fx-sword","assets/placed/150a65408615c5215f.png","assets/ui/sword-arc.png","","451","328","240","189","1403","25","","","","",""
"battle-pvp","1:1 대전","fx-heal","assets/placed/4b6070b427d17add1d.png","assets/ui/healing-aura.png","","35","352","283","166","1402","26","","","","",""
"battle-pvp","1:1 대전","supply-rail-22","assets/placed/ab018bc01114c3aa21.png","assets/ui/supply-rail.png","","25","550","1030","123","1247","27","","","","",""
"battle-pvp","1:1 대전","panel-cream-23","assets/placed/f7f0d018f5e3a85573.png","assets/ui/panel-cream.png","","28","564","227","89","1267","28","","","","",""
"battle-pvp","1:1 대전","label-24","assets/text/1b33a164e407beb875.png","","보급 레일","49","585","186","50","1285","29","","","","",""
"battle-pvp","1:1 대전","item-armor-3-pot-lid-25","assets/placed/5766b2748acc1fb4eb.png","assets/items/item-armor-3-pot-lid.png","","428","564","96","93","1263","30","","","","",""
"battle-pvp","1:1 대전","panel-mint-26","assets/placed/a826d5d1c75a6674ef.png","assets/ui/panel-mint.png","","823","556","126","119","1245","31","","","","",""
"battle-pvp","1:1 대전","cat-healer-27","assets/placed/d29b65d49164915e3b.png","assets/characters/cat-healer.png","","837","564","99","96","1260","32","","","","",""
"battle-pvp","1:1 대전","label-28","assets/text/0169b7a5d17579e631.png","","긴급 보급!","530","579","281","48","1293","33","","","","",""
"battle-pvp","1:1 대전","panel-cream-29","assets/placed/91a32233242b05bece.png","assets/ui/panel-cream.png","","142","651","796","1061","208","34","","","","",""
"battle-pvp","1:1 대전","board-cell-30","assets/placed/f328ab890386a91e95.png","assets/ui/board-cell.png","","164","674","144","139","1107","35","","","","",""
"battle-pvp","1:1 대전","item-weapon-1-twig-31","assets/placed/0ea9d0228ab51630cd.png","assets/items/item-weapon-1-twig.png","","181","684","110","110","1126","36","","","","",""
"battle-pvp","1:1 대전","label-32","assets/text/942eb176e64416053f.png","","Lv.1","240","786","60","27","1107","37","","","","",""
"battle-pvp","1:1 대전","board-cell-33","assets/placed/f328ab890386a91e95.png","assets/ui/board-cell.png","","316","674","144","139","1107","38","","","","",""
"battle-pvp","1:1 대전","item-consumable-2-fish-34","assets/placed/4c21595ff8c5a06dec.png","assets/items/item-consumable-2-fish.png","","333","684","110","110","1126","39","","","","",""
"battle-pvp","1:1 대전","label-35","assets/text/2a0782a20d38670518.png","","Lv.2","392","786","60","27","1107","40","","","","",""
"battle-pvp","1:1 대전","board-cell-36","assets/placed/f328ab890386a91e95.png","assets/ui/board-cell.png","","468","674","144","139","1107","41","","","","",""
"battle-pvp","1:1 대전","item-weapon-2-wood-sword-37","assets/placed/69600d379bf18abc96.png","assets/items/item-weapon-2-wood-sword.png","","485","684","110","110","1126","42","","","","",""
"battle-pvp","1:1 대전","label-38","assets/text/2a0782a20d38670518.png","","Lv.2","544","786","60","27","1107","43","","","","",""
"battle-pvp","1:1 대전","board-cell-39","assets/placed/f328ab890386a91e95.png","assets/ui/board-cell.png","","620","674","144","139","1107","44","","","","",""
"battle-pvp","1:1 대전","item-special-2-yarn-40","assets/placed/d7f2e1dec5c0a102de.png","assets/items/item-special-2-yarn.png","","637","684","110","110","1126","45","","","","",""
"battle-pvp","1:1 대전","label-41","assets/text/2a0782a20d38670518.png","","Lv.2","696","786","60","27","1107","46","","","","",""
"battle-pvp","1:1 대전","board-cell-42","assets/placed/f328ab890386a91e95.png","assets/ui/board-cell.png","","772","674","144","139","1107","47","","","","",""
"battle-pvp","1:1 대전","item-armor-2-leather-43","assets/placed/31ad9dc80b70123eec.png","assets/items/item-armor-2-leather.png","","789","684","110","110","1126","48","","","","",""
"battle-pvp","1:1 대전","label-44","assets/text/2a0782a20d38670518.png","","Lv.2","848","786","60","27","1107","49","","","","",""
"battle-pvp","1:1 대전","board-cell-45","assets/placed/f328ab890386a91e95.png","assets/ui/board-cell.png","","164","820","144","139","961","50","","","","",""
"battle-pvp","1:1 대전","item-armor-3-pot-lid-46","assets/placed/fcade674b54ef34224.png","assets/items/item-armor-3-pot-lid.png","","181","830","110","110","980","51","","","","",""
"battle-pvp","1:1 대전","label-47","assets/text/d293ce8254d0099abe.png","","Lv.3","240","932","60","27","961","52","","","","",""
"battle-pvp","1:1 대전","board-cell-48","assets/placed/f328ab890386a91e95.png","assets/ui/board-cell.png","","316","820","144","139","961","53","","","","",""
"battle-pvp","1:1 대전","item-weapon-3-fishbone-dagger-49","assets/placed/1621df51807f8e81ae.png","assets/items/item-weapon-3-fishbone-dagger.png","","333","830","110","110","980","54","","","","",""
"battle-pvp","1:1 대전","label-50","assets/text/d293ce8254d0099abe.png","","Lv.3","392","932","60","27","961","55","","","","",""
"battle-pvp","1:1 대전","board-cell-51","assets/placed/f328ab890386a91e95.png","assets/ui/board-cell.png","","468","820","144","139","961","56","","","","",""
"battle-pvp","1:1 대전","item-consumable-3-tuna-can-52","assets/placed/4cc2bd2c35529ff576.png","assets/items/item-consumable-3-tuna-can.png","","485","830","110","110","980","57","","","","",""
"battle-pvp","1:1 대전","label-53","assets/text/d293ce8254d0099abe.png","","Lv.3","544","932","60","27","961","58","","","","",""
"battle-pvp","1:1 대전","board-cell-54","assets/placed/f328ab890386a91e95.png","assets/ui/board-cell.png","","620","820","144","139","961","59","","","","",""
"battle-pvp","1:1 대전","item-armor-3-pot-lid-55","assets/placed/fcade674b54ef34224.png","assets/items/item-armor-3-pot-lid.png","","637","830","110","110","980","60","","","","",""
"battle-pvp","1:1 대전","label-56","assets/text/d293ce8254d0099abe.png","","Lv.3","696","932","60","27","961","61","","","","",""
"battle-pvp","1:1 대전","board-cell-57","assets/placed/f328ab890386a91e95.png","assets/ui/board-cell.png","","772","820","144","139","961","62","","","","",""
"battle-pvp","1:1 대전","item-consumable-2-fish-58","assets/placed/4c21595ff8c5a06dec.png","assets/items/item-consumable-2-fish.png","","789","830","110","110","980","63","","","","",""
"battle-pvp","1:1 대전","label-59","assets/text/2a0782a20d38670518.png","","Lv.2","848","932","60","27","961","64","","","","",""
"battle-pvp","1:1 대전","board-cell-60","assets/placed/f328ab890386a91e95.png","assets/ui/board-cell.png","","164","966","144","139","815","65","","","","",""
"battle-pvp","1:1 대전","item-special-2-yarn-61","assets/placed/d7f2e1dec5c0a102de.png","assets/items/item-special-2-yarn.png","","181","976","110","110","834","66","","","","",""
"battle-pvp","1:1 대전","label-62","assets/text/2a0782a20d38670518.png","","Lv.2","240","1078","60","27","815","67","","","","",""
"battle-pvp","1:1 대전","board-cell-63","assets/placed/f328ab890386a91e95.png","assets/ui/board-cell.png","","316","966","144","139","815","68","","","","",""
"battle-pvp","1:1 대전","item-weapon-1-twig-64","assets/placed/0ea9d0228ab51630cd.png","assets/items/item-weapon-1-twig.png","","333","976","110","110","834","69","","","","",""
"battle-pvp","1:1 대전","label-65","assets/text/942eb176e64416053f.png","","Lv.1","392","1078","60","27","815","70","","","","",""
"battle-pvp","1:1 대전","board-cell-66","assets/placed/f328ab890386a91e95.png","assets/ui/board-cell.png","","468","966","144","139","815","71","","","","",""
"battle-pvp","1:1 대전","item-armor-3-pot-lid-67","assets/placed/fcade674b54ef34224.png","assets/items/item-armor-3-pot-lid.png","","485","976","110","110","834","72","","","","",""
"battle-pvp","1:1 대전","label-68","assets/text/d293ce8254d0099abe.png","","Lv.3","544","1078","60","27","815","73","","","","",""
"battle-pvp","1:1 대전","board-cell-69","assets/placed/f328ab890386a91e95.png","assets/ui/board-cell.png","","620","966","144","139","815","74","","","","",""
"battle-pvp","1:1 대전","item-consumable-3-tuna-can-70","assets/placed/4cc2bd2c35529ff576.png","assets/items/item-consumable-3-tuna-can.png","","637","976","110","110","834","75","","","","",""
"battle-pvp","1:1 대전","label-71","assets/text/d293ce8254d0099abe.png","","Lv.3","696","1078","60","27","815","76","","","","",""
"battle-pvp","1:1 대전","board-cell-72","assets/placed/f328ab890386a91e95.png","assets/ui/board-cell.png","","772","966","144","139","815","77","","","","",""
"battle-pvp","1:1 대전","item-weapon-1-twig-73","assets/placed/0ea9d0228ab51630cd.png","assets/items/item-weapon-1-twig.png","","789","976","110","110","834","78","","","","",""
"battle-pvp","1:1 대전","label-74","assets/text/942eb176e64416053f.png","","Lv.1","848","1078","60","27","815","79","","","","",""
"battle-pvp","1:1 대전","board-cell-75","assets/placed/f328ab890386a91e95.png","assets/ui/board-cell.png","","164","1112","144","139","669","80","","","","",""
"battle-pvp","1:1 대전","board-cell-76","assets/placed/f328ab890386a91e95.png","assets/ui/board-cell.png","","316","1112","144","139","669","81","","","","",""
"battle-pvp","1:1 대전","merge-selection-16","assets/placed/6adbb91acc75f8850e.png","assets/ui/merge-glow.png","","313","1109","150","145","666","82","","","","",""
"battle-pvp","1:1 대전","item-armor-3-pot-lid-77","assets/placed/fcade674b54ef34224.png","assets/items/item-armor-3-pot-lid.png","","333","1122","110","110","688","83","","","","",""
"battle-pvp","1:1 대전","label-78","assets/text/d293ce8254d0099abe.png","","Lv.3","392","1224","60","27","669","84","","","","",""
"battle-pvp","1:1 대전","board-cell-79","assets/placed/f328ab890386a91e95.png","assets/ui/board-cell.png","","468","1112","144","139","669","85","","","","",""
"battle-pvp","1:1 대전","merge-selection-17","assets/placed/6adbb91acc75f8850e.png","assets/ui/merge-glow.png","","465","1109","150","145","666","86","","","","",""
"battle-pvp","1:1 대전","item-armor-3-pot-lid-80","assets/placed/fcade674b54ef34224.png","assets/items/item-armor-3-pot-lid.png","","485","1122","110","110","688","87","","","","",""
"battle-pvp","1:1 대전","label-81","assets/text/d293ce8254d0099abe.png","","Lv.3","544","1224","60","27","669","88","","","","",""
"battle-pvp","1:1 대전","board-cell-82","assets/placed/f328ab890386a91e95.png","assets/ui/board-cell.png","","620","1112","144","139","669","89","","","","",""
"battle-pvp","1:1 대전","item-armor-2-leather-83","assets/placed/31ad9dc80b70123eec.png","assets/items/item-armor-2-leather.png","","637","1122","110","110","688","90","","","","",""
"battle-pvp","1:1 대전","label-84","assets/text/2a0782a20d38670518.png","","Lv.2","696","1224","60","27","669","91","","","","",""
"battle-pvp","1:1 대전","board-cell-85","assets/placed/f328ab890386a91e95.png","assets/ui/board-cell.png","","772","1112","144","139","669","92","","","","",""
"battle-pvp","1:1 대전","item-weapon-3-fishbone-dagger-86","assets/placed/1621df51807f8e81ae.png","assets/items/item-weapon-3-fishbone-dagger.png","","789","1122","110","110","688","93","","","","",""
"battle-pvp","1:1 대전","label-87","assets/text/d293ce8254d0099abe.png","","Lv.3","848","1224","60","27","669","94","","","","",""
"battle-pvp","1:1 대전","board-cell-88","assets/placed/f328ab890386a91e95.png","assets/ui/board-cell.png","","164","1258","144","139","523","95","","","","",""
"battle-pvp","1:1 대전","item-consumable-2-fish-89","assets/placed/4c21595ff8c5a06dec.png","assets/items/item-consumable-2-fish.png","","181","1268","110","110","542","96","","","","",""
"battle-pvp","1:1 대전","label-90","assets/text/2a0782a20d38670518.png","","Lv.2","240","1370","60","27","523","97","","","","",""
"battle-pvp","1:1 대전","board-cell-91","assets/placed/f328ab890386a91e95.png","assets/ui/board-cell.png","","316","1258","144","139","523","98","","","","",""
"battle-pvp","1:1 대전","item-consumable-3-tuna-can-92","assets/placed/4cc2bd2c35529ff576.png","assets/items/item-consumable-3-tuna-can.png","","333","1268","110","110","542","99","","","","",""
"battle-pvp","1:1 대전","label-93","assets/text/d293ce8254d0099abe.png","","Lv.3","392","1370","60","27","523","100","","","","",""
"battle-pvp","1:1 대전","board-cell-94","assets/placed/f328ab890386a91e95.png","assets/ui/board-cell.png","","468","1258","144","139","523","101","","","","",""
"battle-pvp","1:1 대전","board-cell-95","assets/placed/f328ab890386a91e95.png","assets/ui/board-cell.png","","620","1258","144","139","523","102","","","","",""
"battle-pvp","1:1 대전","item-weapon-5-flame-sword-96","assets/placed/935291f04b10607a04.png","assets/items/item-weapon-5-flame-sword.png","","637","1268","110","110","542","103","","","","",""
"battle-pvp","1:1 대전","label-97","assets/text/ed22d06fb1122a2ba1.png","","Lv.5","696","1370","60","27","523","104","","","","",""
"battle-pvp","1:1 대전","board-cell-98","assets/placed/f328ab890386a91e95.png","assets/ui/board-cell.png","","772","1258","144","139","523","105","","","","",""
"battle-pvp","1:1 대전","item-armor-2-leather-99","assets/placed/31ad9dc80b70123eec.png","assets/items/item-armor-2-leather.png","","789","1268","110","110","542","106","","","","",""
"battle-pvp","1:1 대전","label-100","assets/text/2a0782a20d38670518.png","","Lv.2","848","1370","60","27","523","107","","","","",""
"battle-pvp","1:1 대전","board-cell-101","assets/placed/f328ab890386a91e95.png","assets/ui/board-cell.png","","164","1404","144","139","377","108","","","","",""
"battle-pvp","1:1 대전","item-special-2-yarn-102","assets/placed/d7f2e1dec5c0a102de.png","assets/items/item-special-2-yarn.png","","181","1414","110","110","396","109","","","","",""
"battle-pvp","1:1 대전","label-103","assets/text/2a0782a20d38670518.png","","Lv.2","240","1516","60","27","377","110","","","","",""
"battle-pvp","1:1 대전","board-cell-104","assets/placed/f328ab890386a91e95.png","assets/ui/board-cell.png","","316","1404","144","139","377","111","","","","",""
"battle-pvp","1:1 대전","item-weapon-3-fishbone-dagger-105","assets/placed/1621df51807f8e81ae.png","assets/items/item-weapon-3-fishbone-dagger.png","","333","1414","110","110","396","112","","","","",""
"battle-pvp","1:1 대전","label-106","assets/text/d293ce8254d0099abe.png","","Lv.3","392","1516","60","27","377","113","","","","",""
"battle-pvp","1:1 대전","board-cell-107","assets/placed/f328ab890386a91e95.png","assets/ui/board-cell.png","","468","1404","144","139","377","114","","","","",""
"battle-pvp","1:1 대전","board-cell-108","assets/placed/f328ab890386a91e95.png","assets/ui/board-cell.png","","620","1404","144","139","377","115","","","","",""
"battle-pvp","1:1 대전","item-consumable-2-fish-109","assets/placed/4c21595ff8c5a06dec.png","assets/items/item-consumable-2-fish.png","","637","1414","110","110","396","116","","","","",""
"battle-pvp","1:1 대전","label-110","assets/text/2a0782a20d38670518.png","","Lv.2","696","1516","60","27","377","117","","","","",""
"battle-pvp","1:1 대전","board-cell-111","assets/placed/f328ab890386a91e95.png","assets/ui/board-cell.png","","772","1404","144","139","377","118","","","","",""
"battle-pvp","1:1 대전","item-consumable-1-anchovy-112","assets/placed/252493a19cbacad1fe.png","assets/items/item-consumable-1-anchovy.png","","789","1414","110","110","396","119","","","","",""
"battle-pvp","1:1 대전","label-113","assets/text/942eb176e64416053f.png","","Lv.1","848","1516","60","27","377","120","","","","",""
"battle-pvp","1:1 대전","board-cell-114","assets/placed/f328ab890386a91e95.png","assets/ui/board-cell.png","","164","1550","144","139","231","121","","","","",""
"battle-pvp","1:1 대전","board-cell-115","assets/placed/f328ab890386a91e95.png","assets/ui/board-cell.png","","316","1550","144","139","231","122","","","","",""
"battle-pvp","1:1 대전","item-weapon-1-twig-116","assets/placed/0ea9d0228ab51630cd.png","assets/items/item-weapon-1-twig.png","","333","1560","110","110","250","123","","","","",""
"battle-pvp","1:1 대전","label-117","assets/text/942eb176e64416053f.png","","Lv.1","392","1662","60","27","231","124","","","","",""
"battle-pvp","1:1 대전","board-cell-118","assets/placed/f328ab890386a91e95.png","assets/ui/board-cell.png","","468","1550","144","139","231","125","","","","",""
"battle-pvp","1:1 대전","item-special-2-yarn-119","assets/placed/d7f2e1dec5c0a102de.png","assets/items/item-special-2-yarn.png","","485","1560","110","110","250","126","","","","",""
"battle-pvp","1:1 대전","label-120","assets/text/2a0782a20d38670518.png","","Lv.2","544","1662","60","27","231","127","","","","",""
"battle-pvp","1:1 대전","board-cell-121","assets/placed/f328ab890386a91e95.png","assets/ui/board-cell.png","","620","1550","144","139","231","128","","","","",""
"battle-pvp","1:1 대전","item-consumable-3-tuna-can-122","assets/placed/4cc2bd2c35529ff576.png","assets/items/item-consumable-3-tuna-can.png","","637","1560","110","110","250","129","","","","",""
"battle-pvp","1:1 대전","label-123","assets/text/d293ce8254d0099abe.png","","Lv.3","696","1662","60","27","231","130","","","","",""
"battle-pvp","1:1 대전","board-cell-124","assets/placed/f328ab890386a91e95.png","assets/ui/board-cell.png","","772","1550","144","139","231","131","","","","",""
"battle-pvp","1:1 대전","shadow-cat-smith-125","assets/placed/e4570f1fa4cf01b456.png","assets/ui/ground-shadow.png","","48","1889","195","31","0","132","","","","",""
"battle-pvp","1:1 대전","cat-smith-125","assets/placed/ba6a0b55012bca4fa6.png","assets/characters/cat-smith.png","","28","1740","240","170","10","133","","","","",""
"battle-pvp","1:1 대전","button-yellow-normal-127","assets/placed/bee0560864d93678f2.png","assets/ui/button-yellow-normal.png","","329","1726","386","162","32","134","329","1726","386","162",""
"battle-pvp","1:1 대전","paw-128","assets/placed/0b4cc5795708778b6a.png","assets/icons/paw.png","","439","1768","54","54","98","135","","","","",""
"battle-pvp","1:1 대전","label-129","assets/text/3701cfd243326ee4f9.png","","생산","413","1753","288","52","115","136","","","","",""
"battle-pvp","1:1 대전","label-130","assets/text/cc97827529f91ac397.png","","에너지 1","398","1792","318","44","84","137","","","","",""
"battle-pvp","1:1 대전","panel-dark-131","assets/placed/2e793b62cec308b316.png","assets/ui/panel-dark.png","","744","1730","307","94","96","138","","","","",""
"battle-pvp","1:1 대전","energy-132","assets/placed/45cb47516e3a320ea1.png","assets/icons/energy.png","","758","1746","61","62","112","139","","","","",""
"battle-pvp","1:1 대전","label-133","assets/text/b03f87c14d8c4ca7e5.png","","무제한","795","1753","205","52","115","140","","","","",""
"battle-pvp","1:1 대전","progress-track-134","assets/placed/e29e0953de9afb88c9.png","assets/ui/progress-track.png","","754","1796","287","43","81","141","","","","",""
"battle-pvp","1:1 대전","progress-gold-135","assets/placed/4199658e3dc37d79e4.png","assets/ui/progress-gold.png","","762","1803","195","29","88","142","","","","",""
"battle-pvp","1:1 대전","label-136","assets/text/d54c8929062de2d6e1.png","","피버","755","1799","287","40","81","143","","","","",""
"tutorial","처음 만드는 작은 칼","background","assets/placed/9d05d915b491c9d64e.png","assets/backgrounds/battle.png","","0","0","1080","1920","0","0","","","","",""
"tutorial","처음 만드는 작은 칼","title-banner-1","assets/placed/d49e1415b5708dab5a.png","assets/ui/title-banner.png","","22","18","316","104","1798","1","","","","",""
"tutorial","처음 만드는 작은 칼","label-2","assets/text/66d0a3eb0e733e2d07.png","","고양이 왕국의 관문","43","49","274","45","1826","2","","","","",""
"tutorial","처음 만드는 작은 칼","panel-dark-3","assets/placed/956bac39c0e5afb2b2.png","assets/ui/panel-dark.png","","358","25","266","83","1812","3","","","","",""
"tutorial","처음 만드는 작은 칼","label-4","assets/text/3692c5203417398130.png","","WAVE 2 / 4","373","42","237","48","1830","4","","","","",""
"tutorial","처음 만드는 작은 칼","clock-5","assets/placed/7bff0add4a415be209.png","assets/icons/clock.png","","654","27","73","73","1820","5","","","","",""
"tutorial","처음 만드는 작은 칼","panel-dark-6","assets/placed/0be7d3cca0b57f04e8.png","assets/ui/panel-dark.png","","734","25","217","83","1812","6","","","","",""
"tutorial","처음 만드는 작은 칼","label-7","assets/text/58df154d082c71cbb4.png","","02:18","752","41","181","55","1824","7","","","","",""
"tutorial","처음 만드는 작은 칼","button-cream-normal-8","assets/placed/1320c9d96c1988a5cd.png","assets/ui/button-cream-normal.png","","970","23","89","89","1808","8","970","23","89","89","pause"
"tutorial","처음 만드는 작은 칼","pause-9","assets/placed/bed4183682e250fa39.png","assets/icons/pause.png","","988","33","54","54","1833","9","","","","",""
"tutorial","처음 만드는 작은 칼","label-10","assets/text/689d215fe24dbddf21.png","","아군 HP","80","141","360","42","1737","10","","","","",""
"tutorial","처음 만드는 작은 칼","paw-11","assets/placed/aef7f3d5001a7c49c2.png","assets/icons/paw.png","","20","135","59","59","1726","11","","","","",""
"tutorial","처음 만드는 작은 칼","progress-track-12","assets/placed/014f552c7411b360f0.png","assets/ui/progress-track.png","","35","183","435","45","1692","12","","","","",""
"tutorial","처음 만드는 작은 칼","progress-mint-13","assets/placed/5bd63bc292edd505cc.png","assets/ui/progress-mint.png","","43","190","335","31","1699","13","","","","",""
"tutorial","처음 만드는 작은 칼","label-14","assets/text/d5b7f12891153cc008.png","","40 / 50","35","185","435","40","1695","14","","","","",""
"tutorial","처음 만드는 작은 칼","label-15","assets/text/4f1ffd5543093eff8f.png","","쥐왕 찍찍대제","586","140","420","47","1733","15","","","","",""
"tutorial","처음 만드는 작은 칼","progress-track-16","assets/placed/fedfb24f909e33ba0f.png","assets/ui/progress-track.png","","560","183","491","45","1692","16","","","","",""
"tutorial","처음 만드는 작은 칼","progress-red-17","assets/placed/e287b627010e1fb0f7.png","assets/ui/progress-red.png","","568","190","394","31","1699","17","","","","",""
"tutorial","처음 만드는 작은 칼","label-18","assets/text/afb19fd33cf2bf6d37.png","","12,500 / 15,000","560","185","491","40","1695","18","","","","",""
"tutorial","처음 만드는 작은 칼","shadow-cat-healer-19","assets/placed/003fa76cc1b0ff3ff5.png","assets/ui/ground-shadow.png","","65","499","219","20","1401","19","","","","",""
"tutorial","처음 만드는 작은 칼","cat-healer-19","assets/placed/a6c262b9bbb420425c.png","assets/characters/cat-healer.png","","27","321","225","190","1409","20","","","","",""
"tutorial","처음 만드는 작은 칼","shadow-cat-warrior-20","assets/placed/6fa0ae8de64397551e.png","assets/ui/ground-shadow.png","","299","512","248","20","1388","21","","","","",""
"tutorial","처음 만드는 작은 칼","cat-warrior-20","assets/placed/f59c964931728976e2.png","assets/characters/cat-warrior.png","","255","314","255","209","1397","22","","","","",""
"tutorial","처음 만드는 작은 칼","boss-rat-21","assets/placed/405518ecc742ad4563.png","assets/characters/boss-rat.png","","583","236","353","292","1392","23","","","","",""
"tutorial","처음 만드는 작은 칼","fx-sword","assets/placed/150a65408615c5215f.png","assets/ui/sword-arc.png","","451","328","240","189","1403","24","","","","",""
"tutorial","처음 만드는 작은 칼","fx-heal","assets/placed/4b6070b427d17add1d.png","assets/ui/healing-aura.png","","35","352","283","166","1402","25","","","","",""
"tutorial","처음 만드는 작은 칼","supply-rail-22","assets/placed/ab018bc01114c3aa21.png","assets/ui/supply-rail.png","","25","550","1030","123","1247","26","","","","",""
"tutorial","처음 만드는 작은 칼","panel-cream-23","assets/placed/f7f0d018f5e3a85573.png","assets/ui/panel-cream.png","","28","564","227","89","1267","27","","","","",""
"tutorial","처음 만드는 작은 칼","label-24","assets/text/1b33a164e407beb875.png","","보급 레일","49","585","186","50","1285","28","","","","",""
"tutorial","처음 만드는 작은 칼","item-armor-3-pot-lid-25","assets/placed/5766b2748acc1fb4eb.png","assets/items/item-armor-3-pot-lid.png","","428","564","96","93","1263","29","","","","",""
"tutorial","처음 만드는 작은 칼","panel-mint-26","assets/placed/a826d5d1c75a6674ef.png","assets/ui/panel-mint.png","","823","556","126","119","1245","30","","","","",""
"tutorial","처음 만드는 작은 칼","cat-healer-27","assets/placed/d29b65d49164915e3b.png","assets/characters/cat-healer.png","","837","564","99","96","1260","31","","","","",""
"tutorial","처음 만드는 작은 칼","label-28","assets/text/0169b7a5d17579e631.png","","긴급 보급!","530","579","281","48","1293","32","","","","",""
"tutorial","처음 만드는 작은 칼","panel-cream-29","assets/placed/91a32233242b05bece.png","assets/ui/panel-cream.png","","142","651","796","1061","208","33","","","","",""
"tutorial","처음 만드는 작은 칼","board-cell-30","assets/placed/f328ab890386a91e95.png","assets/ui/board-cell.png","","164","674","144","139","1107","34","","","","",""
"tutorial","처음 만드는 작은 칼","board-cell-31","assets/placed/f328ab890386a91e95.png","assets/ui/board-cell.png","","316","674","144","139","1107","35","","","","",""
"tutorial","처음 만드는 작은 칼","board-cell-32","assets/placed/f328ab890386a91e95.png","assets/ui/board-cell.png","","468","674","144","139","1107","36","","","","",""
"tutorial","처음 만드는 작은 칼","board-cell-33","assets/placed/f328ab890386a91e95.png","assets/ui/board-cell.png","","620","674","144","139","1107","37","","","","",""
"tutorial","처음 만드는 작은 칼","board-cell-34","assets/placed/f328ab890386a91e95.png","assets/ui/board-cell.png","","772","674","144","139","1107","38","","","","",""
"tutorial","처음 만드는 작은 칼","board-cell-35","assets/placed/f328ab890386a91e95.png","assets/ui/board-cell.png","","164","820","144","139","961","39","","","","",""
"tutorial","처음 만드는 작은 칼","board-cell-36","assets/placed/f328ab890386a91e95.png","assets/ui/board-cell.png","","316","820","144","139","961","40","","","","",""
"tutorial","처음 만드는 작은 칼","board-cell-37","assets/placed/f328ab890386a91e95.png","assets/ui/board-cell.png","","468","820","144","139","961","41","","","","",""
"tutorial","처음 만드는 작은 칼","board-cell-38","assets/placed/f328ab890386a91e95.png","assets/ui/board-cell.png","","620","820","144","139","961","42","","","","",""
"tutorial","처음 만드는 작은 칼","board-cell-39","assets/placed/f328ab890386a91e95.png","assets/ui/board-cell.png","","772","820","144","139","961","43","","","","",""
"tutorial","처음 만드는 작은 칼","board-cell-40","assets/placed/f328ab890386a91e95.png","assets/ui/board-cell.png","","164","966","144","139","815","44","","","","",""
"tutorial","처음 만드는 작은 칼","board-cell-41","assets/placed/f328ab890386a91e95.png","assets/ui/board-cell.png","","316","966","144","139","815","45","","","","",""
"tutorial","처음 만드는 작은 칼","board-cell-42","assets/placed/f328ab890386a91e95.png","assets/ui/board-cell.png","","468","966","144","139","815","46","","","","",""
"tutorial","처음 만드는 작은 칼","board-cell-43","assets/placed/f328ab890386a91e95.png","assets/ui/board-cell.png","","620","966","144","139","815","47","","","","",""
"tutorial","처음 만드는 작은 칼","board-cell-44","assets/placed/f328ab890386a91e95.png","assets/ui/board-cell.png","","772","966","144","139","815","48","","","","",""
"tutorial","처음 만드는 작은 칼","board-cell-45","assets/placed/f328ab890386a91e95.png","assets/ui/board-cell.png","","164","1112","144","139","669","49","","","","",""
"tutorial","처음 만드는 작은 칼","board-cell-46","assets/placed/f328ab890386a91e95.png","assets/ui/board-cell.png","","316","1112","144","139","669","50","","","","",""
"tutorial","처음 만드는 작은 칼","merge-selection-16","assets/placed/6adbb91acc75f8850e.png","assets/ui/merge-glow.png","","313","1109","150","145","666","51","","","","",""
"tutorial","처음 만드는 작은 칼","item-weapon-1-twig-47","assets/placed/0ea9d0228ab51630cd.png","assets/items/item-weapon-1-twig.png","","333","1122","110","110","688","52","","","","",""
"tutorial","처음 만드는 작은 칼","label-48","assets/text/942eb176e64416053f.png","","Lv.1","392","1224","60","27","669","53","","","","",""
"tutorial","처음 만드는 작은 칼","board-cell-49","assets/placed/f328ab890386a91e95.png","assets/ui/board-cell.png","","468","1112","144","139","669","54","","","","",""
"tutorial","처음 만드는 작은 칼","merge-selection-17","assets/placed/6adbb91acc75f8850e.png","assets/ui/merge-glow.png","","465","1109","150","145","666","55","","","","",""
"tutorial","처음 만드는 작은 칼","item-weapon-1-twig-50","assets/placed/0ea9d0228ab51630cd.png","assets/items/item-weapon-1-twig.png","","485","1122","110","110","688","56","","","","",""
"tutorial","처음 만드는 작은 칼","label-51","assets/text/942eb176e64416053f.png","","Lv.1","544","1224","60","27","669","57","","","","",""
"tutorial","처음 만드는 작은 칼","board-cell-52","assets/placed/f328ab890386a91e95.png","assets/ui/board-cell.png","","620","1112","144","139","669","58","","","","",""
"tutorial","처음 만드는 작은 칼","board-cell-53","assets/placed/f328ab890386a91e95.png","assets/ui/board-cell.png","","772","1112","144","139","669","59","","","","",""
"tutorial","처음 만드는 작은 칼","board-cell-54","assets/placed/f328ab890386a91e95.png","assets/ui/board-cell.png","","164","1258","144","139","523","60","","","","",""
"tutorial","처음 만드는 작은 칼","board-cell-55","assets/placed/f328ab890386a91e95.png","assets/ui/board-cell.png","","316","1258","144","139","523","61","","","","",""
"tutorial","처음 만드는 작은 칼","board-cell-56","assets/placed/f328ab890386a91e95.png","assets/ui/board-cell.png","","468","1258","144","139","523","62","","","","",""
"tutorial","처음 만드는 작은 칼","board-cell-57","assets/placed/f328ab890386a91e95.png","assets/ui/board-cell.png","","620","1258","144","139","523","63","","","","",""
"tutorial","처음 만드는 작은 칼","board-cell-58","assets/placed/f328ab890386a91e95.png","assets/ui/board-cell.png","","772","1258","144","139","523","64","","","","",""
"tutorial","처음 만드는 작은 칼","board-cell-59","assets/placed/f328ab890386a91e95.png","assets/ui/board-cell.png","","164","1404","144","139","377","65","","","","",""
"tutorial","처음 만드는 작은 칼","board-cell-60","assets/placed/f328ab890386a91e95.png","assets/ui/board-cell.png","","316","1404","144","139","377","66","","","","",""
"tutorial","처음 만드는 작은 칼","board-cell-61","assets/placed/f328ab890386a91e95.png","assets/ui/board-cell.png","","468","1404","144","139","377","67","","","","",""
"tutorial","처음 만드는 작은 칼","board-cell-62","assets/placed/f328ab890386a91e95.png","assets/ui/board-cell.png","","620","1404","144","139","377","68","","","","",""
"tutorial","처음 만드는 작은 칼","board-cell-63","assets/placed/f328ab890386a91e95.png","assets/ui/board-cell.png","","772","1404","144","139","377","69","","","","",""
"tutorial","처음 만드는 작은 칼","board-cell-64","assets/placed/f328ab890386a91e95.png","assets/ui/board-cell.png","","164","1550","144","139","231","70","","","","",""
"tutorial","처음 만드는 작은 칼","board-cell-65","assets/placed/f328ab890386a91e95.png","assets/ui/board-cell.png","","316","1550","144","139","231","71","","","","",""
"tutorial","처음 만드는 작은 칼","board-cell-66","assets/placed/f328ab890386a91e95.png","assets/ui/board-cell.png","","468","1550","144","139","231","72","","","","",""
"tutorial","처음 만드는 작은 칼","board-cell-67","assets/placed/f328ab890386a91e95.png","assets/ui/board-cell.png","","620","1550","144","139","231","73","","","","",""
"tutorial","처음 만드는 작은 칼","board-cell-68","assets/placed/f328ab890386a91e95.png","assets/ui/board-cell.png","","772","1550","144","139","231","74","","","","",""
"tutorial","처음 만드는 작은 칼","shadow-cat-smith-69","assets/placed/e4570f1fa4cf01b456.png","assets/ui/ground-shadow.png","","48","1889","195","31","0","75","","","","",""
"tutorial","처음 만드는 작은 칼","cat-smith-69","assets/placed/ba6a0b55012bca4fa6.png","assets/characters/cat-smith.png","","28","1740","240","170","10","76","","","","",""
"tutorial","처음 만드는 작은 칼","button-yellow-normal-71","assets/placed/bee0560864d93678f2.png","assets/ui/button-yellow-normal.png","","329","1726","386","162","32","77","329","1726","386","162",""
"tutorial","처음 만드는 작은 칼","paw-72","assets/placed/0b4cc5795708778b6a.png","assets/icons/paw.png","","439","1768","54","54","98","78","","","","",""
"tutorial","처음 만드는 작은 칼","label-73","assets/text/3701cfd243326ee4f9.png","","생산","413","1753","288","52","115","79","","","","",""
"tutorial","처음 만드는 작은 칼","label-74","assets/text/cc97827529f91ac397.png","","에너지 1","398","1792","318","44","84","80","","","","",""
"tutorial","처음 만드는 작은 칼","panel-dark-75","assets/placed/2e793b62cec308b316.png","assets/ui/panel-dark.png","","744","1730","307","94","96","81","","","","",""
"tutorial","처음 만드는 작은 칼","energy-76","assets/placed/45cb47516e3a320ea1.png","assets/icons/energy.png","","758","1746","61","62","112","82","","","","",""
"tutorial","처음 만드는 작은 칼","label-77","assets/text/391ca5c652dfaeb6ad.png","","38 / 50","795","1751","205","52","117","83","","","","",""
"tutorial","처음 만드는 작은 칼","progress-track-78","assets/placed/e29e0953de9afb88c9.png","assets/ui/progress-track.png","","754","1796","287","43","81","84","","","","",""
"tutorial","처음 만드는 작은 칼","progress-gold-79","assets/placed/4199658e3dc37d79e4.png","assets/ui/progress-gold.png","","762","1803","195","29","88","85","","","","",""
"tutorial","처음 만드는 작은 칼","label-80","assets/text/d54c8929062de2d6e1.png","","피버","755","1799","287","40","81","86","","","","",""
"tutorial","처음 만드는 작은 칼","tutorial-hand-81","assets/placed/ba122110f192c6ce31.png","assets/ui/tutorial-hand.png","","414","1180","100","120","620","87","","","","",""
"tutorial","처음 만드는 작은 칼","panel-mint-82","assets/placed/6d2455af819eb59711.png","assets/ui/panel-mint.png","","160","246","760","64","1610","88","","","","",""
"tutorial","처음 만드는 작은 칼","label-83","assets/text/b8411064e966e75735.png","","같은 나뭇가지를 합쳐보세요","181","257","718","44","1619","89","","","","",""
"coop-ping","도움 요청 · 스티커","background-1","assets/placed/348bc5b287f1eee990.png","assets/backgrounds/town.png","","0","0","1080","1920","0","0","","","","",""
"coop-ping","도움 요청 · 스티커","resource-bar-3","assets/placed/67b2bb1183ebc40ed1.png","assets/ui/panel-cream.png","","30","28","1020","90","1802","1","","","","",""
"coop-ping","도움 요청 · 스티커","title-bar-4","assets/placed/21cf35d5dcee417b8d.png","assets/ui/panel-cream.png","","30","128","1020","104","1688","2","","","","",""
"coop-ping","도움 요청 · 스티커","icon-energy-5","assets/placed/9fa198e8f4245dbd0f.png","assets/icons/energy.png","","52","43","54","54","1823","3","","","","",""
"coop-ping","도움 요청 · 스티커","text-6","assets/text/4f65a133e0ebec885a.png","","40/50","113","50","195","47","1823","4","","","","",""
"coop-ping","도움 요청 · 스티커","icon-gold-7","assets/placed/0274a23a232ef47921.png","assets/icons/gold.png","","368","43","54","54","1823","5","","","","",""
"coop-ping","도움 요청 · 스티커","text-8","assets/text/ed149040bb71721e2c.png","","12,500","429","50","195","47","1823","6","","","","",""
"coop-ping","도움 요청 · 스티커","icon-gem-9","assets/placed/e238412bd856f270d9.png","assets/icons/gem.png","","684","43","54","54","1823","7","","","","",""
"coop-ping","도움 요청 · 스티커","text-10","assets/text/b710de3b8f0ad3e447.png","","320","745","50","195","47","1823","8","","","","",""
"coop-ping","도움 요청 · 스티커","button-11","assets/placed/a55e725f8d802af4a0.png","assets/ui/button-cream-normal.png","","38","138","76","76","1706","9","10","110","132","132","battle-coop"
"coop-ping","도움 요청 · 스티커","icon-back-12","assets/placed/dc05be2a4b9c6fda0c.png","assets/icons/back.png","","48","141","56","56","1723","10","","","","",""
"coop-ping","도움 요청 · 스티커","text-13","assets/text/16a45f5e772e1b6041.png","","도움 요청 · 스티커","138","143","742","65","1712","11","","","","",""
"coop-ping","도움 요청 · 스티커","button-14","assets/placed/a55e725f8d802af4a0.png","assets/ui/button-cream-normal.png","","958","138","76","76","1706","12","930","110","132","132","settings"
"coop-ping","도움 요청 · 스티커","icon-gear-15","assets/placed/71b09a6dc991d6f600.png","assets/icons/gear.png","","968","141","56","56","1723","13","","","","",""
"coop-ping","도움 요청 · 스티커","panel-16","assets/placed/4a87380d1072e84d35.png","assets/ui/panel-lavender.png","","48","260","984","148","1512","14","","","","",""
"coop-ping","도움 요청 · 스티커","icon-shield-17","assets/placed/fdec97549c9ec1a512.png","assets/icons/shield.png","","72","292","72","72","1556","15","","","","",""
"coop-ping","도움 요청 · 스티커","text-18","assets/text/ba8b5a23b935a1d035.png","","방어구가 필요해요!","168","280","814","51","1589","16","","","","",""
"coop-ping","도움 요청 · 스티커","text-19","assets/text/d506bb1cdffe1bf753.png","","팀원들에게 도움 요청","168","333","834","39","1548","17","","","","",""
"coop-ping","도움 요청 · 스티커","row-hit-20","","","","48","260","984","148","1512","18","48","260","984","148","battle-coop"
"coop-ping","도움 요청 · 스티커","icon-back-21","assets/placed/75eff27796b699b40d.png","assets/icons/back.png","","972","309","34","34","1577","19","","","","",""
"coop-ping","도움 요청 · 스티커","panel-22","assets/placed/c846af0aaaf7a6478b.png","assets/ui/panel-peach.png","","48","430","984","148","1342","20","","","","",""
"coop-ping","도움 요청 · 스티커","icon-heart-23","assets/placed/8406a7ef085f47b4aa.png","assets/icons/heart.png","","72","462","72","72","1386","21","","","","",""
"coop-ping","도움 요청 · 스티커","text-24","assets/text/b99374ba56c3654202.png","","회복 부탁해요!","168","450","814","51","1419","22","","","","",""
"coop-ping","도움 요청 · 스티커","text-25","assets/text/d506bb1cdffe1bf753.png","","팀원들에게 도움 요청","168","503","834","39","1378","23","","","","",""
"coop-ping","도움 요청 · 스티커","row-hit-26","","","","48","430","984","148","1342","24","48","430","984","148","battle-coop"
"coop-ping","도움 요청 · 스티커","icon-back-27","assets/placed/75eff27796b699b40d.png","assets/icons/back.png","","972","479","34","34","1407","25","","","","",""
"coop-ping","도움 요청 · 스티커","panel-28","assets/placed/c846af0aaaf7a6478b.png","assets/ui/panel-peach.png","","48","600","984","148","1172","26","","","","",""
"coop-ping","도움 요청 · 스티커","icon-star-29","assets/placed/dabcc98c00c0b5e5ef.png","assets/icons/star.png","","72","632","72","72","1216","27","","","","",""
"coop-ping","도움 요청 · 스티커","text-30","assets/text/890197a3adb5b0d039.png","","합동 피버 준비!","168","620","814","51","1249","28","","","","",""
"coop-ping","도움 요청 · 스티커","text-31","assets/text/3faea7a9f94000986c.png","","함께 게이지를 채워요","168","673","834","39","1208","29","","","","",""
"coop-ping","도움 요청 · 스티커","row-hit-32","","","","48","600","984","148","1172","30","48","600","984","148","battle-coop"
"coop-ping","도움 요청 · 스티커","icon-back-33","assets/placed/75eff27796b699b40d.png","assets/icons/back.png","","972","649","34","34","1237","31","","","","",""
"coop-ping","도움 요청 · 스티커","panel-34","assets/placed/c8922e860fc6b2a6b3.png","assets/ui/panel-mint.png","","48","770","984","148","1002","32","","","","",""
"coop-ping","도움 요청 · 스티커","icon-cat-35","assets/placed/6a68873531ce746268.png","assets/icons/cat.png","","72","802","72","72","1046","33","","","","",""
"coop-ping","도움 요청 · 스티커","text-36","assets/text/6fdea1a137e9d32298.png","","고마워요, 냥!","168","790","814","51","1079","34","","","","",""
"coop-ping","도움 요청 · 스티커","text-37","assets/text/5238f3d9083589d35b.png","","고양이 스티커 보내기","168","843","834","39","1038","35","","","","",""
"coop-ping","도움 요청 · 스티커","row-hit-38","","","","48","770","984","148","1002","36","48","770","984","148","battle-coop"
"coop-ping","도움 요청 · 스티커","icon-back-39","assets/placed/75eff27796b699b40d.png","assets/icons/back.png","","972","819","34","34","1067","37","","","","",""